<Ui xmlns="http://www.blizzard.com/wow/ui/">
	<Script file="ACP.lua"/>
	<Script file="ATSW.lua"/>
	<Script file="AdiBags.lua"/>
	<Script file="Altoholic.lua"/>
	<Script file="Archy.lua"/>
	<Script file="Arh.lua"/>
	<Script file="ArkInventory.lua"/>
	<Script file="AtlasLoot.lua"/>
	<Script file="Auctionator.lua"/>
	<Script file="Auctioneer.lua"/>
	<Script file="BGDefender.lua"/>
	<Script file="BPT.lua"/>
	<Script file="BigWigs-ElvUI.lua"/>
	<Script file="BigWigs-Tukui.lua"/>
	<Script file="BuyEmAll.lua"/>
	<Script file="CLCInfo.lua"/>
	<Script file="CLCProt.lua"/>
	<Script file="CLCRet.lua"/>
	<Script file="Calendar.lua"/>
	<Script file="ChocolateBar.lua"/>
	<Script file="Clique.lua"/>
	<Script file="DBM.lua"/>
	<Script file="EasyMail.lua"/>
	<Script file="EnergyWatch.lua"/>
	<Script file="ExtVendor.lua"/>
	<Script file="Factionizer.lua"/>
	<Script file="FlightMap.lua"/>
	<Script file="Incoming.lua"/>
	<Script file="KarniCrap.lua"/>
	<Script file="Lightheaded.lua"/>
	<Script file="LootCouncilLite.lua"/>
	<Script file="MRT.lua"/>
	<Script file="MageNuggets.lua"/>
	<Script file="MasterLootManagerRemix.lua"/>
	<Script file="MinimalArchaeology.lua"/>
	<Script file="MiscFixes.lua"/>
	<Script file="MoveAnything.lua"/>
	<Script file="MyRolePlay.lua"/>
	<Script file="Odyssey.lua"/>
	<Script file="Ogri'Lazy.lua"/>
	<Script file="Omen.lua"/>
	<Script file="Outfitter.lua"/>
	<Script file="PoMTracker.lua"/>
	<Script file="Poisoner.lua"/>
	<Script file="Postal.lua"/>
	<Script file="PowerAuras.lua"/>
	<Script file="Quartz.lua"/>
	<Script file="RBS.lua"/>
	<Script file="RaidInviteOrganizer.lua"/>
	<Script file="Recount.lua"/>
	<Script file="Reforgenator.lua"/>
	<Script file="SearingPlasmaTracker.lua"/>
	<Script file="SexyCooldown.lua"/>
	<Script file="Skada.lua"/>
	<Script file="Skillet.lua"/>
	<Script file="SpineCounter.lua"/>
	<Script file="Spy.lua"/>
	<Script file="Swatter.lua"/>
	<Script file="TellMeWhen.lua"/>
	<Script file="TinyDPS.lua"/>
	<Script file="TitanPanel.lua"/>
	<Script file="TradeSkillDW.lua"/>
	<Script file="WeakAuras.lua"/>
	<Script file="Wholly.lua"/>
	<Script file="WowLua.lua"/>
	<Script file="Zygor.lua"/>
</Ui>