﻿<HBProfile creator="Botanist" version="1.0">
	<Name>[QO-N][Solstice][80-82]_ahn'kahet-the-old-kingdom/Name</Name>
   
	<MinLevel>1</MinLevel>
	<MaxLevel>101</MaxLevel>
   
	<MinDurability>-1</MinDurability>
	<MinFreeBagSlots>-1</MinFreeBagSlots>
	
	<MailGrey>False</MailGrey>
	<MailWhite>False</MailWhite>
	<MailGreen>False</MailGreen>
	<MailBlue>False</MailBlue>
	<MailPurple>True</MailPurple>
   
	<SellGrey>True</SellGrey>
	<SellWhite>True</SellWhite>
	<SellGreen>True</SellGreen>
	<SellBlue>True</SellBlue>
	<SellPurple>False</SellPurple>
   
	<TargetElites>True</TargetElites>
	
	<AvoidMobs>		
		<Mob Name="Summon Enabler Stalker" Entry="53488" />
		<Mob Name="Drakkari Guardian" Entry="26620" />
	</AvoidMobs>
	
	<Blackspots>
		<Blackspot X="-295.7177" Y="-744.481" Z="29.66842" Radius="3" />
	</Blackspots>

	<Mailboxes>
	</Mailboxes>
 
	<Vendors>
	</Vendors>
	
	<ProtectedItems>
	</ProtectedItems>

	<Factions>16</Factions>
	
	<QuestOrder>
		<ClearVendor />
		<ClearMailbox />
		
		<!-- Level check -->
		<If Condition="Me.Level &gt;= 80">
		
			<!-- Profile message - You meet the level requirement to run this profile -->
			<CustomBehavior File="Message" 
							Text="You meet the level requirement to run this profile." 
							LogColor="Fuchsia" />
		
		 	<!-- Booster UserSettings -->
			<CustomBehavior File="UserSettings"
							AdvancedSettingsMode="True"
							FindMountAutomatically="True"
							FindVendorsAutomatically="False"
							GroundMountFarmingMode="False"
							HarvestHerbs="False"
							HarvestMinerals="False"
							KillBetweenHotspots="True"
							LogoutForInactivity="False"
							LogoutInactivityUseForceQuit="False"
							LootChests="False"
							LootMobs="True"
							LootRadius="1"
							MountDistance="20"
							MountName=""
							NinjaSkin="False"
							ProfileDebuggingMode="False"
							PullDistance="25"
							RessAtSpiritHealers="False"
							SkinMobs="False"
							UseFlightPaths="True"
							UseMount="True" 
							UseRandomMount="False" />
						
			<!-- Infinite loop -->
			<While Condition="true" >	
			
				<!-- If we are inside Ahn'kahet: The Old Kingdom -->
				<If Condition="Me.ZoneId == 4494" >
				
					<!-- Profile message - Ahn'kahet: The Old Kingdom detected. Running out -->
					<CustomBehavior File="Message" 
									Text="Ahn'kahet: The Old Kingdom detected. Running out."
									LogColor="Fuchsia" />
					
					<!-- Move to - Zone in location -->
					<MoveTo X="335.736" Y="-1108.36" Z="68.5133" />

					<!-- Profile message - Waiting 3 seconds - Bag and durability check -->
					<CustomBehavior File="Message" 
									Text="Waiting 3 seconds - Bag and durability check."  
									LogColor="Orange" />
					
					<!-- Wait timer - wait 3 seconds - delay -->
					<CustomBehavior File="WaitTimer" 
									WaitTime="3000" />
					
					<!-- If we have less then 25 empty bag slots or our durability is less than 30% -->
					<If Condition="(Me.FreeBagSlots &lt;= 25) || (Me.LowestDurabilityPercent &lt;= 0.3)" >
												
						<!-- Load profile - [QO-N][Solstice][58-90][repair-mail] -->
						<CustomBehavior File="LoadProfile" 
										ProfileName="Movement\Vendors\[QO-N][Solstice][58-90][repair-mail]" />

					</If>	<!-- If we have less then 25 empty bag slots or our durability is less than 30% -->

					<!-- Profile message - Waiting 3 seconds - Food check - Briny Hardcheese -->
					<CustomBehavior File="Message" 
									Text="Waiting 3 seconds - Food check - Briny Hardcheese."  
									LogColor="Orange" />
					
					<!-- Wait timer - wait 3 seconds - delay -->
					<CustomBehavior File="WaitTimer" 
									WaitTime="3000" />
									
					<!-- If we don't have Briny Hardcheese -->
					<If Condition="!HasItem(35952)">
			
						<!-- Load profile - [QO-N][Solstice][58-90][repair-mail] -->
						<CustomBehavior File="LoadProfile" 
										ProfileName="Movement\Vendors\[QO-N][Solstice][58-90][repair-mail]" />
			
					</If>	<!-- If we don't have any Briny Hardcheese -->				

					<!-- Wait timer - wait 3 seconds - delay -->
					<CustomBehavior File="WaitTimer" 
									WaitTime="3000" />
														
					<!-- Profile message - All checks complete -->
					<CustomBehavior File="Message" 
									Text="All checks complete."  
									LogColor="Orange" />
					
					<!-- Go through the portal -->
					<CustomBehavior File="Misc\InInstance" 
									X="332.1521" Y="-1111.701" Z="69.75838" />
					
					<!-- Move to - zone out location -->
					<MoveTo X="3641.17" Y="2031.15" Z="2.59325" />	
					
				</If>	<!-- If we are inside Ahn'kahet: The Old Kingdom -->
				
				<!-- If we are not in the Ahn'kahet: The Old Kingdom box, load the movement profile -->
				<If Condition="Me.X &lt; 3632.751 || Me.X &gt; 3655.414 || Me.Y &lt; 2029.809 || Me.Y &gt; 2058.279" >
				
					<!-- Profile message - Distance from portal is not within our proximity, initializing movement to get there -->
					<CustomBehavior File="Message" 
									Text="Distance from portal is not within our proximity, initializing movement to get there."
									LogColor="Fuchsia" />	
									
					<!-- Load profile - [QO-N-M][Solstice][80-82]_ahn'kahet-the-old-kingdom -->				
					<CustomBehavior File="LoadProfile" 
									ProfileName="Movement\[QO-N-M][Solstice][80-82]_ahn'kahet-the-old-kingdom" />
									
				</If>	<!-- If we are not in the Ahn'kahet: The Old Kingdom box, load the movement profile -->
				
				<!-- If we are in the Ahn'kahet: The Old Kingdom instance box -->
				<If Condition="Me.X &gt; 3632.751 &amp;&amp; Me.X &lt; 3655.414 &amp;&amp; Me.Y &gt; 2029.809 &amp;&amp; Me.Y &lt; 2058.279" >
				
					<!-- If our weapon has been Runeforged with Rune of Spellshattering -->
					<If  Condition="Me.HasAura(53362)" >
						
						<!-- Profile message - Our weapon has been Rune-forged -->
						<CustomBehavior File="Message" 
										Text="Our weapon has been Runeforged with Rune of Spellshattering."  
										LogColor="Orange" />
							
						<!-- Else our weapon has not been Runeforged with Rune of Spellshattering -->	
						<Else>

							<!-- Profile message - Our weapon has not been Rune-forged -->
							<CustomBehavior File="Message" 
											Text="Our weapon has not been Runeforged with Rune of Spellshattering."  
											LogColor="Orange" />
											
							<!-- Move to - face away from the portal -->
							<MoveTo X="3648.551" Y="2050.589" Z="1.787638" />				
											
							<!-- Custom behavior - LoadProfile - Components\Movement\Vendors\[QO-N][Solstice][58-90][weapon-enchant] -->				
							<CustomBehavior File="LoadProfile"  
											ProfileName="Movement\Vendors\[QO-N][Solstice][58-90][weapon-enchant]" />				

						</Else>	<!-- Else our weapon has not been Runeforged with Rune of Spellshattering -->
					
					</If>	<!-- If our weapon has been Runeforged with Rune of Spellshattering -->

					<!-- Profile message - Portal detected nearby --> 
					<CustomBehavior File="Message" 
									Text="Portal detected nearby."
									LogColor="Fuchsia" />	
						
					<!-- Profile message - Resetting the instance -->
					<CustomBehavior File="Message" 
									Text="Resetting the instance." 
									LogColor="Fuchsia" />
					
					<!-- Custom behavior - macro - reset the instance -->
					<CustomBehavior File="RunMacro" 
									Macro="/script ResetInstances()" />		
					
					<!-- Custom behavior - macro - set the dungeon difficulty to normal -->
					<CustomBehavior File="RunMacro" 
									Macro="/script SetDungeonDifficultyID(1)" />
					
					<!-- Profile message - The instance has been reset -->
					<CustomBehavior File="Message" 
									Text="The instance has been reset." 
									LogColor="Fuchsia" />	
						
					<!-- While we didn't enter Ahn'kahet: The Old Kingdom -->
					<While Condition="Me.ZoneId != 4494">
					
						<!-- Move to - zone out location -->
						<MoveTo X="3641.17" Y="2031.15" Z="2.59325" />	

						<!-- Move to - attempt to enter the instance -->
						<CustomBehavior File="Misc\InInstance" 
										X="3639.175" Y="2026.747" Z="2.59325" />
										
						<!-- Profile message - Waiting for the dungeon to load -->				
						<CustomBehavior File="Message" 
										Text="Waiting for the dungeon to load." 
										LogColor="Fuchsia" />
									
						<!-- Wait timer - wait 20-40 seconds -->			
						<CustomBehavior File="WaitTimer" 
										WaitTime="20000"
										VariantTime="20000" />
										
						<!-- If we are not in Ahn'kahet: The Old Kingdom -->
						<If Condition="Me.ZoneId != 4494">
						
							<!-- Profile message - We are instance locked, initiating loop procedures until we enter the instance -->
							<CustomBehavior File="Message" 
											Text="We are instance locked, initiating loop procedures until we enter the instance." 
											LogColor="Fuchsia" />
											
						</If>	<!-- If we are not in Ahn'kahet: The Old Kingdom -->
						
					</While>	<!-- While we didn't enter Ahn'kahet: The Old Kingdom -->
					
				</If>	<!-- If we are in the Ahn'kahet: The Old Kingdom instance box -->
				
				<!-- If we are inside Ahn'kahet: The Old Kingdom -->
				<If Condition="Me.ZoneId == 4494">

					<!--Profile message	- Deleting unwanted items from our bags -->				
					<CustomBehavior File="Message" 
									Text="Deleting unwanted items from our bags." 
									LogColor="Orange" />

					<!-- Morning Glory Dew -->
					<CustomBehavior File="DeleteItems" 
									Ids="8766" />
									
					<!-- Major Mana Potion -->				
					<CustomBehavior File="DeleteItems" 
									Ids="13444" />	
									
					<!-- Libram of Voracity -->										
					<CustomBehavior File="DeleteItems" 
									Ids="11737" />
									
					<!-- Libram of Resilience -->
					<CustomBehavior File="DeleteItems" 
									Ids="11736" />	
									
					<!-- Roasted Quail -->
					<CustomBehavior File="DeleteItems" 
									Ids="8952" />	
									
					<!-- Superior Mana Potion -->
					<CustomBehavior File="DeleteItems" 
									Ids="22256" />	
									
					<!-- Mana Potion -->
					<CustomBehavior File="DeleteItems" 
									Ids="26480" />
									
					<!-- Light Feather -->
					<CustomBehavior File="DeleteItems" 
									Ids="17056" />
									
					<!-- Dark Iron Bullet -->
					<CustomBehavior File="DeleteItems" 
									Ids="62916" />	
									
					<!-- Mag'har Grainbread -->
					<CustomBehavior File="DeleteItems" 
									Ids="27855" />
									
					<!-- Homemade Cherry Pie -->
					<CustomBehavior File="DeleteItems" 
									Ids="8950" />
									
					<!-- Smoked Talbuk Venison -->
					<CustomBehavior File="DeleteItems" 
									Ids="27854" />		
							
					<!-- Instance timer -->
					<CustomBehavior File="Misc\InstanceTimer" 
									Timer="Start" />							
								
					<!-- Turn on autolooting -->
					<CustomBehavior File="RunMacro" 
									Macro="/script SetCVar('AutoLootDefault', 1)" 
									NumOfTimes="1" 
									WaitTime="1000" />

					<!-- Profile message - Ahn'kahet: The Old Kingdom initialized -->			
					<CustomBehavior File="Message" 
									Text="Ahn'kahet: The Old Kingdom initialized."  
									LogColor="Fuchsia" />
									
									
					<!-- **************************************************************************************************************************** -->
									
					
					<!-- If we are between level 80-82 -->
					<If Condition="Me.Level &gt;= 80 &amp;&amp; Me.Level &lt; 82">
					
						<!-- @@@@@@@@@@@@@@@@@@@@ 2nd pull @@@@@@@@@@@@@@@@@@@@ -->					

						
						<!-- Profile message - Disabling combat -->
						<CustomBehavior File="Message" 
											Text="Disabling combat." 
											LogColor="Gold" />
						
						<!-- DisableBehavior - Combat -->
						<DisableBehavior Name="Combat" />
						
						<!-- Move to - patrol wait location -->
						<MoveTo X="479.0533" Y="-1016.169" Z="30.35086" />

						<!-- Profile message - Enabling combat -->
						<CustomBehavior File="Message" 
											Text="Enabling combat." 
											LogColor="Gold" />

						<!-- enable combat -->
						<EnableBehavior Name="Combat" />
						
						<!-- Profile message - Waiting 40 seconds to aggro the patrols -->
						<CustomBehavior File="Message" 
										Text="Waiting 40 seconds to aggro the patrols."  
										LogColor="Orange" />
						
						<!-- Wait timer - wait 40 seconds - delay -->
						<CustomBehavior File="WaitTimer" 
										WaitTime="40000" />

										
						<!-- @@@@@@@@@@@@@@@@@@@@ 1st pull @@@@@@@@@@@@@@@@@@@@ -->
							
							
						<!-- Profile message - Disabling combat -->
						<CustomBehavior File="Message" 
											Text="Disabling combat." 
											LogColor="Gold" />
						
						<!-- DisableBehavior - Combat -->
						<DisableBehavior Name="Combat" />	
							
						<!-- Move to - right-hand spiders - pivot location -->
						<MoveTo X="468.003" Y="-1016.081" Z="30.35196" />				
										
						<!-- CTM to - align our target macro -->
						<CustomBehavior File="MyCTM"
										X="478.8846" Y="-1028.182" Z="30.35196" />
							
						<!-- Profile message - Enabling combat -->
						<CustomBehavior File="Message" 
											Text="Enabling combat." 
											LogColor="Gold" />

						<!-- enable combat -->
						<EnableBehavior Name="Combat" />

						<!-- Profile message - Targeting the enemy -->
						<CustomBehavior File="Message" 
										Text="Targeting the enemy."  
										LogColor="Orange" />

						<!-- Clear target -->					
						<CustomBehavior File="RunMacro" 
										Macro="/cleartarget"  
										WaitTime="0"/>

						<!-- Macro - targetenemy -->						
						<CustomBehavior File="RunMacro"
										NumOfTimes="1"
										Macro="/targetenemy [noharm]" />
										
						
				
						<!-- Profile message - Casting Bone Shield -->
						<CustomBehavior File="Message" 
										Text="Casting Bone Shield."  
										LogColor="Orange" />
									
						<!-- Macro - Cast Bone Shield -->
						<CustomBehavior File="RunMacro"
										NumOfTimes="1"
										Macro="/cast Bone Shield" />
	
						<!-- Profile message - Casting Raise Dead -->
						<CustomBehavior File="Message" 
										Text="Casting Raise Dead."  
										LogColor="Orange" />
									
						<!-- Macro - Cast Raise Dead -->
						<CustomBehavior File="RunMacro"
										NumOfTimes="1"
										Macro="/cast Raise Dead" />				
										
						<!-- Profile message - Casting Anti-Magic Shell -->
						<CustomBehavior File="Message" 
										Text="Casting Anti-Magic Shell."  
										LogColor="Orange" />
									
						<!-- Macro - Cast Anti-Magic Shell -->
						<CustomBehavior File="RunMacro"
										NumOfTimes="1"
										Macro="/cast Anti-Magic Shell" />					
	
						<!-- Profile message - Casting Death Grip -->
						<CustomBehavior File="Message" 
										Text="Casting Death Grip."  
										LogColor="Orange" />				
										
						<!-- Cast Death Grip -->
						<CustomBehavior File="RunMacro"
										NumOfTimes="1"
										Macro="/cast Death Grip" />

						<!-- Wait timer - wait 3 seconds - delay -->
						<CustomBehavior File="WaitTimer" 
										WaitTime="3000" />				
										
						<!-- Move to - right-hand spiders - safety -->
						<MoveTo X="499.7058" Y="-1040.075" Z="30.35193" />				

						<!-- Wait timer - wait 3 seconds - delay -->
						<CustomBehavior File="WaitTimer" 
										WaitTime="3000" />

										
					<!-- @@@@@@@@@@@@@@@@@@@@ 2nd pull @@@@@@@@@@@@@@@@@@@@ -->					

											
						<!-- Profile message - Disabling combat -->
						<CustomBehavior File="Message" 
											Text="Disabling combat." 
											LogColor="Gold" />
						
						<!-- DisableBehavior - Combat -->
						<DisableBehavior Name="Combat" />

						<!-- Move to - bottom of the right incline -->
						<MoveTo X="491.9808" Y="-1030.489" Z="30.35871" />
						
						<!-- CTM to - up the incline -->
						<CustomBehavior File="MyCTM" 
										X="501.2187" Y="-1022.118" Z="34.97657" />

						<!-- Wait timer - wait 3 seconds - delay -->
						<CustomBehavior File="WaitTimer" 
										WaitTime="3000" />					
											
						<!-- While condition - while our X < 510 -->			
						<While Condition="Me.X &lt; 510" >
					
							<!-- Profile message - Targeting the patrol, DO NOT TOUCH !!! -->
							<CustomBehavior File="Message" 
											Text="Targeting the patrol, DO NOT TOUCH !!!" 
											LogColor="Orange" />

							<!-- Macro - Clear target -->					
							<CustomBehavior File="RunMacro" 
											Macro="/cleartarget" 
											NumOfTimes="1" 
											WaitTime="0"/>

							<!-- Macro - targetenemy -->						
							<CustomBehavior File="RunMacro"
											NumOfTimes="1"
											Macro="/targetenemy [noharm]" />
							
							<!-- If condition equals true -->
							<If Condition="true">
							
								<!-- If our current target is the Ahn'kahar Spell Flinger -->
								<If Condition="(Me.CurrentTarget != null) &amp;&amp; (Me.CurrentTarget.Entry == 30278)">
								
									<!-- Profile message - My target is the Ahn'kahar Spell Flinger -->
									<CustomBehavior File="Message" 
													Text="My target is Ahn'kahar Spell Flinger, casting Death Grip." 
													LogColor="Fuchsia" />				
				
									<!-- Profile message - Casting Bone Shield -->
									<CustomBehavior File="Message" 
													Text="Casting Bone Shield."  
													LogColor="Orange" />
												
									<!-- Macro - Cast Bone Shield -->
									<CustomBehavior File="RunMacro"
													NumOfTimes="1"
													Macro="/cast Bone Shield" />
				
									<!-- Profile message - Casting Raise Dead -->
									<CustomBehavior File="Message" 
													Text="Casting Raise Dead."  
													LogColor="Orange" />
												
									<!-- Macro - Cast Raise Dead -->
									<CustomBehavior File="RunMacro"
													NumOfTimes="1"
													Macro="/cast Raise Dead" />
				
									<!-- Move to - chase - Ahn'kahar Spell Flinger -->
									<CustomBehavior File="MyCTM"
													X="506.4545" Y="-1017.469" Z="37.96931" />				
													
									<!-- Macro - Cast Death Grip -->
									<CustomBehavior File="RunMacro"
													NumOfTimes="2"
													Macro="/cast Death Grip" />

									<!-- Profile message - Enabling combat -->
									<CustomBehavior File="Message" 
														Text="Enabling combat." 
														LogColor="Gold" />
									
									<!-- EnableBehavior - Combat -->	
									<EnableBehavior Name="Combat" />				
														
									<!-- Wait timer - wait 3 seconds - aggro -->
									<CustomBehavior File="WaitTimer" 
													WaitTime="3000" />
											
									<!-- Move to - patrol - safety -->
									<MoveTo X="528.571" Y="-1006.355" Z="37.9397" />

									<!-- Wait timer - wait 3 - delay -->
									<CustomBehavior File="WaitTimer" 
													WaitTime="3000" />			
									
									<!-- Macro - Clear target -->					
									<CustomBehavior File="RunMacro" 
													Macro="/cleartarget" 
													NumOfTimes="1" 
													WaitTime="0"/>
									
								</If>	<!-- If our current target is the Ahn'kahar Spell Flinger -->	
								
								<!-- If our current target is the Plague Walker -->
								<If Condition="(Me.CurrentTarget != null) &amp;&amp; (Me.CurrentTarget.Entry == 30283)">
								
									<!-- Profile message - My target is the Plague Walker -->
									<CustomBehavior File="Message" 
													Text="My target is Plague Walker, casting Death Grip." 
													LogColor="Fuchsia" />				
				
									<!-- Profile message - Casting Bone Shield -->
									<CustomBehavior File="Message" 
													Text="Casting Bone Shield."  
													LogColor="Orange" />
												
									<!-- Macro - Cast Bone Shield -->
									<CustomBehavior File="RunMacro"
													NumOfTimes="1"
													Macro="/cast Bone Shield" />
				
									<!-- Profile message - Casting Raise Dead -->
									<CustomBehavior File="Message" 
													Text="Casting Raise Dead."  
													LogColor="Orange" />
												
									<!-- Macro - Cast Raise Dead -->
									<CustomBehavior File="RunMacro"
													NumOfTimes="1"
													Macro="/cast Raise Dead" />
				
									<!-- Move to - chase - Plague Walker -->
									<CustomBehavior File="MyCTM"
													X="506.4545" Y="-1017.469" Z="37.96931" />				
													
									<!-- Macro - Cast Death Grip -->
									<CustomBehavior File="RunMacro"
													NumOfTimes="2"
													Macro="/cast Death Grip" />

									<!-- Profile message - Enabling combat -->
									<CustomBehavior File="Message" 
														Text="Enabling combat." 
														LogColor="Gold" />
									
									<!-- EnableBehavior - Combat -->	
									<EnableBehavior Name="Combat" />				
														
									<!-- Wait timer - wait 3 seconds - aggro -->
									<CustomBehavior File="WaitTimer" 
													WaitTime="3000" />
											
									<!-- Move to - patrol - safety -->
									<MoveTo X="528.571" Y="-1006.355" Z="37.9397" />

									<!-- Wait timer - wait 3 - delay -->
									<CustomBehavior File="WaitTimer" 
													WaitTime="3000" />			
									
									<!-- Macro - Clear target -->					
									<CustomBehavior File="RunMacro" 
													Macro="/cleartarget" 
													NumOfTimes="1" 
													WaitTime="0"/>			
									
								</If>	<!-- If our current target is the Plague Walker -->
								
								<!-- If our current target is the Ahn'kahar Slasher -->
								<If Condition="(Me.CurrentTarget != null) &amp;&amp; (Me.CurrentTarget.Entry == 30277)">
								
									<!-- Profile message - My target is the Ahn'kahar Slasher -->
									<CustomBehavior File="Message" 
													Text="My target is Ahn'kahar Slasher, casting Death Grip." 
													LogColor="Fuchsia" />				
				
									<!-- Profile message - Casting Bone Shield -->
									<CustomBehavior File="Message" 
													Text="Casting Bone Shield."  
													LogColor="Orange" />
												
									<!-- Macro - Cast Bone Shield -->
									<CustomBehavior File="RunMacro"
													NumOfTimes="1"
													Macro="/cast Bone Shield" />
				
									<!-- Profile message - Casting Raise Dead -->
									<CustomBehavior File="Message" 
													Text="Casting Raise Dead."  
													LogColor="Orange" />
												
									<!-- Macro - Cast Raise Dead -->
									<CustomBehavior File="RunMacro"
													NumOfTimes="1"
													Macro="/cast Raise Dead" />
				
									<!-- Move to - chase - Ahn'kahar Slasher -->
									<CustomBehavior File="MyCTM"
													X="506.4545" Y="-1017.469" Z="37.96931" />				
													
									<!-- Macro - Cast Death Grip -->
									<CustomBehavior File="RunMacro"
													NumOfTimes="2"
													Macro="/cast Death Grip" />

									<!-- Profile message - Enabling combat -->
									<CustomBehavior File="Message" 
														Text="Enabling combat." 
														LogColor="Gold" />
									
									<!-- EnableBehavior - Combat -->	
									<EnableBehavior Name="Combat" />				
														
									<!-- Wait timer - wait 3 seconds - aggro -->
									<CustomBehavior File="WaitTimer" 
													WaitTime="3000" />
											
									<!-- Move to - patrol - safety -->
									<MoveTo X="528.571" Y="-1006.355" Z="37.9397" />

									<!-- Wait timer - wait 3 - delay -->
									<CustomBehavior File="WaitTimer" 
													WaitTime="3000" />			
									
									<!-- Macro - Clear target -->					
									<CustomBehavior File="RunMacro" 
													Macro="/cleartarget" 
													NumOfTimes="1" 
													WaitTime="0"/>			
									
								</If>	<!-- If our current target is the Ahn'kahar Slasher -->

								<!-- If our current target is the Ahn'kahar Web Winder -->
								<If Condition="(Me.CurrentTarget != null) &amp;&amp; (Me.CurrentTarget.Entry == 30276)">
								
									<!-- Profile message - My target is the Ahn'kahar Web Winder -->
									<CustomBehavior File="Message" 
													Text="My target is Ahn'kahar Web Winder, casting Death Grip." 
													LogColor="Fuchsia" />				
				
									<!-- Profile message - Casting Bone Shield -->
									<CustomBehavior File="Message" 
													Text="Casting Bone Shield."  
													LogColor="Orange" />
												
									<!-- Macro - Cast Bone Shield -->
									<CustomBehavior File="RunMacro"
													NumOfTimes="1"
													Macro="/cast Bone Shield" />
				
									<!-- Profile message - Casting Raise Dead -->
									<CustomBehavior File="Message" 
													Text="Casting Raise Dead."  
													LogColor="Orange" />
												
									<!-- Macro - Cast Raise Dead -->
									<CustomBehavior File="RunMacro"
													NumOfTimes="1"
													Macro="/cast Raise Dead" />
				
									<!-- Move to - chase - Ahn'kahar Web Winder -->
									<CustomBehavior File="MyCTM"
													X="506.4545" Y="-1017.469" Z="37.96931" />				
													
									<!-- Macro - Cast Death Grip -->
									<CustomBehavior File="RunMacro"
													NumOfTimes="2"
													Macro="/cast Death Grip" />

									<!-- Profile message - Enabling combat -->
									<CustomBehavior File="Message" 
														Text="Enabling combat." 
														LogColor="Gold" />
									
									<!-- EnableBehavior - Combat -->	
									<EnableBehavior Name="Combat" />				
														
									<!-- Wait timer - wait 3 seconds - aggro -->
									<CustomBehavior File="WaitTimer" 
													WaitTime="3000" />
											
									<!-- Move to - patrol - safety -->
									<MoveTo X="528.571" Y="-1006.355" Z="37.9397" />

									<!-- Wait timer - wait 3 - delay -->
									<CustomBehavior File="WaitTimer" 
													WaitTime="3000" />			
									
									<!-- Macro - Clear target -->					
									<CustomBehavior File="RunMacro" 
													Macro="/cleartarget" 
													NumOfTimes="1" 
													WaitTime="0"/>			
									
								</If>	<!-- If our current target is the Ahn'kahar Web Winder -->
								
								<!-- If our current target is not the Ahn'kahar Spell Flinger -->
								<Else>
								
									<!-- Profile message - No targets available. Initiating scan sequence. -->
									<CustomBehavior File="Message" 
													Text="No targets available. Initiating scan sequence." 
													LogColor="Yellow" />
														
									<!-- Macro - Clear target -->					
									<CustomBehavior File="RunMacro" 
													Macro="/cleartarget" 
													NumOfTimes="1" 
													WaitTime="0"/>	
									
								</Else>	<!-- If our current target is not the Ahn'kahar Spell Flinger -->	
								
							</If>	<!-- If condition equals true  -->					
												
						</While>	<!-- While condition - while our X < 510 -->
						
						
						<!-- @@@@@@@@@@@@@@@@@@@@ 2nd pull @@@@@@@@@@@@@@@@@@@@ -->
						
						
						<!-- Move to - left-hand spiders - pivot location -->
						<MoveTo X="536.6164" Y="-1009.828" Z="37.93966" />
								
						<!-- Profile message - Waiting 50 seconds for our cool downs to reset -->
						<CustomBehavior File="Message" 
											Text="Waiting 50 seconds for our cool downs to reset." 
											LogColor="Gold" />		
								
						<!-- Profile message - Let's dance -->
						<CustomBehavior File="Message" 
										Text="Let's dance."  
										LogColor="Gold" />
						
						<!-- Macro - Cast Dance -->
						<CustomBehavior File="RunMacro"
										NumOfTimes="1"
										Macro="/dance" />		
								
						<!-- Wait timer - wait 50 seconds - delay -->
						<CustomBehavior File="WaitTimer" 
										WaitTime="50000" />		
								
						<!-- CTM to - align our target macro -->
						<CustomBehavior File="MyCTM"
										X="539.1569" Y="-1000.962" Z="37.93966" />

						<!-- Profile message - Targeting the enemy -->
						<CustomBehavior File="Message" 
										Text="Targeting the enemy."  
										LogColor="Orange" />

						<!-- Clear target -->					
						<CustomBehavior File="RunMacro" 
										Macro="/cleartarget"  
										WaitTime="0"/>

						<!-- Macro - targetenemy -->						
						<CustomBehavior File="RunMacro"
										NumOfTimes="1"
										Macro="/targetenemy [noharm]" />
										
						<!-- Profile message - Casting Bone Shield -->
						<CustomBehavior File="Message" 
										Text="Casting Bone Shield."  
										LogColor="Orange" />
									
						<!-- Macro - Cast Bone Shield -->
						<CustomBehavior File="RunMacro"
										NumOfTimes="1"
										Macro="/cast Bone Shield" />				
										
						<!-- Profile message - Casting Icebound Fortitude -->
						<CustomBehavior File="Message" 
										Text="Casting Icebound Fortitude."  
										LogColor="Orange" />
									
						<!-- Macro - Cast Icebound Fortitude -->
						<CustomBehavior File="RunMacro"
										NumOfTimes="1"
										Macro="/cast Icebound Fortitude" />				
										
						<!-- Profile message - Casting Raise Dead -->
						<CustomBehavior File="Message" 
										Text="Casting Raise Dead."  
										LogColor="Orange" />
									
						<!-- Macro - Cast Raise Dead -->
						<CustomBehavior File="RunMacro"
										NumOfTimes="1"
										Macro="/cast Raise Dead" />				
										
						<!-- Profile message - Disabling combat -->
						<CustomBehavior File="Message" 
											Text="Disabling combat." 
											LogColor="Gold" />
						
						<!-- DisableBehavior - Combat -->
						<DisableBehavior Name="Combat" />				
		
						<!-- Profile message - Casting Death Grip -->
						<CustomBehavior File="Message" 
										Text="Casting Death Grip."  
										LogColor="Orange" />				
										
						<!-- Cast Death Grip -->
						<CustomBehavior File="RunMacro"
										NumOfTimes="1"
										Macro="/cast Death Grip" />

						<!-- Move to - left-hand spiders - kite -->
						<MoveTo X="531.2239" Y="-998.1967" Z="37.93992" />				
										
						<!-- Profile message - Enabling combat -->
						<CustomBehavior File="Message" 
											Text="Enabling combat." 
											LogColor="Gold" />

						<!-- enable combat -->
						<EnableBehavior Name="Combat" />				
										
						<!-- Wait timer - wait 3 seconds - delay -->
						<CustomBehavior File="WaitTimer" 
										WaitTime="3000" />
						
						<!-- Move to - left-hand spiders - safety -->
						<MoveTo X="554.6014" Y="-969.0851" Z="37.93737" />
							
						<!-- Wait timer - wait 3 seconds - delay -->
						<CustomBehavior File="WaitTimer" 
										WaitTime="3000" />
						
						
						<!-- @@@@@@@@@@@@@@@@@@@@ 2nd pull @@@@@@@@@@@@@@@@@@@@ -->
						
						
						<!-- Move to - top of the stairs -->
						<MoveTo X="550.2831" Y="-937.2338" Z="38.14764" />
						
						<!-- Wait timer - wait 5 seconds - delay -->
						<CustomBehavior File="WaitTimer" 
										WaitTime="5000" />
						
						
						<!-- @@@@@@@@@@@@@@@@@@@@ 2nd pull @@@@@@@@@@@@@@@@@@@@ -->
						
								
						<!-- Move to - patrol - wait location -->
						<MoveTo X="563.8876" Y="-912.9471" Z="22.44862" />

						<!-- Profile message - Waiting 85 seconds to aggro the patrol -->
						<CustomBehavior File="Message" 
										Text="Waiting 85 seconds to aggro the patrol."  
										LogColor="Orange" />
										
						<!-- Profile message - Let's dance -->
						<CustomBehavior File="Message" 
										Text="Let's dance."  
										LogColor="Gold" />
						
						<!-- Macro - Cast Dance -->
						<CustomBehavior File="RunMacro"
										NumOfTimes="1"
										Macro="/dance" />				

						<!-- Wait timer - wait 85 seconds - delay -->
						<CustomBehavior File="WaitTimer" 
										WaitTime="85000" />


						<!-- @@@@@@@@@@@@@@@@@@@@ 2nd pull @@@@@@@@@@@@@@@@@@@@ -->
						
						
						<!-- Move to - base of the stairs to cast Army of the Dead -->
						<MoveTo X="539.9066" Y="-916.8932" Z="22.44854" />
						
						<!-- Profile message - Casting Bone Shield -->
						<CustomBehavior File="Message" 
										Text="Casting Bone Shield."  
										LogColor="Orange" />
									
						<!-- Macro - Cast Bone Shield -->
						<CustomBehavior File="RunMacro"
										NumOfTimes="1"
										Macro="/cast Bone Shield" />				
										
						<!-- Profile message - Casting Icebound Fortitude -->
						<CustomBehavior File="Message" 
										Text="Casting Icebound Fortitude."  
										LogColor="Orange" />
									
						<!-- Macro - Cast Icebound Fortitude -->
						<CustomBehavior File="RunMacro"
										NumOfTimes="1"
										Macro="/cast Icebound Fortitude" />				
										
						<!-- Profile message - Casting Raise Dead -->
						<CustomBehavior File="Message" 
										Text="Casting Raise Dead."  
										LogColor="Orange" />
									
						<!-- Macro - Cast Raise Dead -->
						<CustomBehavior File="RunMacro"
										NumOfTimes="1"
										Macro="/cast Raise Dead" />					

						<!-- Profile message - Casting Army of the Dead -->
						<CustomBehavior File="Message" 
										Text="Casting Army of the Dead."  
										LogColor="Orange" />
									
						<!-- Macro - Cast Army of the Dead -->
						<CustomBehavior File="RunMacro"
										NumOfTimes="1"
										Macro="/cast Army of the Dead" />				
										
						<!-- Wait timer - wait 6 seconds - delay -->
						<CustomBehavior File="WaitTimer" 
										WaitTime="6000" />

						<!-- Move to - left-hand spiders after the stairs - pivot location -->
						<MoveTo X="565.3558" Y="-911.3721" Z="22.44852" />

						<!-- CTM to - align our target macro -->
						<CustomBehavior File="MyCTM"
										X="565.3203" Y="-898.2435" Z="22.44852" />

						<!-- Profile message - Targeting the enemy -->
						<CustomBehavior File="Message" 
										Text="Targeting the enemy."  
										LogColor="Orange" />

						<!-- Clear target -->					
						<CustomBehavior File="RunMacro" 
										Macro="/cleartarget"  
										WaitTime="0"/>

						<!-- Macro - targetenemy -->						
						<CustomBehavior File="RunMacro"
										NumOfTimes="1"
										Macro="/targetenemy [noharm]" />

						<!-- Profile message - Disabling combat -->
						<CustomBehavior File="Message" 
											Text="Disabling combat." 
											LogColor="Fuchsia" />

						<!-- Disable combat -->
						<DisableBehavior Name="Combat" />				
		
						<!-- Profile message - Casting Death Grip -->
						<CustomBehavior File="Message" 
										Text="Casting Death Grip."  
										LogColor="Orange" />				
										
						<!-- Cast Death Grip -->
						<CustomBehavior File="RunMacro"
										NumOfTimes="1"
										Macro="/cast Death Grip" />

						<!-- Profile message - Casting Icy Touch -->
						<CustomBehavior File="Message" 
										Text="Casting Icy Touch ."  
										LogColor="Orange" />
									
						<!-- Macro - Cast Icy Touch  -->
						<CustomBehavior File="RunMacro"
										NumOfTimes="1"
										Macro="/cast Icy Touch " />				
										
						<!-- Move to - left-hand spiders after the stairs - kite -->
						<MoveTo X="565.0715" Y="-888.9897" Z="22.69212" />				
										
						<!-- Profile message - Enabling combat -->
						<CustomBehavior File="Message" 
											Text="Enabling combat." 
											LogColor="Gold" />				
										
						<!-- EnableBehavior - Combat -->				
						<EnableBehavior Name="Combat" />				
					
						<!-- Wait timer - wait 3 seconds - delay -->
						<CustomBehavior File="WaitTimer" 
										WaitTime="3000" />				
										
						<!-- Move to - left-hand spiders after the stairs - safety -->
						<MoveTo X="552.0021" Y="-878.9919" Z="22.69202" />				

						<!-- Wait timer - wait 3 seconds - delay -->
						<CustomBehavior File="WaitTimer" 
										WaitTime="3000" />
						
						
						<!-- @@@@@@@@@@@@@@@@@@@@ 2nd pull @@@@@@@@@@@@@@@@@@@@ -->
						
						
						<!-- Move to - right-hand spiders after the stairs - pivot location -->
						<MoveTo X="573.2277" Y="-879.4479" Z="22.69209" />
								
						<!-- Profile message - Waiting 15 seconds -->
						<CustomBehavior File="Message" 
										Text="Waiting 15 seconds."  
										LogColor="Orange" />		

						<!-- Wait timer - wait 15 seconds - delay -->
						<CustomBehavior File="WaitTimer" 
										WaitTime="15000" />		
								
						<!-- CTM to - align our target macro -->
						<CustomBehavior File="MyCTM"
										X="588.0308" Y="-889.627" Z="22.44853" />

						<!-- Profile message - Targeting the enemy -->
						<CustomBehavior File="Message" 
										Text="Targeting the enemy."  
										LogColor="Orange" />

						<!-- Clear target -->					
						<CustomBehavior File="RunMacro" 
										Macro="/cleartarget"  
										WaitTime="0"/>

						<!-- Macro - targetenemy -->						
						<CustomBehavior File="RunMacro"
										NumOfTimes="1"
										Macro="/targetenemy [noharm]" />

						<!-- Profile message - Casting Death Grip -->
						<CustomBehavior File="Message" 
										Text="Casting Death Grip."  
										LogColor="Orange" />				
										
						<!-- Cast Death Grip -->
						<CustomBehavior File="RunMacro"
										NumOfTimes="1"
										Macro="/cast Death Grip" />

						<!-- Wait timer - wait 3 seconds - delay -->
						<CustomBehavior File="WaitTimer" 
										WaitTime="3000" />				
										
						<!-- Move to - right-hand spiders after the stairs -->
						<MoveTo X="613.6383" Y="-901.4377" Z="22.44853" />				

						<!-- Wait timer - wait 3 seconds - delay -->
						<CustomBehavior File="WaitTimer" 
										WaitTime="3000" />
						
						
						<!-- @@@@@@@@@@@@@@@@@@@@ 2nd pull @@@@@@@@@@@@@@@@@@@@ -->
						
						
						<!-- Move to - bottom of the stairs - Plundering Geist -->
						<MoveTo X="666.1554" Y="-829.7664" Z="-3.274381" />				

						<!-- Profile message - Plundering Geist-->
						<CustomBehavior File="Message" 
										Text="Waiting 30 second to aggro the Plundering Geist."  
										LogColor="Orange" />
						
						<!-- Profile message - Let's dance -->
						<CustomBehavior File="Message" 
										Text="Let's dance."  
										LogColor="Gold" />
						
						<!-- Macro - Cast Dance -->
						<CustomBehavior File="RunMacro"
										NumOfTimes="1"
										Macro="/dance" />
						
						<!-- Wait timer - wait 30 seconds - delay -->
						<CustomBehavior File="WaitTimer" 
										WaitTime="30000" />
										
										
										
						<!-- @@@@@@@@@@@@@@@@@@@@ 2nd pull @@@@@@@@@@@@@@@@@@@@ -->
						
						
						<!-- Move to - left-hand group entering the Befouled Terrace - pivot location -->
						<MoveTo X="646.7994" Y="-844.2016" Z="-3.24355" />

						<!-- CTM to - align our target macro -->
						<CustomBehavior File="MyCTM"
										X="637.727" Y="-842.3356" Z="-3.242605" />

						<!-- Profile message - Targeting the enemy -->
						<CustomBehavior File="Message" 
										Text="Targeting the enemy."  
										LogColor="Orange" />

						<!-- Clear target -->					
						<CustomBehavior File="RunMacro" 
										Macro="/cleartarget"  
										WaitTime="0"/>

						<!-- Macro - targetenemy -->						
						<CustomBehavior File="RunMacro"
										NumOfTimes="1"
										Macro="/targetenemy [noharm]" />

						<!-- Profile message - Disabling combat -->
						<CustomBehavior File="Message" 
											Text="Disabling combat." 
											LogColor="Fuchsia" />

						<!-- Disable combat -->
						<DisableBehavior Name="Combat" />				
		
						<!-- Profile message - Casting Death Grip -->
						<CustomBehavior File="Message" 
										Text="Casting Death Grip."  
										LogColor="Orange" />				
										
						<!-- Cast Death Grip -->
						<CustomBehavior File="RunMacro"
										NumOfTimes="1"
										Macro="/cast Death Grip" />

						<!-- Move to - left-hand group entering the Befouled Terrace - kite -->
						<MoveTo X="662.1461" Y="-853.5959" Z="-3.314133" />				
										
						<!-- Profile message - Enabling combat -->
						<CustomBehavior File="Message" 
											Text="Enabling combat." 
											LogColor="Fuchsia" />
						
						<!-- enable combat -->
						<EnableBehavior Name="Combat" />
									
						<!-- Wait timer - wait 3 seconds - delay -->
						<CustomBehavior File="WaitTimer" 
										WaitTime="3000" />				
										
						<!-- Move to - left-hand group entering the Befouled Terrace - safety -->
						<MoveTo X="612.6633" Y="-852.0093" Z="-3.030384" />			
		
						<!-- Wait timer - wait 3 seconds - delay -->
						<CustomBehavior File="WaitTimer" 
										WaitTime="3000" />				
										

						<!-- @@@@@@@@@@@@@@@@@@@@ 2nd pull @@@@@@@@@@@@@@@@@@@@ -->
						

						<!-- Move to - 1st Bonegrinder - pivot position -->
						<MoveTo X="640.8829" Y="-834.375" Z="-3.259415" />
							
						<!-- CTM to - align our target macro -->
						<CustomBehavior File="MyCTM" 
										X="626.4021" Y="-828.605" Z="-2.937357" />
										
						<!-- Profile message - Disabling combat -->
						<CustomBehavior File="Message" 
											Text="Disabling combat." 
											LogColor="Gold" />
						
						<!-- DisableBehavior - Combat -->
						<DisableBehavior Name="Combat" />				
										
						<!-- While condition - while our X < 640 -->			
						<While Condition="Me.X &lt; 640" >
					
							<!-- Profile message - Targeting the Bonegrinder, DO NOT TOUCH !!! -->
							<CustomBehavior File="Message" 
											Text="Targeting the Bonegrinder, DO NOT TOUCH !!!" 
											LogColor="Orange" />

							<!-- Macro - Clear target -->					
							<CustomBehavior File="RunMacro" 
											Macro="/cleartarget" 
											NumOfTimes="1" 
											WaitTime="0"/>

							<!-- Macro - targetenemy -->						
							<CustomBehavior File="RunMacro"
											NumOfTimes="1"
											Macro="/targetenemy [noharm]" />
							
							<!-- If our current target is the Bonegrinder -->
							<If Condition="(Me.CurrentTarget != null) &amp;&amp; (Me.CurrentTarget.Entry == 30284)">
		
								<!-- Profile message - Our target is the Bonegrinder -->
								<CustomBehavior File="Message" 
												Text="Our target is the Bonegrinder." 
												LogColor="Fuchsia" />				
												
								<!-- Profile message - Casting Death Grip -->
								<CustomBehavior File="Message" 
												Text="Casting Death Grip."  
												LogColor="Orange" />
											
								<!-- Macro - Cast Death Grip -->
								<CustomBehavior File="RunMacro"
												NumOfTimes="2"
												Macro="/cast Death Grip" />				

								<!-- Move to - 1st Bonegrinder - kite -->
								<MoveTo X="662.6338" Y="-852.3141" Z="-3.265179" />				
												
								<!-- Profile message - Enabling combat -->
								<CustomBehavior File="Message" 
													Text="Enabling combat." 
													LogColor="Gold" />

								<!-- enable combat -->
								<EnableBehavior Name="Combat" />	
									
								<!-- Wait timer - wait 3 seconds - delay -->
								<CustomBehavior File="WaitTimer" 
												WaitTime="3000" />
												
								<!-- Move to - corner at the base of the stairs to break the while loop -->
								<MoveTo X="662.6338" Y="-852.3141" Z="-3.265179" />				
									
								<!-- Wait timer - wait 3 seconds - aggro -->
								<CustomBehavior File="WaitTimer" 
												WaitTime="3000" />				
									
								<!-- If our current target is not the Bonegrinder -->
								<Else>
								
									<!-- Profile message - No targets available. Initiating scan sequence. -->
									<CustomBehavior File="Message" 
													Text="No targets available. Initiating scan sequence." 
													LogColor="Yellow" />
														
									<!-- Macro - Clear target -->					
									<CustomBehavior File="RunMacro" 
													Macro="/cleartarget" 
													NumOfTimes="1" 
													WaitTime="0"/>	
									
								</Else>	<!-- If our current target is not the Bonegrinder -->
								
							</If>	<!-- If our current target is the Bonegrinder -->																
																	
						</While>	<!-- While condition - while our X < 640 -->

						
						<!-- @@@@@@@@@@@@@@@@@@@@ 2nd pull @@@@@@@@@@@@@@@@@@@@ -->
						
						
						<!-- Move to - 2nd group - left  - Befouled Terrace - pivot location -->
						<MoveTo X="592.0909" Y="-842.5328" Z="-3.272231" />
						
						<!-- CTM to - align our target macro -->
						<CustomBehavior File="MyCTM"
										X="586.3387" Y="-836.6127" Z="-3.272231" />

						<!-- Profile message - Targeting the enemy -->
						<CustomBehavior File="Message" 
										Text="Targeting the enemy."  
										LogColor="Orange" />

						<!-- Clear target -->					
						<CustomBehavior File="RunMacro" 
										Macro="/cleartarget"  
										WaitTime="0"/>

						<!-- Macro - targetenemy -->						
						<CustomBehavior File="RunMacro"
										NumOfTimes="1"
										Macro="/targetenemy [noharm]" />

						<!-- Profile message - Casting Death Grip -->
						<CustomBehavior File="Message" 
										Text="Casting Death Grip."  
										LogColor="Orange" />				
										
						<!-- Cast Death Grip -->
						<CustomBehavior File="RunMacro"
										NumOfTimes="1"
										Macro="/cast Death Grip" />

						<!-- Wait timer - wait 3 seconds - delay -->
						<CustomBehavior File="WaitTimer" 
										WaitTime="3000" />				
										
						<!-- Move to - 2nd group - left  - Befouled Terrace - safety -->
						<MoveTo X="569.2672" Y="-812.8748" Z="-3.272231" />				

						<!-- Wait timer - wait 3 seconds - delay -->
						<CustomBehavior File="WaitTimer" 
										WaitTime="3000" />
						
						
						<!-- @@@@@@@@@@@@@@@@@@@@ 2nd pull @@@@@@@@@@@@@@@@@@@@ -->
						

						<!-- Move to - 2nd Bonegrinder - base of the ramp before Prince Taldaram -->
						<MoveTo X="585.07" Y="-777.0574" Z="-3.272359" />				

						<!-- Profile message - Let's dance -->
						<CustomBehavior File="Message" 
										Text="Let's dance."  
										LogColor="Gold" />
						
						<!-- Macro - Cast Dance -->
						<CustomBehavior File="RunMacro"
										NumOfTimes="1"
										Macro="/dance" />	
						
						<!-- Wait timer - wait 30 seconds - delay -->
						<CustomBehavior File="WaitTimer" 
										WaitTime="30000" />
					
					</If>	<!-- If we are between level 80-82 -->

					
					<!-- ***************************************************************************************************************************** -->
					
					
					<!-- If we are between level 81-82 -->
					<If Condition="Me.Level &gt;= 81 &amp;&amp; Me.Level &lt; 82">

						<!-- @@@@@@@@@@@@@@@@@@@@ 2nd pull @@@@@@@@@@@@@@@@@@@@ -->
						

						<!-- Move to - right-hand Ancient Nerubian Device -->
						<MoveTo X="668.308" Y="-785.5251" Z="14.8781" />
						
						<!-- Profile message - Casting Bone Shield -->
						<CustomBehavior File="Message" 
										Text="Casting Bone Shield."  
										LogColor="Orange" />
									
						<!-- Macro - Cast Bone Shield -->
						<CustomBehavior File="RunMacro"
										NumOfTimes="1"
										Macro="/cast Bone Shield" />
						
						<!-- Profile message - Casting Raise Dead -->
						<CustomBehavior File="Message" 
										Text="Casting Raise Dead."  
										LogColor="Orange" />
									
						<!-- Macro - Cast Raise Dead -->
						<CustomBehavior File="RunMacro"
										NumOfTimes="1"
										Macro="/cast Raise Dead" />
						
						<!-- Move to - right-hand Ancient Nerubian Device - safety -->
						<MoveTo X="698.2401" Y="-783.1341" Z="17.9784" />	

						<!-- Wait timer - wait 3 seconds - delay -->
						<CustomBehavior File="WaitTimer" 
										WaitTime="3000" />
						
						
						<!-- @@@@@@@@@@@@@@@@@@@@ 2nd pull @@@@@@@@@@@@@@@@@@@@ -->
						

						<!-- Move to - left-hand Ancient Nerubian Device -->
						<MoveTo X="638.869" Y="-741.1185" Z="12.44714" />
						
						<!-- Profile message - Casting Bone Shield -->
						<CustomBehavior File="Message" 
										Text="Casting Bone Shield."  
										LogColor="Orange" />
									
						<!-- Macro - Cast Bone Shield -->
						<CustomBehavior File="RunMacro"
										NumOfTimes="1"
										Macro="/cast Bone Shield" />
						
						<!-- Profile message - Casting Raise Dead -->
						<CustomBehavior File="Message" 
										Text="Casting Raise Dead."  
										LogColor="Orange" />
									
						<!-- Macro - Cast Raise Dead -->
						<CustomBehavior File="RunMacro"
										NumOfTimes="1"
										Macro="/cast Raise Dead" />

						<!-- Move to - left-hand Ancient Nerubian Device - safety -->
						<MoveTo X="658.7933" Y="-715.069" Z="17.97829" />	

						<!-- Wait timer - wait 3 seconds - delay -->
						<CustomBehavior File="WaitTimer" 
										WaitTime="3000" />
						

						
						
						
						
						
						
						
						
						
						
						
						
						
						
						
						
						
						
						
						
						
						
						
						
						
						
						
						
						
						
						
						
						
						
						
						
						
						
						
						
						
						
						
						
						
						
						
						
						
						
						
						
						
						<!-- @@@@@@@@@@@@@@@@@@@@ exiting @@@@@@@@@@@@@@@@@@@@ -->
						

						<!-- Profile message - Back-tracking to kill the groups we skipped -->
						<CustomBehavior File="Message" 
										Text="Back-tracking to kill the groups we skipped."  
										LogColor="Orange" />
						
						<!-- Move to - top of the highest stairs - exiting -->
						<MoveTo X="550.9557" Y="-942.295" Z="38.14773" />

						
						<!-- @@@@@@@@@@@@@@@@@@@@ 2nd pull @@@@@@@@@@@@@@@@@@@@ -->
						
						
						<!-- Move to - right-hand group we skipped coming in - pivot position -->
						<MoveTo X="553.5349" Y="-966.3547" Z="37.93837" />
						
						<!-- Profile message - Casting Bone Shield -->
						<CustomBehavior File="Message" 
										Text="Casting Bone Shield."  
										LogColor="Orange" />
									
						<!-- Macro - Cast Bone Shield -->
						<CustomBehavior File="RunMacro"
										NumOfTimes="1"
										Macro="/cast Bone Shield" />
						
						<!-- Profile message - Casting Raise Dead -->
						<CustomBehavior File="Message" 
										Text="Casting Raise Dead."  
										LogColor="Orange" />
									
						<!-- Macro - Cast Raise Dead -->
						<CustomBehavior File="RunMacro"
										NumOfTimes="1"
										Macro="/cast Raise Dead" />
						
						<!-- CTM to - align our target macro -->
						<CustomBehavior File="MyCTM"
										X="556.895" Y="-980.0734" Z="37.93837" />

						<!-- Profile message - Targeting the enemy -->
						<CustomBehavior File="Message" 
										Text="Targeting the enemy."  
										LogColor="Orange" />

						<!-- Clear target -->					
						<CustomBehavior File="RunMacro" 
										Macro="/cleartarget"  
										WaitTime="0"/>

						<!-- Macro - targetenemy -->						
						<CustomBehavior File="RunMacro"
										NumOfTimes="1"
										Macro="/targetenemy [noharm]" />

						<!-- Profile message - Disabling combat -->
						<CustomBehavior File="Message" 
											Text="Disabling combat." 
											LogColor="Fuchsia" />

						<!-- Disable combat -->
						<DisableBehavior Name="Combat" />

						<!-- Profile message - Casting Death Grip -->
						<CustomBehavior File="Message" 
										Text="Casting Death Grip."  
										LogColor="Orange" />				
										
						<!-- Cast Death Grip -->
						<CustomBehavior File="RunMacro"
										NumOfTimes="1"
										Macro="/cast Death Grip" />

						<!-- Move to - right-hand group we skipped coming in - kite -->
						<MoveTo X="528.4683" Y="-970.7869" Z="38.28372" />				
										
						<!-- Profile message - Enabling combat -->
						<CustomBehavior File="Message" 
											Text="Enabling combat." 
											LogColor="Fuchsia" />
						
						<!-- enable combat -->
						<EnableBehavior Name="Combat" />
									
						<!-- Wait timer - wait 3 seconds - delay -->
						<CustomBehavior File="WaitTimer" 
										WaitTime="3000" />

						<!-- Move to - right-hand group we skipped coming in - safety -->
						<MoveTo X="571.1719" Y="-1018.693" Z="37.94636" />	

						<!-- Wait timer - wait 3 seconds - delay -->
						<CustomBehavior File="WaitTimer" 
										WaitTime="3000" />
						

						<!-- @@@@@@@@@@@@@@@@@@@@ 1st pull @@@@@@@@@@@@@@@@@@@@ -->
							
							
						<!-- Profile message - Disabling combat -->
						<CustomBehavior File="Message" 
											Text="Disabling combat." 
											LogColor="Gold" />
						
						<!-- DisableBehavior - Combat -->
						<DisableBehavior Name="Combat" />	
							
						<!-- Move to - left-hand spiders - pivot location -->
						<MoveTo X="468.003" Y="-1016.081" Z="30.35196" />				
										
						<!-- CTM to - align our target macro -->
						<CustomBehavior File="MyCTM"
										X="475.1266" Y="-1000.694" Z="30.35225" />
							
						<!-- Profile message - Enabling combat -->
						<CustomBehavior File="Message" 
											Text="Enabling combat." 
											LogColor="Gold" />

						<!-- enable combat -->
						<EnableBehavior Name="Combat" />	
							
						<!-- Profile message - Casting Bone Shield -->
						<CustomBehavior File="Message" 
										Text="Casting Bone Shield."  
										LogColor="Orange" />
									
						<!-- Macro - Cast Bone Shield -->
						<CustomBehavior File="RunMacro"
										NumOfTimes="1"
										Macro="/cast Bone Shield" />				
										
						<!-- Profile message - Casting Icebound Fortitude -->
						<CustomBehavior File="Message" 
										Text="Casting Icebound Fortitude."  
										LogColor="Orange" />
									
						<!-- Macro - Cast Icebound Fortitude -->
						<CustomBehavior File="RunMacro"
										NumOfTimes="1"
										Macro="/cast Icebound Fortitude" />				
										
						<!-- Profile message - Casting Raise Dead -->
						<CustomBehavior File="Message" 
										Text="Casting Raise Dead."  
										LogColor="Orange" />
									
						<!-- Macro - Cast Raise Dead -->
						<CustomBehavior File="RunMacro"
										NumOfTimes="1"
										Macro="/cast Raise Dead" />	

						<!-- Profile message - Targeting the enemy -->
						<CustomBehavior File="Message" 
										Text="Targeting the enemy."  
										LogColor="Orange" />

						<!-- Clear target -->					
						<CustomBehavior File="RunMacro" 
										Macro="/cleartarget"  
										WaitTime="0"/>

						<!-- Macro - targetenemy -->						
						<CustomBehavior File="RunMacro"
										NumOfTimes="1"
										Macro="/targetenemy [noharm]" />
										
						<!-- Profile message - Casting Death Grip -->
						<CustomBehavior File="Message" 
										Text="Casting Death Grip."  
										LogColor="Orange" />				
										
						<!-- Cast Death Grip -->
						<CustomBehavior File="RunMacro"
										NumOfTimes="1"
										Macro="/cast Death Grip" />

						<!-- Wait timer - wait 3 seconds - delay -->
						<CustomBehavior File="WaitTimer" 
										WaitTime="3000" />				
										
						<!-- Move to - left-hand spiders - safety -->
						<MoveTo X="491.923" Y="-976.6643" Z="30.35203" />				

						<!-- Wait timer - wait 3 seconds - delay -->
						<CustomBehavior File="WaitTimer" 
										WaitTime="3000" />
										
					</If>	<!-- If we are between level 81-82 -->	
			
					<!-- **************************************************************************************************************************** -->				
									

					<!-- Profile message - Casting Death Grip -->
					<CustomBehavior File="Message" 
									Text="Exiting the instance."  
									LogColor="Orange" />
								
					<!-- Move to - Zone in location -->
					<MoveTo X="335.736" Y="-1108.36" Z="68.5133" />			
					
					<!-- If we are high enough to go to the next instance, do so -->
					<CustomBehavior File="Misc\LoadProfileOn" 
									MinLevel="82" 
									ProfileName="[QO-N][Solstice][82-84]_drak'tharon-keep.xml"  />
									
					<!-- Profile message - Waiting 3 seconds - Bag and durability check -->
					<CustomBehavior File="Message" 
									Text="Waiting 3 seconds - Bag and durability check."  
									LogColor="Orange" />
					
					<!-- Wait timer - wait 3 seconds - delay -->
					<CustomBehavior File="WaitTimer" 
									WaitTime="3000" />
					
					<!-- If we have less then 25 empty bag slots or our durability is less than 30% -->
					<If Condition="(Me.FreeBagSlots &lt;= 25) || (Me.LowestDurabilityPercent &lt;= 0.3)" >
												
						<!-- Load profile - [QO-N][Solstice][58-90][repair-mail] -->
						<CustomBehavior File="LoadProfile" 
										ProfileName="Movement\Vendors\[QO-N][Solstice][58-90][repair-mail]" />

					</If>	<!-- If we have less then 25 empty bag slots or our durability is less than 30% -->

					<!-- Profile message - Waiting 3 seconds - Food check - Mead Basted Caribou -->
					<CustomBehavior File="Message" 
									Text="Waiting 3 seconds - Food check - Mead Basted Caribou."  
									LogColor="Orange" />
					
					<!-- Wait timer - wait 3 seconds - delay -->
					<CustomBehavior File="WaitTimer" 
									WaitTime="3000" />
					
					<!-- If we don't have Mead Basted Caribou -->
					<If Condition="!HasItem(35953)">

							<!-- Load profile - [QO-N][Solstice][58-90][repair-mail] -->
							<CustomBehavior File="LoadProfile" 
											ProfileName="Movement\Vendors\[QO-N][Solstice][58-90][repair-mail]" />
			
					</If>	<!-- If we don't have Mead Basted Caribou -->

					<!-- Profile message - Waiting 3 seconds - Mobile Banking check -->
					<CustomBehavior File="Message" 
									Text="Waiting 3 seconds - Mobile Banking check."  
									LogColor="Orange" />
					
					<!-- Wait timer - wait 3 seconds - delay -->
					<CustomBehavior File="WaitTimer" 
									WaitTime="3000" />
					
					<!-- If we are in a level 11 or greater guild -->
					<If Condition="Me.GuildLevel &gt;= 11">
					
						<!-- Profile message - We are in a level 11+ guild -->
						<CustomBehavior File="Message" 
										Text="We are in a level 11+ guild."  
										LogColor="Orange" />
					
						<!-- If we have friendly reputation with our guild -->
						<If Condition="Me.GetReputationLevelWith(1168) &gt;= WoWUnitReaction.Friendly">
						
						
							<!-- If we have spell (83958) - mobile banking -->
							<If Condition="SpellManager.HasSpell(&quot;Mobile Banking&quot;)">
							
								<!-- Load profile - [QO-N][Solstice][58-90][mobile-banking] -->
								<CustomBehavior File="LoadProfile" 
												ProfileName="Movement\Vendors\[QO-N][Solstice][58-90][mobile-banking]" />
								
							</If>	<!-- If we have spell (83958) - mobile banking -->
							
							<!-- If we don't have spell (83958) - mobile banking -->
							<If Condition="SpellManager.!HasSpell(&quot;Mobile Banking&quot;)">
							
								<!-- Profile message - We don't have friendly or greater reputation with our guild. Aborting Mobile Banking procedures -->
								<CustomBehavior File="Message" 
												Text="We don't have friendly or greater reputation with our guild. Aborting Mobile Banking procedures!"  
												LogColor="Red" />
								
							</If>	<!-- If we have spell (83958) - mobile banking -->

						</If>	<!-- If we have friendly reputation with our guild -->
					
						<!-- If we are not in a level 11+ guild -->
						<Else>
						
							<!-- Profile message - We are not in a level 11+ guild -->
							<CustomBehavior File="Message" 
											Text="We are not in a level 11+ guild."  
											LogColor="Red" />
						
						</Else>		<!-- If we are not in a level 11+ guild -->
					
					
					</If>	<!-- If we are in a level 11 or greater guild -->
					
					<!-- Profile message - All checks complete -->
					<CustomBehavior File="Message" 
									Text="All checks complete."  
									LogColor="Orange" />				
									
				</If>	<!-- If we are inside Ahn'kahet: The Old Kingdom -->
				
				<!-- If we don't need to vendor -->
				<If Condition="Me.ZoneId == 4494">
				
					<!-- Profile message - Ahn'kahet: The Old Kingdom detected. Running out to reset -->
					<CustomBehavior File="Message" 
									Text="Ahn'kahet: The Old Kingdom detected. Running out to reset."
									LogColor="Fuchsia" />
				
					<!-- Move to - Zone in location -->
					<MoveTo X="335.736" Y="-1108.36" Z="68.5133" />

					<!-- Go through the portal -->
					<CustomBehavior File="Misc\InInstance" 
									X="332.1521" Y="-1111.701" Z="69.75838" />
					
					<!-- Move to - zone out location -->
					<MoveTo X="3641.17" Y="2031.15" Z="2.59325" />	
					
				</If>	<!-- If we don't need to vendor -->
				
			</While>	 <!-- Infinite loop -->
			
		</If>	<!-- Level check -->

	</QuestOrder>
	
</HBProfile>