﻿<HBProfile creator="Botanist" version="1.0">
	<Name>[QO-N][Solstice][70-72]_mana-tombs</Name>
   
	<MinLevel>1</MinLevel>
	<MaxLevel>101</MaxLevel>
   
	<MinDurability>-1</MinDurability>
	<MinFreeBagSlots>-1</MinFreeBagSlots>
	
	<MailGrey>False</MailGrey>
	<MailWhite>False</MailWhite>
	<MailGreen>False</MailGreen>
	<MailBlue>False</MailBlue>
	<MailPurple>True</MailPurple>
   
	<SellGrey>True</SellGrey>
	<SellWhite>True</SellWhite>
	<SellGreen>True</SellGreen>
	<SellBlue>True</SellBlue>
	<SellPurple>False</SellPurple>
   
	<TargetElites>True</TargetElites>
   
	<TargetElites>True</TargetElites>
	
	<AvoidMobs>
		<Mob Name="Summon Enabler Stalker" Entry="53488" />
	</AvoidMobs>
	
	<Blackspots>
	</Blackspots>

	<Mailboxes>
	</Mailboxes>
 
	<Vendors>
	</Vendors>

	<Factions></Factions>
	
	<ProtectedItems>
		
	</ProtectedItems>
	
	<QuestOrder>
		<ClearVendor />
		<ClearMailbox />
		
		<!-- Level check -->
		<If Condition="Me.Level &gt;= 70">
			<CustomBehavior File="Message" 
							Text="You meet the level requirement to run this profile." 
							LogColor="Fuchsia" />
		
		 	<!-- UserSettings -->
			<CustomBehavior File="UserSettings"
							AdvancedSettingsMode="True"
							FindMountAutomatically="True"
							FindVendorsAutomatically="False"
							GroundMountFarmingMode="False"
							HarvestHerbs="False"
							HarvestMinerals="False"
							KillBetweenHotspots="True"
							LogoutForInactivity="False"
							LogoutInactivityUseForceQuit="False"
							LootChests="False"
							LootMobs="True"
							LootRadius="25"
							MountDistance="20"
							MountName=""
							NinjaSkin="False"
							ProfileDebuggingMode="False"
							PullDistance="10"
							RessAtSpiritHealers="False"
							SkinMobs="False"
							UseFlightPaths="True"
							UseMount="True" 
							UseRandomMount="False" />
						
			<!-- Infinite loop -->
			<While Condition="true" >	
			
				<!-- Mana-Tombs -->
				<If Condition="Me.ZoneId == 3792">
				
					<!-- Profile message - Mana-Tombs detected. Running out -->
					<CustomBehavior File="Message" 
									Text="Mana-Tombs detected. Running out."
									LogColor="Fuchsia" />
					
					<!-- If we are beyond Pandemonius, initiate avoidance procedures while exiting -->
					<If Condition="Me.Y &lt; -140" >
					
						<CustomBehavior File="Message" 
									Text="Pandemonius detected nearby, initiating avoidance procedures."
									LogColor="Fuchsia" />
				
						<!-- Avoid Pandemonius -->
						<RunTo X="-67.27442" Y="-163.4026" Z="-0.95561" />
						<RunTo X="-67.52202" Y="-145.8788" Z="-0.9557137" />
						<CustomBehavior File="RunLikeHell"
										UseCTM="true"
										NumOfTimes="1"
										AllowCombat="false">	
							<Hotspot X="-71.95258" Y="-143.9923" Z="-0.9555455" />
							<Hotspot X="-80.79897" Y="-142.2388" Z="-0.741442" />
							<Hotspot X="-86.38946" Y="-135.9321" Z="-0.9543301" />
							<Hotspot X="-84.13701" Y="-130.9905" Z="-0.8779216" />
							<Hotspot X="-89.4305" Y="-120.7783" Z="2.803637" />
							<Hotspot X="-93.31026" Y="-117.0478" Z="3.557825" />
							<Hotspot X="-102.1714" Y="-107.2164" Z="-0.9432421" />
							<Hotspot X="-101.7527" Y="-98.99216" Z="-0.9435375" />
							<Hotspot X="-68.02106" Y="-50.38025" Z="-0.950399" />
						</CustomBehavior>
						<RunTo X="-68.02106" Y="-50.38025" Z="-0.950399" />
				
					</If>
				
					<!-- Move to - zone in location -->
					<RunTo X="-4.81115" Y="1.00236" Z="-0.954329" />

					<!-- Profile message - Waiting 3 seconds - Bag and durability check -->
					<CustomBehavior File="Message" 
									Text="Waiting 3 seconds - Bag and durability check."  
									LogColor="Orange" />
					
					<!-- Wait timer - wait 3 seconds - delay -->
					<CustomBehavior File="WaitTimer" 
									WaitTime="3000" />
					
					<!-- If we have less then 25 empty bag slots or our durability is less than 30% -->
					<If Condition="(Me.FreeBagSlots &lt;= 25) || (Me.LowestDurabilityPercent &lt;= 0.3)" >
												
						<!-- Load profile - [QO-N][Solstice][58-90][repair-mail] -->
						<CustomBehavior File="LoadProfile" 
										ProfileName="Movement\Vendors\[QO-N][Solstice][58-90][repair-mail]" />

					</If>	<!-- If we have less then 25 empty bag slots or our durability is less than 30% -->

					<!-- Profile message - Waiting 3 seconds - Food check - Clefthoof Ribs or Mag'har Mild Cheese -->
					<CustomBehavior File="Message" 
									Text="Waiting 3 seconds - Food check - Clefthoof Ribs or Mag'har Mild Cheese."  
									LogColor="Orange" />
					
					<!-- Wait timer - wait 3 seconds - delay -->
					<CustomBehavior File="WaitTimer" 
									WaitTime="3000" />
									
					<!-- If we don't have Clefthoof Ribs and don't have Mag'har Mild Cheese -->
					<If Condition="(!HasItem(29451)) &amp;&amp; (!HasItem(29448))" >
			
						<!-- Load profile - [QO-N][Solstice][58-90][repair-mail] -->
						<CustomBehavior File="LoadProfile" 
										ProfileName="Movement\Vendors\[QO-N][Solstice][58-90][repair-mail]" />
			
					</If>	<!-- If we don't have Clefthoof Ribs and don't have Mag'har Mild Cheese -->
					
					<!-- Wait timer - wait 3 seconds - delay -->
					<CustomBehavior File="WaitTimer" 
									WaitTime="3000" />
														
					<!-- Profile message - All checks complete -->
					<CustomBehavior File="Message" 
									Text="All checks complete."  
									LogColor="Orange" />
					
					<!-- Go through the portal -->
					<CustomBehavior File="Misc\InInstance" X="7.24442" Y="1.005781" Z="-0.954329" />
					
					<!-- Move to - zone out location -->
					<RunTo X="-3086.51" Y="4942.43" Z="-101.047" />

				</If> <!-- Mana-Tombs-->
				
				<!-- If we are not in the Mana Tombs instance box, load the movement profile -->
				<If Condition="Me.X &lt; -3106 || Me.X &gt; -3066 || Me.Y &lt; 4922 || Me.Y &gt; 4962" >
				
					<!-- Profile message - Distance from portal is not within our proximity, initializing movement to get there -->
					<CustomBehavior File="Message" 
									Text="Distance from portal is not within our proximity, initializing movement to get there."
									LogColor="Fuchsia" />	
									
					<!-- Load profile - [QO-N-M][Solstice][70-72]_mana-tombs -->					
					<CustomBehavior File="LoadProfile" 
									ProfileName="Movement\[QO-N-M][Solstice][70-72]_mana-tombs" />
									
				</If>	<!-- If we are not in the Mana Tombs instance box, load the movement profile -->
				
				<!-- If we are in the instance  box -->
				<If Condition="Me.X &gt; -3106 &amp;&amp; Me.X &lt; -3066 &amp;&amp; Me.Y &gt; 4922 &amp;&amp; Me.Y &lt; 4962" >
				
					<!-- If our weapon has been Runeforged with Rune of Spellshattering -->
					<If  Condition="Me.HasAura(53362)" >
						
						<!-- Profile message - Our weapon has been Rune-forged -->
						<CustomBehavior File="Message" 
										Text="Our weapon has been Runeforged with Rune of Spellshattering."  
										LogColor="Orange" />
							
						<!-- Else our weapon has not been Runeforged with Rune of Spellshattering -->	
						<Else>

							<!-- Profile message - Our weapon has not been Rune-forged -->
							<CustomBehavior File="Message" 
											Text="Our weapon has not been Runeforged with Rune of Spellshattering."  
											LogColor="Orange" />
											
							<!-- Move to - face away from the instance portal to cast Death Gate -->
							<CustomBehavior File="NoCombatMoveTo"				
											X="-3101.921" Y="4944.11" Z="-101.3689" />
	
							<!-- Custom behavior - LoadProfile - Components\Movement\Vendors\[QO-N][Solstice][58-90][weapon-enchant] -->				
							<CustomBehavior File="LoadProfile"  
												ProfileName="Movement\Vendors\[QO-N][Solstice][58-90][weapon-enchant]" />				

						</Else>	<!-- Else our weapon has not been Runeforged with Rune of Spellshattering -->
					
					</If>	<!-- If our weapon has been Runeforged with Rune of Spellshattering -->
				
					<!-- Profile message - Portal detected nearby -->
					<CustomBehavior File="Message" 
									Text="Portal detected nearby."
									LogColor="Fuchsia" />	
						
					<!-- Profile message - Resetting the instance -->
					<CustomBehavior File="Message" 
									Text="Resetting the instance." 
									LogColor="Fuchsia" />
					
					<!-- Custom behavior - macro - reset the instance -->
					<CustomBehavior File="RunMacro" 
									Macro="/script ResetInstances()" />
					
					<!-- Custom behavior - macro - set the dungeon difficulty to normal -->
					<CustomBehavior File="RunMacro" 
									Macro="/script SetDungeonDifficultyID(1)" />
					
					<!-- Profile message - The instance has been reset -->
					<CustomBehavior File="Message" 
									Text="The instance has been reset." 
									LogColor="Fuchsia" />	
									
					<!-- While we have not entered Mana Tombs -->
					<While Condition="Me.ZoneId != 3792">
					
						<!-- Move to - zone out location-->
						<RunTo X="-3086.51" Y="4942.43" Z="-101.047" />

						<!-- Move to - attempt to enter the instance -->
						<CustomBehavior File="Misc\InInstance" 
										X="-3071.099" Y="4943.003" Z="-101.047" /> 
										
						<!-- Profile message - Waiting for the dungeon to load -->				
						<CustomBehavior File="Message" 
										Text="Waiting for the dungeon to load." 
										LogColor="Fuchsia" />
									
						<!-- Wait timer - wait 20-40 seconds -->			
						<CustomBehavior File="WaitTimer" 
										WaitTime="20000"
										VariantTime="20000" />
										
						<!-- If we are not in Mana Tombs -->
						<If Condition="Me.ZoneId != 3792">
						
							<!-- Profile message - We are instance locked, initiating loop procedures until we enter the instance -->
							<CustomBehavior File="Message" 
											Text="We are instance locked, initiating loop procedures until we enter the instance." 
											LogColor="Fuchsia" />
											
						</If>	<!-- If we are not in Mana Tombs -->
						
					</While>	<!-- While we have not entered Mana Tombs -->
					
				</If>	<!-- If we are in the Mana Tombs instance box -->
				
				<!-- If we are inside Mana-Tombs -->
				<If Condition="Me.ZoneId == 3792">
									
					<!-- Move to - zone in location -->
					<RunTo X="-4.81115" Y="1.00236" Z="-0.954329" />
									
					<!--Profile message	- Deleting unwanted items from our bags -->				
					<CustomBehavior File="Message" 
									Text="Deleting unwanted items from our bags." 
									LogColor="Orange" />

					<!-- Morning Glory Dew -->
					<CustomBehavior File="DeleteItems" 
									Ids="8766" />
									
					<!-- Major Mana Potion -->				
					<CustomBehavior File="DeleteItems" 
									Ids="13444" />	
									
					<!-- Libram of Voracity -->										
					<CustomBehavior File="DeleteItems" 
									Ids="11737" />
									
					<!-- Libram of Resilience -->
					<CustomBehavior File="DeleteItems" 
									Ids="11736" />	
									
					<!-- Roasted Quail -->
					<CustomBehavior File="DeleteItems" 
									Ids="8952" />	
									
					<!-- Superior Mana Potion -->
					<CustomBehavior File="DeleteItems" 
									Ids="22256" />	
									
					<!-- Mana Potion -->
					<CustomBehavior File="DeleteItems" 
									Ids="26480" />
									
					<!-- Light Feather -->
					<CustomBehavior File="DeleteItems" 
									Ids="17056" />
									
					<!-- Dark Iron Bullet -->
					<CustomBehavior File="DeleteItems" 
									Ids="62916" />	
									
					<!-- Mag'har Grainbread -->
					<CustomBehavior File="DeleteItems" 
									Ids="27855" />
									
					<!-- Homemade Cherry Pie -->
					<CustomBehavior File="DeleteItems" 
									Ids="8950" />
									
					<!-- Smoked Talbuk Venison -->
					<CustomBehavior File="DeleteItems" 
									Ids="27854" />	

					<!-- Instance timer -->
					<CustomBehavior File="Misc\InstanceTimer" 
									Timer="Start" />							
							
					<!-- Custom behavior - macro - turn on auto-looting -->
					<CustomBehavior File="RunMacro" 
									Macro="/script SetCVar('AutoLootDefault', 1)" 
									NumOfTimes="1" 
									WaitTime="1000" />
							
					<!-- Profile message - Mana-Tombs initialized -->		
					<CustomBehavior File="Message" 
									Text="Mana-Tombs initialized."  
									LogColor="Fuchsia" />
					
					<!-- UserSettings -->
					<CustomBehavior File="UserSettings"
									PullDistance="1" />
					
					
					<!-- @@@@@@@@@@@@@@@@@@@@ 1st pull @@@@@@@@@@@@@@@@@@@@ -->
					
					
					<!-- Move to - 1st set of patrols before the Ravaged Crypt -->
					<RunTo X="-29.67229" Y="5.789935" Z="-0.954329" />
					
					<!-- Wait timer -wait 45 seconds to aggro the patrols -->
					<CustomBehavior File="WaitTimer" 
										WaitTime="45000" />
									
									
					<!-- @@@@@@@@@@@@@@@@@@@@ 2nd pull @@@@@@@@@@@@@@@@@@@@ -->
									
									
					<!-- Move to - 1st group after the patrols - pivot position -->
					<CustomBehavior File="NoCombatMoveTo"
									X="-18.08579" Y="1.075612" Z="-0.954329" />

					<!-- Move to - align our target macro -->
					<CustomBehavior File="NoCombatMoveTo" 
									X="-31.29247" Y="4.175947" Z="-0.954329" />

					<!-- Profile message - Targeting the enemy -->
					<CustomBehavior File="Message" 
									Text="Targeting the enemy."  
									LogColor="Orange" />
	
					<!-- Macro - Clear target -->					
					<CustomBehavior File="RunMacro" 
									Macro="/cleartarget" 
									NumOfTimes="1" 
									WaitTime="0"/>
	
					<!-- Macro - targetenemy -->						
					<CustomBehavior File="RunMacro"
									NumOfTimes="1"
									Macro="/targetenemy [noharm]" />
					
					<!-- Profile message - Casting Death Grip -->
					<CustomBehavior File="Message" 
									Text="Casting Death Grip."  
									LogColor="Orange" />

					<!-- Macro - Cast Death Grip -->
					<CustomBehavior File="RunMacro"
									NumOfTimes="2"
									Macro="/cast Death Grip" />
							
					<!-- Wait timer - wait 3 seconds - aggro -->
					<CustomBehavior File="WaitTimer" 
									WaitTime="3000" />		
											
					<!-- Move to - 1st group after the patrols  - safety -->			
					<RunTo X="-53.5248" Y="3.316197" Z="-0.9448817" />

					<!-- Profile message - Waiting 3 seconds - safety -->
					<CustomBehavior File="Message" 
									Text="Waiting 3 seconds - safety."  
									LogColor="Orange" />				
																	
					<!-- Wait timer - wait 3 seconds to aggro the patrol -->
					<CustomBehavior File="WaitTimer" 
									WaitTime="3000" />				
									
									
					<!-- @@@@@@@@@@@@@@@@@@@@ 3rd pull @@@@@@@@@@@@@@@@@@@@ -->
									
									
					<!-- Move to - 2nd group after the patrols - pivot location-->
					<CustomBehavior File="NoCombatMoveTo"
									X="-66.31602" Y="-8.366884" Z="-0.9499154" />

					<!-- Move to - align our target macro -->
					<CustomBehavior File="NoCombatMoveTo" 
									X="-68.62607" Y="-16.52856" Z="-0.9459178" />

					<!-- Profile message - Targeting the enemy -->
					<CustomBehavior File="Message" 
									Text="Targeting the enemy."  
									LogColor="Orange" />
	
					<!-- Macro - Clear target -->					
					<CustomBehavior File="RunMacro" 
									Macro="/cleartarget" 
									NumOfTimes="1" 
									WaitTime="0"/>
	
					<!-- Macro - targetenemy -->						
					<CustomBehavior File="RunMacro"
									NumOfTimes="1"
									Macro="/targetenemy [noharm]" />
					
					<!-- Profile message - Casting Death Grip -->
					<CustomBehavior File="Message" 
									Text="Casting Death Grip."  
									LogColor="Orange" />

					<!-- Macro - Cast Death Grip -->
					<CustomBehavior File="RunMacro"
									NumOfTimes="1"
									Macro="/cast Death Grip" />
							
					<!-- Wait timer - wait 3 seconds - aggro -->
					<CustomBehavior File="WaitTimer" 
									WaitTime="3000" />		
											
					<!-- Move to - door guards inside the Ravaged Crypt  - safety -->			
					<RunTo X="-67.66997" Y="-27.0475" Z="-0.9531053" />

					<!-- Profile message - Waiting 3 seconds - safety -->
					<CustomBehavior File="Message" 
									Text="Waiting 3 seconds - safety."  
									LogColor="Orange" />				
																	
					<!-- Wait timer - wait 3 seconds to aggro the patrol -->
					<CustomBehavior File="WaitTimer" 
									WaitTime="3000" />
									
									
					<!-- @@@@@@@@@@@@@@@@@@@@ 4th pull @@@@@@@@@@@@@@@@@@@@ -->
									
											
					<!-- Move to - door guards inside the Ravaged Crypt - pivot position -->
					<CustomBehavior File="NoCombatMoveTo"
									X="-67.66997" Y="-27.0475" Z="-0.9531053" />

					<!-- Move to - align our target macro -->
					<CustomBehavior File="NoCombatMoveTo" 
									X="-67.70254" Y="-35.09411" Z="-0.9531053" />

					<!-- Profile message - Targeting the enemy -->
					<CustomBehavior File="Message" 
									Text="Targeting the enemy."  
									LogColor="Orange" />
	
					<!-- Macro - Clear target -->					
					<CustomBehavior File="RunMacro" 
									Macro="/cleartarget" 
									NumOfTimes="1" 
									WaitTime="0"/>
	
					<!-- Macro - targetenemy -->						
					<CustomBehavior File="RunMacro"
									NumOfTimes="1"
									Macro="/targetenemy [noharm]" />
					
					<!-- Profile message - Casting Death Grip -->
					<CustomBehavior File="Message" 
									Text="Casting Death Grip."  
									LogColor="Orange" />

					<!-- Macro - Cast Death Grip -->
					<CustomBehavior File="RunMacro"
									NumOfTimes="1"
									Macro="/cast Death Grip" />
							
					<!-- Wait timer - wait 3 seconds - aggro -->
					<CustomBehavior File="WaitTimer" 
									WaitTime="3000" />		
											
					<!-- Move to - door guards inside the Ravaged Crypt  - safety -->			
					<RunTo X="-63.65607" Y="-60.97813" Z="-0.1669045" />

					<!-- Profile message - Waiting 3 seconds - safety -->
					<CustomBehavior File="Message" 
									Text="Waiting 3 seconds - safety."  
									LogColor="Orange" />				
																	
					<!-- Wait timer - wait 3 seconds to aggro the patrol -->
					<CustomBehavior File="WaitTimer" 
									WaitTime="3000" />
									
									
					<!-- @@@@@@@@@@@@@@@@@@@@ 5th pull @@@@@@@@@@@@@@@@@@@@ -->
									
													
					<!-- Move to - right-hand group past the door - pivot position -->
					<CustomBehavior File="NoCombatMoveTo"
									X="-57.7682" Y="-59.5848" Z="-0.7080875" />

					<!-- Move to - align our target macro -->
					<CustomBehavior File="NoCombatMoveTo" 
									X="-67.96457" Y="-56.72738" Z="-0.8755833" />

					<!-- Profile message - Targeting the enemy -->
					<CustomBehavior File="Message" 
									Text="Targeting the enemy."  
									LogColor="Orange" />
	
					<!-- Macro - Clear target -->					
					<CustomBehavior File="RunMacro" 
									Macro="/cleartarget" 
									NumOfTimes="1" 
									WaitTime="0"/>
	
					<!-- Macro - targetenemy -->						
					<CustomBehavior File="RunMacro"
									NumOfTimes="1"
									Macro="/targetenemy [noharm]" />
					
					<!-- Profile message - Casting Death Grip -->
					<CustomBehavior File="Message" 
									Text="Casting Death Grip."  
									LogColor="Orange" />

					<!-- Macro - Cast Death Grip -->
					<CustomBehavior File="RunMacro"
									NumOfTimes="1"
									Macro="/cast Death Grip" />
							
					<!-- Wait timer - wait 3 seconds - aggro -->
					<CustomBehavior File="WaitTimer" 
									WaitTime="3000" />		
															
					<!-- Move to - right-hand group past the door - safety -->
					<RunTo X="-88.6855" Y="-61.88292" Z="-2.010976" />
									
					<!-- Profile message - Waiting 3 seconds - safety -->
					<CustomBehavior File="Message" 
									Text="Waiting 3 seconds - safety."  
									LogColor="Orange" />				
									
					<!-- Wait timer - Waiting 3 seconds - safety -->
					<CustomBehavior File="WaitTimer" 
									WaitTime="3000" />												
			
			
					<!-- @@@@@@@@@@@@@@@@@@@@ 6th pull @@@@@@@@@@@@@@@@@@@@ -->
									

					<!-- Move to - right-hand group  - pivot position -->
					<CustomBehavior File="NoCombatMoveTo"
									X="-98.84916" Y="-72.45184" Z="-1.100772" />

					<!-- Move to - align our target macro -->
					<CustomBehavior File="NoCombatMoveTo" 
									X="-100.264" Y="-76.52891" Z="-1.169836" />

					<!-- Profile message - Targeting the enemy -->
					<CustomBehavior File="Message" 
									Text="Targeting the enemy."  
									LogColor="Orange" />
	
					<!-- Macro - Clear target -->					
					<CustomBehavior File="RunMacro" 
									Macro="/cleartarget" 
									NumOfTimes="1" 
									WaitTime="0"/>
	
					<!-- Macro - targetenemy -->						
					<CustomBehavior File="RunMacro"
									NumOfTimes="1"
									Macro="/targetenemy [noharm]" />
					
					<!-- Profile message - Casting Death Grip -->
					<CustomBehavior File="Message" 
									Text="Casting Death Grip."  
									LogColor="Orange" />

					<!-- Macro - Cast Death Grip -->
					<CustomBehavior File="RunMacro"
									NumOfTimes="1"
									Macro="/cast Death Grip" />
							
					<!-- Wait timer - wait 3 seconds - aggro -->
					<CustomBehavior File="WaitTimer" 
									WaitTime="3000" />		
															
					<!-- Move to - right-hand group - safety -->
					<RunTo X="-107.9637" Y="-98.31393" Z="-0.6388634" />
									
					<!-- Profile message - Waiting 3 seconds - safety -->
					<CustomBehavior File="Message" 
									Text="Waiting 3 seconds - safety."  
									LogColor="Orange" />				
									
					<!-- Wait timer - Waiting 3 seconds - safety -->
					<CustomBehavior File="WaitTimer" 
									WaitTime="3000" />							
					
					
					<!-- @@@@@@@@@@@@@@@@@@@@ 7th pull @@@@@@@@@@@@@@@@@@@@ -->
					

					<!-- Move to - patrol wait location -->
					<CustomBehavior File="NoCombatMoveTo"
									X="-87.03682" Y="-90.21184" Z="-1.981823" />

					<!-- Profile message - Waiting 50 seconds - safety -->
					<CustomBehavior File="Message" 
									Text="Waiting 50 seconds - safety."  
									LogColor="Orange" />				
									
					<!-- Wait timer - Waiting 50 seconds - safety -->
					<CustomBehavior File="WaitTimer" 
									WaitTime="50000" />
			

					<!-- @@@@@@@@@@@@@@@@@@@@ 7th pull @@@@@@@@@@@@@@@@@@@@ -->
									
								
					<!-- Move to - front-right-hand corner - avoid Pandemonius  -->
					<RunTo X="-103.8259" Y="-70.82696" Z="-1.096984" />
								
					<!-- Move to - door entering the Ravaged Crypt - avoids Pandemonius  -->
					<RunTo X="-67.32658" Y="-55.38871" Z="-0.7628949" />				
									
					<!-- Move to - left-hand group past the door -->
					<RunTo X="-44.70053" Y="-86.60076" Z="-2.201413" />
					
					<!-- Profile message - Waiting 3 seconds - safety -->
					<CustomBehavior File="Message" 
									Text="Waiting 3 seconds - safety."  
									LogColor="Orange" />				
									
					<!-- Wait timer - Waiting 3 seconds - safety -->
					<CustomBehavior File="WaitTimer" 
									WaitTime="3000" />
	
					<!-- If we are between levels 70-71 -->			
					<If Condition="Me.Level &gt;= 70 &amp;&amp; Me.Level &lt; 72">
					
						<!-- Profile message - We are currently between level 70-71. Default Blood DK's using Singular as the combat routine should be averaging about XXXXXX K XP/hr -->
						<CustomBehavior File="Message" 
										Text="We are currently between level 70-72. Default Blood DK's using Singular as the combat routine should be averaging about XXXXXX K XP/hr."  
										LogColor="Gold" />

						<!-- Profile message - Exiting the instance -->	
						<CustomBehavior File="Message" 
										Text="Exiting the instance."  
										LogColor="Fuchsia" />				
												
					</If>
	
					<!-- If we our level > 70 and <= 72 -->
					<If Condition="Me.Level &gt;= 71 &amp;&amp; Me.Level &lt;= 72">

						<!-- @@@@@@@@@@@@@@@@@@@@ 6th pull @@@@@@@@@@@@@@@@@@@@ -->
										

						<!-- Move to - door entering the Ravaged Crypt - avoids Pandemonius  -->
						<RunTo X="-67.32658" Y="-55.38871" Z="-0.7628949" />
						
						<!-- Move to - front-right-hand corner - avoids Pandemonius  -->
						<RunTo X="-103.8259" Y="-70.82696" Z="-1.096984" />
						
						<!-- Move to - bottom of the right-hand mound - avoids Pandemonius-->
						<RunTo X="-101.2265" Y="-109.7474" Z="-0.9543676" />
						
						<!-- Custom behavior - RunLikeHell - avoids Pandemonius -->
						<CustomBehavior File="RunLikeHell"
										UseCTM="true"
										NumOfTimes="1"
										AllowCombat="false">	
							<Hotspot X="-93.66241" Y="-115.8748" Z="2.904675" />
							<Hotspot X="-92.56373" Y="-129.1465" Z="6.473406" />
							<Hotspot X="-80.62904" Y="-141.1207" Z="-0.9543301" />
							<Hotspot X="-77.44732" Y="-143.1261" Z="-0.9543301" />
							<Hotspot X="-74.4333" Y="-144.3607" Z="-0.9543301" />
							<Hotspot X="-67.52202" Y="-145.8788" Z="-0.9557137" />
						</CustomBehavior>
						<RunTo X="-67.52202" Y="-145.8788" Z="-0.9557137" />

						<!-- Move to - 1st door guards - after Pandemonius -->
						<CustomBehavior File="NoCombatMoveTo" 
										X="-67.52202" Y="-145.8788" Z="-0.9557137" />

						<!-- Profile message - Disabling combat -->
						<CustomBehavior File="Message" 
											Text="Disabling combat." 
											LogColor="Fuchsia" />

						<!-- Disable combat -->
						<DisableBehavior Name="Combat" />				
						
						<!-- Move to - 1st door guards - after Pandemonius -->
						<CustomBehavior File="NoCombatMoveTo"
										X="-67.66989" Y="-163.4844" Z="-0.9543216" />
						
						<!-- Move to - kite - 1st door guards - after Pandemonius -->
						<CustomBehavior File="NoCombatMoveTo"
										X="-73.58752" Y="-149.9714" Z="-0.9542195" />

						<!-- Profile message - Enabling combat -->
						<CustomBehavior File="Message" 
											Text="Enabling combat." 
											LogColor="Fuchsia" />
						
						<!-- enable combat -->
						<EnableBehavior Name="Combat" />		

						<!-- Profile message - Enabling combat -->
						<CustomBehavior File="Message" 
											Text="Waiting 80 seconds for all our cool downs to reset." 
											LogColor="Fuchsia" />
						
						<!-- Wait timer - wait 80 seconds - recover cool downs -->
						<CustomBehavior File="WaitTimer" 
										WaitTime="80000" />														
										
										
						<!-- @@@@@@@@@@@@@@@@@@@@ 7th pull @@@@@@@@@@@@@@@@@@@@ -->
										
										
						<!-- Move to - 2nd door guards - leaving Ravaged Crypt - pivot position -->
						<CustomBehavior File="NoCombatMoveTo"
										X="-71.30074" Y="-162.9857" Z="-0.9543183" />

						<!-- Move to - align our target macro -->
						<CustomBehavior File="NoCombatMoveTo" 
										X="-72.41068" Y="-168.855" Z="-0.9543183" />

						<!-- Profile message - Targeting the enemy -->
						<CustomBehavior File="Message" 
										Text="Targeting the enemy."  
										LogColor="Orange" />
		
						<!-- Macro - Clear target -->					
						<CustomBehavior File="RunMacro" 
										Macro="/cleartarget" 
										NumOfTimes="1" 
										WaitTime="0"/>
		
						<!-- Macro - targetenemy -->						
						<CustomBehavior File="RunMacro"
										NumOfTimes="1"
										Macro="/targetenemy [noharm]" />
						
						<!-- Profile message - Casting Lichborne -->
						<CustomBehavior File="Message" 
										Text="Casting Lichborne."  
										LogColor="Orange" />

						<!-- Macro - Cast Lichborne -->
						<CustomBehavior File="RunMacro"
										NumOfTimes="1"
										Macro="/cast Lichborne" />
						
						<!-- Profile message - Casting Raise Dead -->
						<CustomBehavior File="Message" 
										Text="Casting Raise Dead."  
										LogColor="Orange" />
									
						<!-- Macro - Cast Raise Dead -->
						<CustomBehavior File="RunMacro"
										NumOfTimes="1"
										Macro="/cast Raise Dead" />

						<!-- Profile message - Casting Icebound Fortitude -->
						<CustomBehavior File="Message" 
										Text="Casting Icebound Fortitude"  
										LogColor="Orange" />
									
						<!-- Macro - Cast Icebound Fortitude -->
						<CustomBehavior File="RunMacro"
										NumOfTimes="1"
										Macro="/cast Icebound Fortitude" />				
										
						<!-- Profile message - Disabling combat -->
						<CustomBehavior File="Message" 
											Text="Disabling combat." 
											LogColor="Fuchsia" />

						<!-- Disable combat -->
						<DisableBehavior Name="Combat" />				
										
						<!-- Profile message - Casting Death Grip -->
						<CustomBehavior File="Message" 
										Text="Casting Death Grip."  
										LogColor="Orange" />

						<!-- Macro - Cast Death Grip -->
						<CustomBehavior File="RunMacro"
										NumOfTimes="1"
										Macro="/cast Death Grip" />
								
						<!-- Move to - kite - 2nd door guards - leaving Ravaged Crypt-->
						<CustomBehavior File="NoCombatMoveTo" 
										X="-60.23307" Y="-153.8667" Z="-0.9542529" />		

						<!-- Profile message - Enabling combat -->
						<CustomBehavior File="Message" 
											Text="Enabling combat." 
											LogColor="Fuchsia" />
						
						<!-- enable combat -->
						<EnableBehavior Name="Combat" />		
								
						<!-- Wait timer - wait 3 seconds - aggro -->
						<CustomBehavior File="WaitTimer" 
										WaitTime="3000" />		
												
						<!-- Use4rsettings -->
						<CustomBehavior File="UserSettings" 
										PullDistance="10" />
												
						<!-- Move to - 2nd door guards - leaving Ravaged Crypt - safety -->
						<RunTo X="-66.9006" Y="-179.6387" Z="-1.339514" />
										
						<!-- Profile message - Waiting 3 seconds - safety -->
						<CustomBehavior File="Message" 
										Text="Waiting 3 seconds - safety."  
										LogColor="Orange" />				
										
						<!-- Wait timer - Waiting 3 seconds - safety -->
						<CustomBehavior File="WaitTimer" 
										WaitTime="3000" />												
										
									
						<!-- @@@@@@@@@@@@@@@@@@@@ 8th pull @@@@@@@@@@@@@@@@@@@@ -->


						<!-- Move to - 1st group - left after leaving Ravaged Crypt - pivot location -->
						<CustomBehavior File="NoCombatMoveTo"
										X="-68.21644" Y="-180.6827" Z="-1.418511" />

						<!-- Move to - align our target macro -->
						<CustomBehavior File="NoCombatMoveTo" 
										X="-58.29603" Y="-188.3777" Z="-1.374183" />

						<!-- Profile message - Targeting the enemy -->
						<CustomBehavior File="Message" 
										Text="Targeting the enemy."  
										LogColor="Orange" />
		
						<!-- Macro - Clear target -->					
						<CustomBehavior File="RunMacro" 
										Macro="/cleartarget" 
										NumOfTimes="1" 
										WaitTime="0"/>
		
						<!-- Macro - targetenemy -->						
						<CustomBehavior File="RunMacro"
										NumOfTimes="1"
										Macro="/targetenemy [noharm]" />
						
						<!-- Profile message - Disabling combat -->
						<CustomBehavior File="Message" 
											Text="Disabling combat." 
											LogColor="Fuchsia" />

						<!-- Disable combat -->
						<DisableBehavior Name="Combat" />

						<!-- Profile message - Casting Lichborne -->
						<CustomBehavior File="Message" 
										Text="Casting Lichborne."  
										LogColor="Orange" />

						<!-- Macro - Cast Lichborne -->
						<CustomBehavior File="RunMacro"
										NumOfTimes="1"
										Macro="/cast Lichborne" />
						
						<!-- Profile message - Casting Raise Dead -->
						<CustomBehavior File="Message" 
										Text="Casting Raise Dead."  
										LogColor="Orange" />
									
						<!-- Macro - Cast Raise Dead -->
						<CustomBehavior File="RunMacro"
										NumOfTimes="1"
										Macro="/cast Raise Dead" />

						<!-- Profile message - Casting Icebound Fortitude -->
						<CustomBehavior File="Message" 
										Text="Casting Icebound Fortitude"  
										LogColor="Orange" />
									
						<!-- Macro - Cast Icebound Fortitude -->
						<CustomBehavior File="RunMacro"
										NumOfTimes="1"
										Macro="/cast Icebound Fortitude" />				
										
						<!-- Profile message - Casting Death Grip -->
						<CustomBehavior File="Message" 
										Text="Casting Death Grip."  
										LogColor="Orange" />

						<!-- Macro - Cast Death Grip -->
						<CustomBehavior File="RunMacro"
										NumOfTimes="1"
										Macro="/cast Death Grip" />
								
						<!-- Profile message - Kiting this group to a safe location -->
						<CustomBehavior File="Message" 
											Text="Kiting this group to a safe location." 
											LogColor="Fuchsia" />		
								
						<!-- Move to - kite - 1st group - left after leaving Ravaged Crypt -->
						<CustomBehavior File="NoCombatMoveTo"
										X="-61.45975" Y="-164.2004" Z="-0.9557542" />

						<!-- Profile message - Enabling combat -->
						<CustomBehavior File="Message" 
											Text="Enabling combat." 
											LogColor="Fuchsia" />
						
						<!-- enable combat -->
						<EnableBehavior Name="Combat" />

						<!-- Wait timer - wait 3 seconds - aggro -->
						<CustomBehavior File="WaitTimer" 
										WaitTime="3000" />		
																
						<!-- Move to - 1st group - left after leaving Ravaged Crypt - safety -->
						<RunTo X="-31.80028" Y="-195.7399" Z="-0.4352515" />
										
						<!-- Profile message - Waiting 3 seconds - safety -->
						<CustomBehavior File="Message" 
										Text="Waiting 3 seconds - safety."  
										LogColor="Orange" />				
										
						<!-- Wait timer - Waiting 3 seconds - safety -->
						<CustomBehavior File="WaitTimer" 
										WaitTime="3000" />
										
										
						<!-- @@@@@@@@@@@@@@@@@@@@ 9th pull @@@@@@@@@@@@@@@@@@@@ -->
									
									
						<!-- Move to - patrols -->
						<CustomBehavior File="NoCombatMoveTo" 
										X="-64.48909" Y="-213.3403" Z="-0.3034122" />			

						<!-- Profile message - Waiting 30 seconds -->
						<CustomBehavior File="Message" 
										Text="Waiting 30 seconds to aggro the patrol."  
										LogColor="Orange" />				
																		
						<!-- Wait timer - wait 30 seconds - delay-->
						<CustomBehavior File="WaitTimer" 
										WaitTime="30000" />
										
									
						<!-- @@@@@@@@@@@@@@@@@@@@ 9th pull @@@@@@@@@@@@@@@@@@@@ -->
									
														
						<!-- Move to - 1st crypt on the left -->
						<CustomBehavior File="NoCombatMoveTo" 
										X="-43.72377" Y="-191.3875" Z="-0.7387109" />				
														
						<!-- Move to - back left corner - safety -->
						<CustomBehavior File="NoCombatMoveTo" 
										X="3.554608" Y="-201.0868" Z="0.3529359" />
										
						<!-- Move to - 1st mana leeches -->				
						<CustomBehavior File="NoCombatMoveTo" 
										X="3.104191" Y="-225.0681" Z="-0.1113753" />
						
						<!-- Profile message - Waiting 3 seconds - safety -->
						<CustomBehavior File="Message" 
										Text="Waiting 3 seconds - safety."  
										LogColor="Orange" />				
										
						<!-- Wait timer - Waiting 3 seconds - safety -->
						<CustomBehavior File="WaitTimer" 
										WaitTime="3000" />
										
									
						<!-- @@@@@@@@@@@@@@@@@@@@ 10th pull @@@@@@@@@@@@@@@@@@@@ -->
									
														
						<!-- Move to - group at the teleporter - pivot position -->
						<CustomBehavior File="NoCombatMoveTo"
										X="0.3851895" Y="-207.9039" Z="0.4915196" />

						<!-- Move to - align our target macro -->
						<CustomBehavior File="NoCombatMoveTo" 
										X="-7.561555" Y="-216.5278" Z="1.163449" />

						<!-- Profile message - Targeting the enemy -->
						<CustomBehavior File="Message" 
										Text="Targeting the enemy."  
										LogColor="Orange" />
		
						<!-- Macro - Clear target -->					
						<CustomBehavior File="RunMacro" 
										Macro="/cleartarget" 
										NumOfTimes="1" 
										WaitTime="0"/>
		
						<!-- Macro - targetenemy -->						
						<CustomBehavior File="RunMacro"
										NumOfTimes="1"
										Macro="/targetenemy [noharm]" />
						
						<!-- Profile message - Casting Death Grip -->
						<CustomBehavior File="Message" 
										Text="Casting Death Grip."  
										LogColor="Orange" />

						<!-- Macro - Cast Death Grip -->
						<CustomBehavior File="RunMacro"
										NumOfTimes="1"
										Macro="/cast Death Grip" />
								
						<!-- Wait timer - wait 3 seconds - aggro -->
						<CustomBehavior File="WaitTimer" 
										WaitTime="3000" />		
												
						<!-- Move to - group at the teleporter - safety - teleporter -->			
						<RunTo X="-30.83863" Y="-224.3053" Z="-0.0607775" />

						<!-- Profile message - Waiting 3 seconds -->
						<CustomBehavior File="Message" 
										Text="Waiting 3 seconds."  
										LogColor="Orange" />				
																		
						<!-- Wait timer - wait 3 seconds - delay-->
						<CustomBehavior File="WaitTimer" 
										WaitTime="3000" />	

										
						<!-- @@@@@@@@@@@@@@@@@@@@ 11th pull @@@@@@@@@@@@@@@@@@@@ -->				
										
										
						<!-- Move to - right-hand crypt -->
						<CustomBehavior File="NoCombatMoveTo" 
										X="-22.53713" Y="-197.0349" Z="-0.3258763" />				
										
						<!-- Move to - base of the mound -->
						<CustomBehavior File="NoCombatMoveTo" 
										X="-75.38445" Y="-191.4629" Z="-1.887362" />				
										
						<!-- Move to - top of the mound -->
						<CustomBehavior File="NoCombatMoveTo" 
										X="-85.86423" Y="-185.2876" Z="6.506018" />				
										
						<!-- Move to - top of the mound - pivot point-->
						<CustomBehavior File="NoCombatMoveTo" 
										X="-91.7332" Y="-184.4915" Z="8.519301" />				

						<!-- Move to - align our target macro -->
						<CustomBehavior File="NoCombatMoveTo" 
										X="-97.0471" Y="-185.7956" Z="7.47575" />

						<!-- Profile message - Disabling combat -->
						<CustomBehavior File="Message" 
											Text="Disabling combat." 
											LogColor="Fuchsia" />

						<!-- Disable combat -->
						<DisableBehavior Name="Combat" />				

						<!-- Profile message - Targeting the enemy -->
						<CustomBehavior File="Message" 
										Text="Targeting the enemy."  
										LogColor="Orange" />
		
						<!-- Macro - Clear target -->					
						<CustomBehavior File="RunMacro" 
										Macro="/cleartarget" 
										NumOfTimes="1" 
										WaitTime="0"/>
		
						<!-- Macro - targetenemy -->						
						<CustomBehavior File="RunMacro"
										NumOfTimes="1"
										Macro="/targetenemy [noharm]" />
						
						<!-- Profile message - Casting Death Grip -->
						<CustomBehavior File="Message" 
										Text="Casting Death Grip."  
										LogColor="Orange" />

						<!-- Macro - Cast Death Grip -->
						<CustomBehavior File="RunMacro"
										NumOfTimes="1"
										Macro="/cast Death Grip" />
								
						<!-- Move to - kite - mound group -->
						<CustomBehavior File="NoCombatMoveTo"
										X="-79.10893" Y="-198.9489" Z="-2.437749" />		
								
						<!-- Profile message - Enabling combat -->
						<CustomBehavior File="Message" 
											Text="Enabling combat." 
											LogColor="Fuchsia" />
						
						<!-- enable combat -->
						<EnableBehavior Name="Combat" />		

						<!-- Wait timer - wait 3 seconds - aggro -->
						<CustomBehavior File="WaitTimer" 
										WaitTime="3000" />				
										
										
						<!-- @@@@@@@@@@@@@@@@@@@@ 11th pull @@@@@@@@@@@@@@@@@@@@ -->
									
														
						<!-- Move to - right-hand crypt -->
						<CustomBehavior File="NoCombatMoveTo" 
										X="-56.26576" Y="-216.0235" Z="0.01630898" />								
														
						<!-- Move to the 2nd set of mana leeches -->
						<CustomBehavior File="NoCombatMoveTo" 
										X="-59.81129" Y="-246.1002" Z="-0.612443" />
										
						<!-- Profile message - Waiting 3 seconds - safety -->
						<CustomBehavior File="Message" 
										Text="Waiting 3 seconds - safety."  
										LogColor="Orange" />				
										
						<!-- Wait timer - Waiting 3 seconds - safety -->
						<CustomBehavior File="WaitTimer" 
										WaitTime="3000" />			
										
									
						<!-- @@@@@@@@@@@@@@@@@@@@ 13th pull @@@@@@@@@@@@@@@@@@@@ -->
																	

						<!-- Move to - behind the big rock -->
						<CustomBehavior File="NoCombatMoveTo" 
										X="-67.49059" Y="-253.9997" Z="-0.2882214" />											
																	
						<!-- Move to - left-hand group after the Nexus Terror - pivot location -->
						<CustomBehavior File="NoCombatMoveTo" 
										X="-118.6937" Y="-256.4126" Z="-0.91375" />				

						<!-- Move to - align our target macro -->
						<CustomBehavior File="NoCombatMoveTo" 
										X="-113.1108" Y="-253.1418" Z="-0.7433537" />

						<!-- Profile message - Targeting the enemy -->
						<CustomBehavior File="Message" 
										Text="Targeting the enemy."  
										LogColor="Orange" />
		
						<!-- Macro - Clear target -->					
						<CustomBehavior File="RunMacro" 
										Macro="/cleartarget" 
										NumOfTimes="1" 
										WaitTime="0"/>
		
						<!-- Macro - targetenemy -->						
						<CustomBehavior File="RunMacro"
										NumOfTimes="1"
										Macro="/targetenemy [noharm]" />
						
						<!-- Profile message - Casting Death Grip -->
						<CustomBehavior File="Message" 
										Text="Casting Death Grip."  
										LogColor="Orange" />

						<!-- Macro - Cast Death Grip -->
						<CustomBehavior File="RunMacro"
										NumOfTimes="1"
										Macro="/cast Death Grip" />
								
						<!-- Wait timer - wait 3 seconds - aggro -->
						<CustomBehavior File="WaitTimer" 
										WaitTime="3000" />		
								
						<!-- Move to - left-hand group after the Nexus Terror - safety -->
						<CustomBehavior File="NoCombatMoveTo"
										X="-103.3636" Y="-240.1347" Z="0.5474213" />		

						<!-- Wait timer - wait 3 seconds - aggro -->
						<CustomBehavior File="WaitTimer" 
										WaitTime="3000" />

										
						<!-- @@@@@@@@@@@@@@@@@@@@ 12th pull @@@@@@@@@@@@@@@@@@@@ -->
									
															
						<!-- Move to - 1st crypt - Nexus Terror - staging location  -->					
						<CustomBehavior File="NoCombatMoveTo"
										X="-84.56848" Y="-255.2848" Z="-1.34016" />
						

						<!-- @@@@@@@@@@@@@@@@@@@@ 14th pull @@@@@@@@@@@@@@@@@@@@ -->				
										
						<!-- Forces kill of the Nexus Terror -->
						<CustomBehavior File="GetOutOfGroundEffectAndAuras" 
										EventCompleteWhen="SpecificMobsDead" EventCompleteDeadMobId="19307"
										EventX="-82.05144" EventY="-232.7434" EventZ="0.1493258"
										MoveOutOfGroundEffectAuraId1="111111"
										MoveAwayFromMobCastingSpellId1="111111"
										MoveAwayFromMobWithAuraId1="111111">
							<Safespots>
								<Hotspot X="-82.05144" Y="-232.7434" Z="0.1493258" />
							</Safespots>
						</CustomBehavior>				
										
						<!-- Wait timer - wait 3 seconds - aggro -->
						<CustomBehavior File="WaitTimer" 
										WaitTime="3000" />				
										
						<!-- @@@@@@@@@@@@@@@@@@@@ 14th pull @@@@@@@@@@@@@@@@@@@@ -->
																	
																	
						<!-- Move to - tall tesla coil -->
						<CustomBehavior File="NoCombatMoveTo" 
										X="-86.56073" Y="-237.6124" Z="-0.1031757" />
						
						<!-- Move to - patrol after the Nexus Terror - wait location -->
						<CustomBehavior File="NoCombatMoveTo" 
										X="-105.2761" Y="-222.706" Z="-0.2998216" />
						
						<!-- Profile message - Waiting 35 seconds - aggro the patrol - safety -->
						<CustomBehavior File="Message" 
										Text="Waiting 40 seconds - aggro the patrol - safety."  
										LogColor="Orange" />				
										
						<!-- Wait timer - Waiting 40 seconds - safety -->
						<CustomBehavior File="WaitTimer" 
										WaitTime="40000" />	

									
						<!-- @@@@@@@@@@@@@@@@@@@@ 16th pull @@@@@@@@@@@@@@@@@@@@ -->
									
									
						<!-- Move to - 1st door guards entering the Crescent Hall - pivot point -->
						<CustomBehavior File="NoCombatMoveTo" 
										X="-111.1756" Y="-202.5692" Z="-1.638701" />

						<!-- Move to - align our target macro -->
						<CustomBehavior File="NoCombatMoveTo" 
										X="-124.0637" Y="-211.2572" Z="-0.1684715" />

						<!-- Profile message - Targeting the enemy -->
						<CustomBehavior File="Message" 
										Text="Targeting the enemy."  
										LogColor="Orange" />
		
						<!-- Macro - Clear target -->					
						<CustomBehavior File="RunMacro" 
										Macro="/cleartarget" 
										NumOfTimes="1" 
										WaitTime="0"/>
		
						<!-- Macro - targetenemy -->						
						<CustomBehavior File="RunMacro"
										NumOfTimes="1"
										Macro="/targetenemy [noharm]" />
						
						<!-- Profile message - Casting Death Grip -->
						<CustomBehavior File="Message" 
										Text="Casting Death Grip."  
										LogColor="Orange" />

						<!-- Macro - Cast Death Grip -->
						<CustomBehavior File="RunMacro"
										NumOfTimes="1"
										Macro="/cast Death Grip" />
								
						<!-- Wait timer - wait 3 seconds - aggro -->
						<CustomBehavior File="WaitTimer" 
										WaitTime="3000" />		
													
						<!-- Move to - 1st door guards entering the Crescent Hall - safety -->			
						<RunTo X="-156.4819" Y="-222.9237" Z="-0.9551411" />
				
						<!-- Profile message - Waiting 3 seconds - safety -->
						<CustomBehavior File="Message" 
										Text="Waiting 3 seconds - safety."  
										LogColor="Orange" />				
										
						<!-- Wait timer - Waiting 3 seconds - safety -->
						<CustomBehavior File="WaitTimer" 
										WaitTime="3000" />					
					
						<!-- If we are between levels 67-68 -->			
						<If Condition="Me.Level &gt;= 70 &amp;&amp; Me.Level &lt; 72">
						
							<!-- Profile message - We are currently between level 70-72. Default Blood DK's using Singular as the combat routine should be averaging about XXXXXX K XP/hr -->
							<CustomBehavior File="Message" 
											Text="We are currently between level 70-72. Default Blood DK's using Singular as the combat routine should be averaging about XXXXXX K XP/hr."  
											LogColor="Gold" />

							<!-- Profile message - Exiting the instance -->	
							<CustomBehavior File="Message" 
											Text="Exiting the instance."  
											LogColor="Fuchsia" />				
													
						</If>
					
						<!--Move to the corridor before Pandemonius while exiting -->
						<CustomBehavior File="NoCombatMoveTo" 
										X="-67.52202" Y="-145.8788" Z="-0.9557137" />
						
						<!-- Avoid Pandemonius -->
						<CustomBehavior File="RunLikeHell"
										UseCTM="true"
										NumOfTimes="1"
										AllowCombat="false">	
							<Hotspot X="-75.8492" Y="-142.711" Z="-0.9543099" />
							<Hotspot X="-80.79897" Y="-142.2388" Z="-0.741442" />
							<Hotspot X="-86.38946" Y="-135.9321" Z="-0.9543301" />
							<Hotspot X="-84.13701" Y="-130.9905" Z="-0.8779216" />
							<Hotspot X="-89.4305" Y="-120.7783" Z="2.803637" />
							<Hotspot X="-93.31026" Y="-117.0478" Z="3.557825" />
							<Hotspot X="-102.1714" Y="-107.2164" Z="-0.9432421" />
							<Hotspot X="-101.7527" Y="-98.99216" Z="-0.9435375" />
							<Hotspot X="-68.02106" Y="-50.38025" Z="-0.950399" />
						</CustomBehavior>
						<CustomBehavior File="NoCombatMoveTo" 
										X="-68.02106" Y="-50.38025" Z="-0.950399" />
					
					</If>	<!-- If we our level > 70 and <= 72 -->
					
					<!-- Run to the zone in point -->
					<CustomBehavior File="NoCombatMoveTo" 
									X="-4.81115" Y="1.00236" Z="-0.954329" />

					<!-- If we are high enough to go to the next instance, do so -->
					<CustomBehavior File="Misc\LoadProfileOn" 
									MinLevel="72" 
									ProfileName="[QO-N][Solstice][72-74]_auchenai-crypts.xml"  />
									
					<!-- Profile message - Waiting 3 seconds - Bag and durability check -->
					<CustomBehavior File="Message" 
									Text="Waiting 3 seconds - Bag and durability check."  
									LogColor="Orange" />
					
					<!-- Wait timer - wait 3 seconds - delay -->
					<CustomBehavior File="WaitTimer" 
									WaitTime="3000" />
					
					<!-- If we have less then 25 empty bag slots or our durability is less than 30% -->
					<If Condition="(Me.FreeBagSlots &lt;= 25) || (Me.LowestDurabilityPercent &lt;= 0.3)" >
												
						<!-- Load profile - [QO-N][Solstice][58-90][repair-mail] -->
						<CustomBehavior File="LoadProfile" 
													ProfileName="Movement\Vendors\[QO-N][Solstice][58-90][repair-mail]" />

					</If>	<!-- If we have less then 25 empty bag slots or our durability is less than 30% -->

					<!-- Profile message - Waiting 3 seconds - Food check - Clefthoof Ribs -->
					<CustomBehavior File="Message" 
									Text="Waiting 3 seconds - Food check - Clefthoof Ribs."  
									LogColor="Orange" />
					
					<!-- Wait timer - wait 3 seconds - delay -->
					<CustomBehavior File="WaitTimer" 
									WaitTime="3000" />
									
					<!-- If we don't have Clefthoof Ribs and don't have Mag'har Mild Cheese -->
					<If Condition="(!HasItem(29451)) &amp;&amp; (!HasItem(29448))" >
			
						<!-- Load profile - [QO-N][Solstice][58-90][repair-mail] -->
						<CustomBehavior File="LoadProfile" 
										ProfileName="Movement\Vendors\[QO-N][Solstice][58-90][repair-mail]" />
			
					</If>	<!-- If we don't have Clefthoof Ribs and don't have Mag'har Mild Cheese -->
					
					<!-- Wait timer - wait 3 seconds - delay -->
					<CustomBehavior File="WaitTimer" 
									WaitTime="3000" />

					<!-- Profile message - Waiting 3 seconds - Mobile Banking check -->
					<CustomBehavior File="Message" 
									Text="Waiting 3 seconds - Mobile Banking check."  
									LogColor="Orange" />
					
					<!-- Wait timer - wait 3 seconds - delay -->
					<CustomBehavior File="WaitTimer" 
									WaitTime="3000" />
					
					<!-- If we are in a level 11 or greater guild -->
					<If Condition="Me.GuildLevel &gt;= 11">
					
						<!-- Profile message - We are in a level 11+ guild -->
						<CustomBehavior File="Message" 
										Text="We are in a level 11+ guild."  
										LogColor="Orange" />
					
						<!-- If we have friendly reputation with our guild -->
						<If Condition="Me.GetReputationLevelWith(1168) &gt;= WoWUnitReaction.Friendly">
						
						
							<!-- If we have spell (83958) - mobile banking -->
							<If Condition="SpellManager.HasSpell(&quot;Mobile Banking&quot;)">
							
								<!-- Load profile - [QO-N][Solstice][58-90][mobile-banking] -->
								<CustomBehavior File="LoadProfile" 
												ProfileName="Movement\Vendors\[QO-N][Solstice][58-90][mobile-banking]" />
								
							</If>	<!-- If we have spell (83958) - mobile banking -->
							
							<!-- If we don't have spell (83958) - mobile banking -->
							<If Condition="SpellManager.!HasSpell(&quot;Mobile Banking&quot;)">
							
								<!-- Profile message - We don't have friendly or greater reputation with our guild. Aborting Mobile Banking procedures -->
								<CustomBehavior File="Message" 
												Text="We don't have friendly or greater reputation with our guild. Aborting Mobile Banking procedures!"  
												LogColor="Red" />
								
							</If>	<!-- If we have spell (83958) - mobile banking -->

						</If>	<!-- If we have friendly reputation with our guild -->
					
						<!-- If we are not in a level 11+ guild -->
						<Else>
						
							<!-- Profile message - We are not in a level 11+ guild -->
							<CustomBehavior File="Message" 
											Text="We are not in a level 11+ guild."  
											LogColor="Red" />
						
						</Else>		<!-- If we are not in a level 11+ guild -->
					
					
					</If>	<!-- If we are in a level 11 or greater guild -->
					
					<!-- Wait timer - wait 3 seconds - delay -->
					<CustomBehavior File="WaitTimer" 
									WaitTime="3000" />
									
					<!-- Profile message - All checks complete -->
					<CustomBehavior File="Message" 
									Text="All checks complete."  
									LogColor="Orange" />
									
				</If>	<!-- If we are inside Mana-Tombs -->

				<!-- If we don't need to vendor -->
				<If Condition="Me.ZoneId == 3792">
				
					<!-- Profile message - We have more than 25 empty bag slots. Our gear is above 30% durability and we have Clefthoof Ribs -->
					<CustomBehavior File="Message" 
									Text="We have more than 25 empty bag slots. Our gear is above 30% durability and we have Clefthoof Ribs."
									LogColor="Orange" />
				
					<!-- Instance timer check if we didn't repair -->
					<CustomBehavior File="Misc\InstanceTimer" 
									Timer="Check" />
									
					<!-- Profile message - Exiting the instance so we can reset it -->
					<CustomBehavior File="Message" 
									Text="Exiting the instance so we can reset it."
									LogColor="Fuchsia" />
					
					<!-- Move to - zone in location -->
					<RunTo X="-4.81115" Y="1.00236" Z="-0.954329" />
					
					<!-- Go through the portal -->
					<CustomBehavior File="Misc\InInstance" 
									X="7.24442" Y="1.005781" Z="-0.954329" />
					
					<!-- Move to - zone out location -->
					<RunTo X="-3086.51" Y="4942.43" Z="-101.047" />
					
					<!-- If our weapon has been Runeforged with Rune of Spellshattering -->
					<If  Condition="Me.HasAura(53362)" >
						
						<!-- Profile message - Our weapon has been Rune-forged -->
						<CustomBehavior File="Message" 
										Text="Our weapon has been Runeforged with Rune of Spellshattering."  
										LogColor="Orange" />
							
						<!-- Else our weapon has not been Runeforged with Rune of Spellshattering -->	
						<Else>

							<!-- Profile message - Our weapon has not been Rune-forged -->
							<CustomBehavior File="Message" 
											Text="Our weapon has not been Runeforged with Rune of Spellshattering."  
											LogColor="Orange" />
											
							<!-- Custom behavior - LoadProfile - Components\Movement\Vendors\[QO-N][Solstice][58-90][weapon-enchant] -->				
							<CustomBehavior File="LoadProfile"  
												ProfileName="Movement\Vendors\[QO-N][Solstice][58-90][weapon-enchant]" />				

						</Else>	<!-- Else our weapon has not been Runeforged with Rune of Spellshattering -->
					
					</If>	<!-- If our weapon has been Runeforged with Rune of Spellshattering -->
					
				</If> <!-- If we don't need to vendor  -->
				
			</While> <!-- Infinite loop -->
			
		</If> <!-- Level check -->		
		
	</QuestOrder>
	
</HBProfile>

