﻿<HBProfile creator="Botanist" version="1.0">
	<Name>[QO-N][Solstice][78-79]_utgarde-keep</Name>
   
	<MinLevel>1</MinLevel>
	<MaxLevel>101</MaxLevel>
   
	<MinDurability>-1</MinDurability>
	<MinFreeBagSlots>-1</MinFreeBagSlots>
	
	<MailGrey>False</MailGrey>
	<MailWhite>False</MailWhite>
	<MailGreen>False</MailGreen>
	<MailBlue>False</MailBlue>
	<MailPurple>True</MailPurple>
   
	<SellGrey>True</SellGrey>
	<SellWhite>True</SellWhite>
	<SellGreen>True</SellGreen>
	<SellBlue>True</SellBlue>
	<SellPurple>False</SellPurple>
   
	<TargetElites>True</TargetElites>
	
	<AvoidMobs>
		<Mob Name="Summon Enabler Stalker" Entry="53488" />
		<Mob Name="Skarvald the Constructor" Entry="27390" />
	</AvoidMobs>
	
	<Blackspots>
		<Blackspot X="64.52451" Y="80.84284" Z="0.4361966" Radius="1" />
	</Blackspots>

	<Mailboxes>
	</Mailboxes>
 
	<Vendors>
	</Vendors>

	<Factions></Factions>
	
	<ProtectedItems>
		
	</ProtectedItems>
	
	<QuestOrder>
		<ClearVendor />
		<ClearMailbox />
		
		<!-- If our level is =>78 and <80 -->
		<If Condition="Me.Level &gt;= 78 &amp;&amp; Me.Level &gt;= 78">
		
			<!-- Profile message - You meet the level requirement to run this profile -->
			<CustomBehavior File="Message" 
							Text="You meet the level requirement to run this profile." 
							LogColor="Fuchsia" />
		
		 	<!-- UserSettings -->
			<CustomBehavior File="UserSettings"
							AdvancedSettingsMode="True"
							FindMountAutomatically="True"
							FindVendorsAutomatically="False"
							GroundMountFarmingMode="False"
							HarvestHerbs="False"
							HarvestMinerals="False"
							KillBetweenHotspots="True"
							LogoutForInactivity="False"
							LogoutInactivityUseForceQuit="False"
							LootChests="False"
							LootMobs="True"
							LootRadius="10"
							MountDistance="20"
							MountName=""
							NinjaSkin="False"
							ProfileDebuggingMode="False"
							PullDistance="25"
							RessAtSpiritHealers="False"
							SkinMobs="False"
							UseFlightPaths="True"
							UseMount="True" 
							UseRandomMount="False" />
						
			<!-- Infinite loop -->
			<While Condition="true" >	
			
				<!-- Utgarde Keep -->
				<If Condition="Me.MapId == 574">
				
					<!-- Profile message - Utgarde Keep detected. Running out -->
					<CustomBehavior File="Message" 
									Text="Utgarde Keep detected. Running out."
									LogColor="Fuchsia" />
				
					<!-- Make our way to the exit -->
					<RunTo X="155.1128" Y="-86.14938" Z="12.55292" />

					<!-- Go through the portal -->
					<CustomBehavior File="Misc\InInstance" 
									X="125.1626" Y="-87.67013" Z="12.55168" />
					
					<!-- Move to - zone out location -->
					<Runto X="1221.63" Y="-4864.75" Z="41.2481" />
					
				</If> <!-- UK -->
				
				<!-- If we are not we are in the Utgarde Keep instance box -->
				<If Condition="Me.X &lt; 1200 || Me.X &gt; 1300 || Me.Y &lt; -4900 || Me.Y &gt; -4800" >
				
					<!-- Profile message - The instance has been reset -->
					<CustomBehavior File="Message" 
									Text="Distance from portal is not within our proximity, initializing movement to get there."
									LogColor="Fuchsia" />	
									
					<CustomBehavior File="LoadProfile" 
									ProfileName="Movement\[QO-N-M][Solstice][78-79]_utgarde-keep" />
				</If> <!-- Not in box -->
				
				<!-- If we are in the Utgarde Keep instance box -->
				<If Condition="Me.X &gt; 1200 &amp;&amp; Me.X &lt; 1300 &amp;&amp; Me.Y &gt; -4900 &amp;&amp; Me.Y &lt; -4800" >
				
					<!-- If our weapon has been Runeforged with Rune of Spellshattering -->
					<If  Condition="Me.HasAura(53362)" >
						
						<!-- Profile message - Our weapon has been Rune-forged -->
						<CustomBehavior File="Message" 
										Text="Our weapon has been Runeforged with Rune of Spellshattering."  
										LogColor="Orange" />
							
						<!-- Else our weapon has not been Runeforged with Rune of Spellshattering -->	
						<Else>

							<!-- Move to - away from the portal -->
							<DisableBehavior Name="Combat" />
								<MoveTo X="1207.645" Y="-4869.466" Z="41.2481" />
							<EnableBehavior Name="Combat" />

							<!-- Profile message - Our weapon has not been Rune-forged -->
							<CustomBehavior File="Message" 
											Text="Our weapon has not been Runeforged with Rune of Spellshattering."  
											LogColor="Orange" />
											
							<!-- Custom behavior - LoadProfile - Components\Movement\Vendors\[QO-N][Solstice][58-90][weapon-enchant] -->				
							<CustomBehavior File="LoadProfile"  
												ProfileName="Movement\Vendors\[QO-N][Solstice][58-90][weapon-enchant]" />				

						</Else>	<!-- Else our weapon has not been Runeforged with Rune of Spellshattering -->
					
					</If>	<!-- If our weapon has been Runeforged with Rune of Spellshattering -->
				
					<!-- Profile message - Portal detected nearby --> 
					<CustomBehavior File="Message" 
									Text="Portal detected nearby."
									LogColor="Fuchsia" />	
						
					<!-- Profile message - Resetting the instance -->
					<CustomBehavior File="Message" 
									Text="Resetting the instance." 
									LogColor="Fuchsia" />
					
					<!-- Custom behavior - macro - reset the instance -->
					<CustomBehavior File="RunMacro" 
									Macro="/script ResetInstances()" />	
					
					<!-- Custom behavior - macro - set the dungeon difficulty to normal -->
					<CustomBehavior File="RunMacro" 
									Macro="/script SetDungeonDifficultyID(1)" />
					
					<!-- Profile message - The instance has been reset -->
					<CustomBehavior File="Message" 
									Text="The instance has been reset." 
									LogColor="Fuchsia" />


					<!-- While we didn't enter Utgarde Keep -->
					<While Condition="Me.MapId != 574">
					
						<!-- Move to - zone out location-->
						<RunTo X="1221.63" Y="-4864.75" Z="41.2481" />

						<!-- Move to - attempt to enter the instance -->
						<CustomBehavior File="Misc\InInstance" 
										X="1250.415" Y="-4850.671" Z="41.2481" /> 
										
						<!-- Profile message - Waiting for the dungeon to load -->			
						<CustomBehavior File="Message" 
										Text="Waiting for the dungeon to load." 
										LogColor="Fuchsia" />
									
						<!-- Wait timer - wait 20-40 seconds -->			
						<CustomBehavior File="WaitTimer" 
										WaitTime="20000"
										VariantTime="20000" />
										
						<!-- If we are not in Utgarde Keep -->
						<If Condition="Me.MapId != 553574">
						
							<!-- Profile message - We are instance locked, initiating loop procedures until we enter the instance -->
							<CustomBehavior File="Message" 
											Text="We are instance locked, initiating loop procedures until we enter the instance." 
											LogColor="Fuchsia" />
											
						</If>	<!-- If we are not in Utgarde Keep -->
						
					</While>	<!-- While we have not entered Utgarde Keep -->

				</If>	<!-- If we are in the Utgarde Keep instance box -->
				
				<!-- If we are inside Utgarde Keep -->
				<If Condition="Me.MapId == 574">
									
					<!-- Move to - zone in location -->
					<RunTo X="157.878" Y="-84.7025" Z="12.55168" />
												
					<!--Profile message	- Deleting unwanted items from our bags -->				
					<CustomBehavior File="Message" 
									Text="Deleting unwanted items from our bags." 
									LogColor="Orange" />

					<!-- Morning Glory Dew -->
					<CustomBehavior File="DeleteItems" 
									Ids="8766" />
									
					<!-- Major Mana Potion -->				
					<CustomBehavior File="DeleteItems" 
									Ids="13444" />	
									
					<!-- Libram of Voracity -->										
					<CustomBehavior File="DeleteItems" 
									Ids="11737" />
									
					<!-- Libram of Resilience -->
					<CustomBehavior File="DeleteItems" 
									Ids="11736" />	
									
					<!-- Roasted Quail -->
					<CustomBehavior File="DeleteItems" 
									Ids="8952" />	
									
					<!-- Superior Mana Potion -->
					<CustomBehavior File="DeleteItems" 
									Ids="22256" />	
									
					<!-- Mana Potion -->
					<CustomBehavior File="DeleteItems" 
									Ids="26480" />
									
					<!-- Light Feather -->
					<CustomBehavior File="DeleteItems" 
									Ids="17056" />
									
					<!-- Dark Iron Bullet -->
					<CustomBehavior File="DeleteItems" 
									Ids="62916" />	

					<!-- Homemade Cherry Pie -->
					<CustomBehavior File="DeleteItems" 
									Ids="8950" />
									
					<!-- Smoked Talbuk Venison -->
					<CustomBehavior File="DeleteItems" 
									Ids="27854" />		
							
					<!-- Bottled Nethergon Energy -->
					<CustomBehavior File="DeleteItems" 
									Ids="32902" />	

					<!-- Arcane Tome -->
					<CustomBehavior File="DeleteItems" 
									Ids="29739" />

					<!-- Bottled Nethergon Vapor -->
					<CustomBehavior File="DeleteItems" 
									Ids="32905" />

					<!-- Mag'har Grainbread -->
					<CustomBehavior File="DeleteItems" 
									Ids="27855" />				
							
					<!-- Instance timer -->
					<CustomBehavior File="Misc\InstanceTimer" 
									Timer="Start" />							
								
					<!-- Turn on autolooting -->
					<CustomBehavior File="RunMacro" 
									Macro="/script SetCVar('AutoLootDefault', 1)" 
									NumOfTimes="1" 
									WaitTime="1000" />
								
					<CustomBehavior File="Message" 
									Text="Utgarde Keep initialized."  
									LogColor="Fuchsia" />
				
				
					<!-- ************************************************************************************************************************ -->
					
					
					<!-- If we are between level 78-79 -->
					<If Condition="Me.Level &gt;= 78 &amp;&amp; Me.Level &lt; 79">

					
						<!-- @@@@@@@@@@@@@@@@@@@@ 1st pull @@@@@@@@@@@@@@@@@@@@ -->
						
						
						<!-- Move to - entrance guards - pivot location -->
						<MoveTo X="176.0377" Y="-85.71993" Z="12.55168" />
								
						<!-- CTM to - align our target macro -->
						<CustomBehavior File="MyCTM"
										X="192.6162" Y="-79.20293" Z="18.61517" />

						<!-- Profile message - Targeting the enemy -->
						<CustomBehavior File="Message" 
										Text="Targeting the enemy."  
										LogColor="Orange" />

						<!-- Clear target -->					
						<CustomBehavior File="RunMacro" 
										Macro="/cleartarget"  
										WaitTime="0"/>

						<!-- Macro - targetenemy -->						
						<CustomBehavior File="RunMacro"
										NumOfTimes="1"
										Macro="/targetenemy [noharm]" />
										
						<!-- Profile message - Casting Death Grip -->
						<CustomBehavior File="Message" 
										Text="Casting Death Grip."  
										LogColor="Orange" />				
										
						<!-- Cast Death Grip -->
						<CustomBehavior File="RunMacro"
										NumOfTimes="1"
										Macro="/cast Death Grip" />

						<!-- Wait timer - wait 3 seconds - delay -->
						<CustomBehavior File="WaitTimer" 
										WaitTime="3000" />
						
						<!-- Move to - entrance guards - safety -->
							<MoveTo X="209.6392" Y="-67.928" Z="24.67863" />
							
						<!-- Wait timer - wait 3 seconds - delay -->
						<CustomBehavior File="WaitTimer" 
										WaitTime="3000" />
						
						
						<!-- @@@@@@@@@@@@@@@@@@@@ 2nd pull @@@@@@@@@@@@@@@@@@@@ -->
						
										
						<!-- Move to - 1st group left-hand side - pivot location -->
						<MoveTo X="221.5442" Y="-71.81171" Z="24.67863" />

						<!-- CTM to - align our target macro -->
						<CustomBehavior File="MyCTM"
										X="232.3499" Y="-58.77731" Z="24.67858" />
							
						<!-- Profile message - Targeting the enemy -->
						<CustomBehavior File="Message" 
										Text="Targeting the enemy."  
										LogColor="Orange" />

						<!-- Clear target -->					
						<CustomBehavior File="RunMacro" 
										Macro="/cleartarget"  
										WaitTime="0"/>

						<!-- Macro - targetenemy -->						
						<CustomBehavior File="RunMacro"
										NumOfTimes="1"
										Macro="/targetenemy [noharm]" />
										
						<!-- Profile message - Casting Death Grip -->
						<CustomBehavior File="Message" 
										Text="Casting Death Grip."  
										LogColor="Orange" />				
										
						<!-- Cast Death Grip -->
						<CustomBehavior File="RunMacro"
										NumOfTimes="1"
										Macro="/cast Death Grip" />

						<!-- Wait timer - wait 3 seconds - delay -->
						<CustomBehavior File="WaitTimer" 
										WaitTime="3000" />

						<!-- Move to - left-hand wall - safety -->
						<MoveTo X="233.1737" Y="-49.77694" Z="24.67858" />

						<!-- Profile message - Disabling combat -->
						<CustomBehavior File="Message" 
											Text="Disabling combat." 
											LogColor="Gold" />
						
						<!-- DisableBehavior - Combat -->
						<DisableBehavior Name="Combat" />
						
						<!-- Move to - 1st group left-hand side - safety -->
						<MoveTo X="246.6297" Y="-30.85753" Z="24.67862" />

						<!-- Profile message - Enabling combat -->
						<CustomBehavior File="Message" 
											Text="Enabling combat." 
											LogColor="Gold" />

						<!-- enable combat -->
						<EnableBehavior Name="Combat" />

						<!-- Wait timer - wait 3 seconds - aggro the patrol -->
						<CustomBehavior File="WaitTimer" 
										WaitTime="3000" />
						
						
						<!-- @@@@@@@@@@@@@@@@@@@@ 3rd pull @@@@@@@@@@@@@@@@@@@@ -->
						
						
						
						<!-- Profile message - Disabling combat -->
						<CustomBehavior File="Message" 
											Text="Disabling combat." 
											LogColor="Gold" />
						
						<!-- DisableBehavior - Combat -->
						<DisableBehavior Name="Combat" />
						
						<!-- Move to - front of the left anvil -->
						<MoveTo X="259.1027" Y="-23.90401" Z="24.67862" />
							
						<!-- Profile message - Enabling combat -->
						<CustomBehavior File="Message" 
											Text="Enabling combat." 
											LogColor="Gold" />

						<!-- enable combat -->
						<EnableBehavior Name="Combat" />
						
						
						<!-- @@@@@@@@@@@@@@@@@@@@ 3rd pull @@@@@@@@@@@@@@@@@@@@ -->
						
						
						<!-- Profile message - Disabling combat -->
						<CustomBehavior File="Message" 
											Text="Disabling combat." 
											LogColor="Gold" />
						
						<!-- DisableBehavior - Combat -->
						<DisableBehavior Name="Combat" />
						
						<!-- Move to - end of the left weapon rack -->
						<MoveTo X="302.7747" Y="-31.67596" Z="24.67868" />
							
						<!-- Profile message - Enabling combat -->
						<CustomBehavior File="Message" 
											Text="Enabling combat." 
											LogColor="Gold" />

						<!-- enable combat -->
						<EnableBehavior Name="Combat" />

												
						<!-- @@@@@@@@@@@@@@@@@@@@ 3rd pull @@@@@@@@@@@@@@@@@@@@ -->
						
						
						<!-- Move to - right weapon rack -->
						<RunTo X="306.0567" Y="-41.71758" Z="24.67868" />
						
						<!-- Move to - end of the right weapon rack -->
						<RunTo X="286.3102" Y="-47.90965" Z="24.67868" />
						

						<!-- @@@@@@@@@@@@@@@@@@@@ 3rd pull @@@@@@@@@@@@@@@@@@@@ -->
						

						
						<!-- Profile message - Disabling combat -->
						<CustomBehavior File="Message" 
											Text="Disabling combat." 
											LogColor="Gold" />
						
						<!-- DisableBehavior - Combat -->
						<DisableBehavior Name="Combat" />

						<!-- Move to - 1st group right-hand side -->
						<MoveTo X="274.3025" Y="-70.14041" Z="24.6786" />
							
						<!-- Profile message - Enabling combat -->
						<CustomBehavior File="Message" 
											Text="Enabling combat." 
											LogColor="Gold" />

						<!-- enable combat -->
						<EnableBehavior Name="Combat" />

						<!-- Wait timer - wait 3 seconds - delay -->
						<CustomBehavior File="WaitTimer" 
										WaitTime="3000" />
										
										
						<!-- @@@@@@@@@@@@@@@@@@@@ 4th pull @@@@@@@@@@@@@@@@@@@@ -->
						
						
						<!-- Move to - patrol wait location -->
						<MoveTo  X="304.091" Y="-35.68795" Z="24.67863" />
						
		
						<!-- @@@@@@@@@@@@@@@@@@@@ 5th pull @@@@@@@@@@@@@@@@@@@@ -->
						
			
						<!-- Move to - group at the first anvil - pivot location -->
						<MoveTo  X="324.0199" Y="-25.63305" Z="22.75604" />

						<!-- CTM to - align our target macro -->
						<CustomBehavior File="MyCTM"
										X="333.5295" Y="-34.38729" Z="22.96349" />

						<!-- Profile message - Targeting the enemy -->
						<CustomBehavior File="Message" 
										Text="Targeting the enemy."  
										LogColor="Orange" />

						<!-- Clear target -->					
						<CustomBehavior File="RunMacro" 
										Macro="/cleartarget"  
										WaitTime="0"/>

						<!-- Macro - targetenemy -->						
						<CustomBehavior File="RunMacro"
										NumOfTimes="1"
										Macro="/targetenemy [noharm]" />
										
						<!-- Profile message - Casting Death Grip -->
						<CustomBehavior File="Message" 
										Text="Casting Death Grip."  
										LogColor="Orange" />				
										
						<!-- Cast Death Grip -->
						<CustomBehavior File="RunMacro"
										NumOfTimes="1"
										Macro="/cast Death Grip" />

						<!-- Wait timer - wait 3 seconds - delay -->
						<CustomBehavior File="WaitTimer" 
										WaitTime="3000" />

						<!-- Move to - group at the first anvil - safety -->
						<MoveTo X="358.0963" Y="-51.61237" Z="22.75492" />

						<!-- Wait timer - wait 3 seconds - delay -->
						<CustomBehavior File="WaitTimer" 
										WaitTime="3000" />				
										
										
						<!-- @@@@@@@@@@@@@@@@@@@@ 6th pull @@@@@@@@@@@@@@@@@@@@ -->
						
										
						
						<!-- Move to - group at the second anvil - pivot location -->
						<MoveTo X="398.502" Y="-43.3487" Z="22.7549" />

						<!-- CTM to - align our target macro -->
						<CustomBehavior File="MyCTM"
										X="395.6492" Y="-31.61772" Z="22.7549" />

						<!-- Macro - Clear target -->					
						<CustomBehavior File="RunMacro" 
										Macro="/cleartarget" 
										NumOfTimes="1" 
										WaitTime="0"/>				
										
						<!-- Macro - targetenemy -->						
						<CustomBehavior File="RunMacro"
										NumOfTimes="1"
										Macro="/targetenemy [noharm]" />

						<!-- Profile message - Casting Bone Shield -->
						<CustomBehavior File="Message" 
										Text="Casting Bone Shield."  
										LogColor="Orange" />
									
						<!-- Macro - Cast Bone Shield -->
						<CustomBehavior File="RunMacro"
										NumOfTimes="1"
										Macro="/cast Bone Shield" />				
														
						<!-- Profile message - Casting Death Grip -->
						<CustomBehavior File="Message" 
										Text="Casting Death Grip."  
										LogColor="Orange" />
									
						<!-- Macro - Cast Death Grip -->
						<CustomBehavior File="RunMacro"
										NumOfTimes="1"
										Macro="/cast Death Grip" />
						
						<!-- Wait timer - wait 3 seconds - delay -->
						<CustomBehavior File="WaitTimer" 
										WaitTime="3000" />

						<!-- Move to - group at the second anvil - safety -->
						<MoveTo X="385.5883" Y="2.366929" Z="23.23494" />

						<!-- Profile message - Waiting 30 seconds for cool downs -->
						<CustomBehavior File="Message" 
										Text="Waiting 30 seconds for cool downs."  
										LogColor="Orange" />
						
						<!-- Wait timer - wait 30 seconds - delay -->
						<CustomBehavior File="WaitTimer" 
										WaitTime="30000" />
										
										
						<!-- @@@@@@@@@@@@@@@@@@@@ 6th pull @@@@@@@@@@@@@@@@@@@@ -->
						
										
						<!-- Move to - group at the third anvil - pivot location -->
						<MoveTo X="373.3524" Y="25.26271" Z="22.75493" />
										
						<!-- CTM to - align our target macro -->
						<CustomBehavior File="MyCTM"
										X="362.8379" Y="21.28446" Z="22.75493" />				
										
						<!-- Macro - Clear target -->					
						<CustomBehavior File="RunMacro" 
										Macro="/cleartarget" 
										NumOfTimes="1" 
										WaitTime="0"/>				
										
						<!-- Macro - targetenemy -->						
						<CustomBehavior File="RunMacro"
										NumOfTimes="1"
										Macro="/targetenemy [noharm]" />

						<!-- Profile message - Casting Bone Shield -->
						<CustomBehavior File="Message" 
										Text="Casting Bone Shield."  
										LogColor="Orange" />
									
						<!-- Macro - Cast Bone Shield -->
						<CustomBehavior File="RunMacro"
										NumOfTimes="1"
										Macro="/cast Bone Shield" />				
										
						<!-- Profile message - Casting Icebound Fortitude -->
						<CustomBehavior File="Message" 
										Text="Casting Icebound Fortitude."  
										LogColor="Orange" />
									
						<!-- Macro - Cast Icebound Fortitude -->
						<CustomBehavior File="RunMacro"
										NumOfTimes="1"
										Macro="/cast Icebound Fortitude" />				
										
						<!-- Profile message - Casting Raise Dead -->
						<CustomBehavior File="Message" 
										Text="Casting Raise Dead."  
										LogColor="Orange" />
									
						<!-- Macro - Cast Raise Dead -->
						<CustomBehavior File="RunMacro"
										NumOfTimes="1"
										Macro="/cast Raise Dead" />				

						<!-- Profile message - Casting Death Grip -->
						<CustomBehavior File="Message" 
										Text="Casting Death Grip."  
										LogColor="Orange" />
									
						<!-- Macro - Cast Death Grip -->
						<CustomBehavior File="RunMacro"
										NumOfTimes="1"
										Macro="/cast Death Grip" />
						
						<!-- Wait timer - wait 3 seconds - delay -->
						<CustomBehavior File="WaitTimer" 
										WaitTime="3000" />
										
						<!-- Move to - group at the third anvil - safety -->
						<MoveTo X="341.5074" Y="10.55831" Z="22.75618" />				
						
						<!-- Wait timer - wait 3 seconds - delay -->
						<CustomBehavior File="WaitTimer" 
										WaitTime="3000" />
										
						
						<!-- @@@@@@@@@@@@@@@@@@@@ 7th pull @@@@@@@@@@@@@@@@@@@@ -->
						
										
						<!-- Move to - 1st drake - left -->
						<MoveTo X="343.481" Y="101.1277" Z="30.76304" />
						
						<!-- Wait timer - wait 3 seconds - delay -->
						<CustomBehavior File="WaitTimer" 
										WaitTime="3000" />
						
						
						<!-- @@@@@@@@@@@@@@@@@@@@ 7th pull @@@@@@@@@@@@@@@@@@@@ -->
						
										
						<!-- Move to - drake and trainer - left -->
						<MoveTo X="360.8966" Y="120.3735" Z="30.74864" />
										
						<!-- CTM to - align our target macro -->
						<CustomBehavior File="MyCTM"
										X="353.7291" Y="133.5221" Z="30.74433" />				
										
						<!-- Macro - Clear target -->					
						<CustomBehavior File="RunMacro" 
										Macro="/cleartarget" 
										NumOfTimes="1" 
										WaitTime="0"/>				
										
						<!-- Macro - targetenemy -->						
						<CustomBehavior File="RunMacro"
										NumOfTimes="1"
										Macro="/targetenemy [noharm]" />				

						<!-- Profile message - Casting Death Grip -->
						<CustomBehavior File="Message" 
										Text="Casting Death Grip."  
										LogColor="Orange" />
									
						<!-- Macro - Cast Death Grip -->
						<CustomBehavior File="RunMacro"
										NumOfTimes="1"
										Macro="/cast Death Grip" />
						
						<!-- Wait timer - wait 3 seconds - delay -->
						<CustomBehavior File="WaitTimer" 
										WaitTime="3000" />
										
						<!-- Move to - drake and trainer - left - safety -->
						<MoveTo X="348.623" Y="151.934" Z="30.75898" />				
						
						<!-- Wait timer - wait 30 seconds - delay -->
						<CustomBehavior File="WaitTimer" 
										WaitTime="30000" />
						
						
						<!-- @@@@@@@@@@@@@@@@@@@@ 7th pull @@@@@@@@@@@@@@@@@@@@ -->
						
										
						<!-- Move to - 2nd drake and trainer - right - pivot location-->
						<MoveTo X="375.5398" Y="106.7515" Z="30.76959" />
										
						<!-- CTM to - align our target macro -->
						<CustomBehavior File="MyCTM"
										X="380.7204" Y="114.7967" Z="30.76242" />				
										
						<!-- Macro - Clear target -->					
						<CustomBehavior File="RunMacro" 
										Macro="/cleartarget" 
										NumOfTimes="1" 
										WaitTime="0"/>				
										
						<!-- Macro - targetenemy -->						
						<CustomBehavior File="RunMacro"
										NumOfTimes="1"
										Macro="/targetenemy [noharm]" />				

						<!-- Profile message - Disabling combat -->
						<CustomBehavior File="Message" 
											Text="Disabling combat." 
											LogColor="Gold" />
						
						<!-- DisableBehavior - Combat -->
						<DisableBehavior Name="Combat" />

						<!-- Profile message - Casting Death Grip -->
						<CustomBehavior File="Message" 
										Text="Casting Death Grip."  
										LogColor="Orange" />
									
						<!-- Macro - Cast Death Grip -->
						<CustomBehavior File="RunMacro"
										NumOfTimes="1"
										Macro="/cast Death Grip" />

						<!-- Move to - kite - around the corner -->
						<MoveTo X="389.6134" Y="86.88935" Z="30.74204" />				
										
						<!-- Profile message - Enabling combat -->
						<CustomBehavior File="Message" 
											Text="Enabling combat." 
											LogColor="Gold" />

						<!-- enable combat -->
						<EnableBehavior Name="Combat" />				
		
						<!-- Wait timer - wait 3 seconds - delay -->
						<CustomBehavior File="WaitTimer" 
										WaitTime="3000" />
						
						
						<!-- @@@@@@@@@@@@@@@@@@@@ 7th pull @@@@@@@@@@@@@@@@@@@@ -->
						
										
						<!-- Move to - 3rd drake and trainer - right -->
						<RunTo X="391.2078" Y="149.0951" Z="30.77503" />
										
						<!-- Move to - align our target macro -->	
						<RunTo X="388.4576" Y="160.4869" Z="30.77503" />				
										
						<!-- Macro - Clear target -->					
						<CustomBehavior File="RunMacro" 
										Macro="/cleartarget" 
										NumOfTimes="1" 
										WaitTime="0"/>				
										
						<!-- Macro - targetenemy -->						
						<CustomBehavior File="RunMacro"
										NumOfTimes="1"
										Macro="/targetenemy [noharm]" />				

						<!-- Profile message - Casting Death Grip -->
						<CustomBehavior File="Message" 
										Text="Casting Death Grip."  
										LogColor="Orange" />
									
						<!-- Macro - Cast Death Grip -->
						<CustomBehavior File="RunMacro"
										NumOfTimes="1"
										Macro="/cast Death Grip" />
						
						<!-- Wait timer - wait 3 seconds - delay -->
						<CustomBehavior File="WaitTimer" 
										WaitTime="3000" />
										
						<!-- Move to - 3rd drake and trainer - right - safety -->
						<DisableBehavior Name="Combat" />
						
						
							<MoveTo X="377.6816" Y="183.172" Z="30.77579" />
							
							
						<EnableBehavior Name="Combat" />

						<!-- Wait timer - wait 3 seconds - delay -->
						<CustomBehavior File="WaitTimer" 
										WaitTime="3000" />
						
						
						<!-- @@@@@@@@@@@@@@@@@@@@ 7th pull @@@@@@@@@@@@@@@@@@@@ -->
						
										
						<!-- Move to - 2nd drake - left -->
						<RunTo X="321.7218" Y="170.4056" Z="30.79211" />
						
						<!-- Profile message - Waiting 1 minute for cool downs -->
						<CustomBehavior File="Message" 
										Text="Waiting 1 minute for cool downs."  
										LogColor="Orange" />
						
						<!-- Wait timer - wait 60 seconds - delay -->
						<CustomBehavior File="WaitTimer" 
										WaitTime="60000" />
						
						
						<!-- @@@@@@@@@@@@@@@@@@@@ 7th pull @@@@@@@@@@@@@@@@@@@@ -->
						
										
						<!-- Move to - group at the door - pivot location -->
						<DisableBehavior Name="Combat" />
						
						
							<MoveTo X="331.489" Y="170.1099" Z="30.80198" />
							
							
						<EnableBehavior Name="Combat" />

						<!-- Move to - align our target macro -->
						<DisableBehavior Name="Combat" />
						
						
							<MoveTo X="334.2432" Y="176.6282" Z="30.81443" />
							
							
						<EnableBehavior Name="Combat" />						

						<!-- Macro - Clear target -->					
						<CustomBehavior File="RunMacro" 
										Macro="/cleartarget" 
										NumOfTimes="1" 
										WaitTime="0"/>				
										
						<!-- Macro - targetenemy -->						
						<CustomBehavior File="RunMacro"
										NumOfTimes="1"
										Macro="/targetenemy [noharm]" />

						<!-- Profile message - Casting Bone Shield -->
						<CustomBehavior File="Message" 
										Text="Casting Bone Shield."  
										LogColor="Orange" />
									
						<!-- Macro - Cast Bone Shield -->
						<CustomBehavior File="RunMacro"
										NumOfTimes="1"
										Macro="/cast Bone Shield" />				
										
						<!-- Profile message - Casting Icebound Fortitude -->
						<CustomBehavior File="Message" 
										Text="Casting Icebound Fortitude."  
										LogColor="Orange" />
									
						<!-- Macro - Cast Icebound Fortitude -->
						<CustomBehavior File="RunMacro"
										NumOfTimes="1"
										Macro="/cast Icebound Fortitude" />				
										
						<!-- Profile message - Casting Raise Dead -->
						<CustomBehavior File="Message" 
										Text="Casting Raise Dead."  
										LogColor="Orange" />
									
						<!-- Macro - Cast Raise Dead -->
						<CustomBehavior File="RunMacro"
										NumOfTimes="1"
										Macro="/cast Raise Dead" />				

						<!-- Profile message - Casting Death Grip -->
						<CustomBehavior File="Message" 
										Text="Casting Death Grip."  
										LogColor="Orange" />
									
						<!-- Macro - Cast Death Grip -->
						<CustomBehavior File="RunMacro"
										NumOfTimes="1"
										Macro="/cast Death Grip" />
						
						<!-- Wait timer - wait 3 seconds - delay -->
						<CustomBehavior File="WaitTimer" 
										WaitTime="3000" />

										
						<!-- @@@@@@@@@@@@@@@@@@@@ 7th pull @@@@@@@@@@@@@@@@@@@@ -->
						
										
						<!-- Move to - group inside  the door - pivot location -->
						<DisableBehavior Name="Combat" />
						
						
							<MoveTo X="339.146" Y="195.0486" Z="30.81314" />
							
							
						<EnableBehavior Name="Combat" />

						<!-- Move to - align our target macro -->
						<DisableBehavior Name="Combat" />
						
						
							<MoveTo X="337.4769" Y="219.9278" Z="30.79003" />
							
							
						<EnableBehavior Name="Combat" />

						<!-- Macro - Clear target -->					
						<CustomBehavior File="RunMacro" 
										Macro="/cleartarget" 
										NumOfTimes="1" 
										WaitTime="0"/>				
										
						<!-- Macro - targetenemy -->						
						<CustomBehavior File="RunMacro"
										NumOfTimes="1"
										Macro="/targetenemy [noharm]" />

						<!-- Profile message - Casting Bone Shield -->
						<CustomBehavior File="Message" 
										Text="Casting Bone Shield."  
										LogColor="Orange" />
									
						<!-- Macro - Cast Bone Shield -->
						<CustomBehavior File="RunMacro"
										NumOfTimes="1"
										Macro="/cast Bone Shield" />				
									
						<!-- Profile message - Casting Death Grip -->
						<CustomBehavior File="Message" 
										Text="Casting Death Grip."  
										LogColor="Orange" />
									
						<!-- Macro - Cast Death Grip -->
						<CustomBehavior File="RunMacro"
										NumOfTimes="1"
										Macro="/cast Death Grip" />
						
						<!-- Wait timer - wait 3 seconds - delay -->
						<CustomBehavior File="WaitTimer" 
										WaitTime="3000" />	
										
					</If>	<!-- If we are between level 78-79 -->					
										
										
					<!-- ***************************************************************************************************************************** -->
					
									
					<!-- Make our way to the exit -->
					<MoveTo X="155.1128" Y="-86.14938" Z="12.55292" />

					<!-- If we are high enough to go to the next instance, do so -->
					<CustomBehavior File="Misc\LoadProfileOn" 
									MinLevel="79" 
									ProfileName="[QO-N][Solstice][79-80]_the-nexus.xml"  />									

					<!-- Profile message - Waiting 3 seconds - Bag and durability check -->
					<CustomBehavior File="Message" 
									Text="Waiting 3 seconds - Bag and durability check."  
									LogColor="Orange" />
					
					<!-- Wait timer - wait 3 seconds - delay -->
					<CustomBehavior File="WaitTimer" 
									WaitTime="3000" />
					
					<!-- If we have less then 25 empty bag slots or our durability is less than 30% -->
					<If Condition="(Me.FreeBagSlots &lt;= 25) || (Me.LowestDurabilityPercent &lt;= 0.3)" >
												
						<!-- Load profile - [QO-N][Solstice][58-90][repair-mail] -->
						<CustomBehavior File="LoadProfile" 
													ProfileName="Movement\Vendors\[QO-N][Solstice][58-90][repair-mail]" />

					</If>	<!-- If we have less then 25 empty bag slots or our durability is less than 30% -->

					<!-- Profile message - Waiting 3 seconds - Food check - Clefthoof Ribs or Mag'har Mild Cheese -->
					<CustomBehavior File="Message" 
									Text="Waiting 3 seconds - Food check - Clefthoof Ribs or Mag'har Mild Cheese."  
									LogColor="Orange" />
					
					<!-- Wait timer - wait 3 seconds - delay -->
					<CustomBehavior File="WaitTimer" 
									WaitTime="3000" />
					
					<!-- If we don't have Briny Hardcheese -->
					<If Condition="!HasItem(35952)">

						<!-- Load profile - [QO-N][Solstice][58-90][repair-mail] -->
						<CustomBehavior File="LoadProfile" 
										ProfileName="Movement\Vendors\[QO-N][Solstice][58-90][repair-mail]" />
			
					</If>	<!-- If we don't have Mag'har Grainbread -->

					<!-- Profile message - Waiting 3 seconds - Mobile Banking check -->
					<CustomBehavior File="Message" 
									Text="Waiting 3 seconds - Mobile Banking check."  
									LogColor="Orange" />
					
					<!-- Wait timer - wait 3 seconds - delay -->
					<CustomBehavior File="WaitTimer" 
									WaitTime="3000" />
					
					<!-- If we are in a level 11 or greater guild -->
					<If Condition="Me.GuildLevel &gt;= 11">
					
						<!-- Profile message - We are in a level 11+ guild -->
						<CustomBehavior File="Message" 
										Text="We are in a level 11+ guild."  
										LogColor="Orange" />
					
						<!-- If we have friendly reputation with our guild -->
						<If Condition="Me.GetReputationLevelWith(1168) &gt;= WoWUnitReaction.Friendly">
						
						
							<!-- If we have spell (83958) - mobile banking -->
							<If Condition="SpellManager.HasSpell(&quot;Mobile Banking&quot;)">
							
								<!-- Load profile - [QO-N][Solstice][58-90][mobile-banking] -->
								<CustomBehavior File="LoadProfile" 
												ProfileName="Movement\Vendors\[QO-N][Solstice][58-90][mobile-banking]" />
								
							</If>	<!-- If we have spell (83958) - mobile banking -->
							
							<!-- If we don't have spell (83958) - mobile banking -->
							<If Condition="SpellManager.!HasSpell(&quot;Mobile Banking&quot;)">
							
								<!-- Profile message - We don't have friendly or greater reputation with our guild. Aborting Mobile Banking procedures -->
								<CustomBehavior File="Message" 
												Text="We don't have friendly or greater reputation with our guild. Aborting Mobile Banking procedures!"  
												LogColor="Red" />
								
							</If>	<!-- If we have spell (83958) - mobile banking -->

						</If>	<!-- If we have friendly reputation with our guild -->
					
						<!-- If we are not in a level 11+ guild -->
						<Else>
						
							<!-- Profile message - We are not in a level 11+ guild -->
							<CustomBehavior File="Message" 
											Text="We are not in a level 11+ guild."  
											LogColor="Red" />
						
						</Else>		<!-- If we are not in a level 11+ guild -->
					
					
					</If>	<!-- If we are in a level 11 or greater guild -->
					
					<!-- Profile message - All checks complete -->
					<CustomBehavior File="Message" 
									Text="All checks complete."  
									LogColor="Orange" />
						
				</If>	<!-- If we are inside Utgarde Keep -->	

				<!-- If we don't need to vendor -->
				<If Condition="Me.MapId == 574">	

					<!-- Profile message - We have more than 25 empty bag slots. Our gear is above 30% durability and we have Clefthoof Ribs -->
					<CustomBehavior File="Message" 
									Text="We have more than 25 empty bag slots. Our gear is above 30% durability and we have Clefthoof Ribs."
									LogColor="Orange" />
				
					<!-- Instance timer check if we didn't repair -->
					<CustomBehavior File="Misc\InstanceTimer" 
									Timer="Check" />
									
					<!-- Profile message - Exiting the instance so we can reset it -->
					<CustomBehavior File="Message" 
									Text="Exiting the instance so we can reset it."
									LogColor="Fuchsia" />
					
					<!-- Make our way to the exit -->
					<RunTo X="155.1128" Y="-86.14938" Z="12.55292" />

					<!-- Go through the portal -->
					<CustomBehavior File="Misc\InInstance" 
									X="125.1626" Y="-87.67013" Z="12.55168" />
					
					<!-- Move to - zone out location -->
					<Runto X="1221.63" Y="-4864.75" Z="41.2481" />
					
				</If>	<!-- If we are inside Utgarde Keep -->

			</While> <!-- Infinite loop -->
			
		</If>	<!-- If our level is =>78 and <80 -->	
         
		
		
	</QuestOrder>
</HBProfile>

