<Ui xmlns="http://www.blizzard.com/wow/ui/">	
	<Button name='ElvUIAuraTemplate' inherits='SecureActionButtonTemplate' virtual='true'>
		<Size x='26' y='26'/>
		<Attributes>
			<Attribute name='type' value='cancelaura'/>
		</Attributes>
		<Scripts>
			<OnLoad>
				self:RegisterForClicks('RightButtonUp')
			</OnLoad>
			<OnEnter>

				GameTooltip:SetOwner(self, 'ANCHOR_BOTTOMLEFT', -5, -5)
				if(self:GetAttribute'index') then
					GameTooltip:SetUnitAura(SecureButton_GetUnit(self:GetParent()), self:GetID(), self:GetParent():GetAttribute("filter"))
				elseif(self:GetAttribute'target-slot') then
					GameTooltip:SetInventoryItem('player', self:GetID())
				end
			</OnEnter>
			<OnLeave function='GameTooltip_Hide'/>
		</Scripts>
	</Button>	
	
	<!-- Theres gotta be a better way to do this.. -->
	
	<Button name='ElvUIAuraTemplate16' inherits='ElvUIAuraTemplate' virtual='true'>
		<Size x='16' y='16'/>
	</Button>		

	<Button name='ElvUIAuraTemplate18' inherits='ElvUIAuraTemplate' virtual='true'>
		<Size x='18' y='18'/>
	</Button>		

	<Button name='ElvUIAuraTemplate20' inherits='ElvUIAuraTemplate' virtual='true'>
		<Size x='20' y='20'/>
	</Button>		

	<Button name='ElvUIAuraTemplate22' inherits='ElvUIAuraTemplate' virtual='true'>
		<Size x='22' y='22'/>
	</Button>		

	<Button name='ElvUIAuraTemplate24' inherits='ElvUIAuraTemplate' virtual='true'>
		<Size x='24' y='24'/>
	</Button>		

	<Button name='ElvUIAuraTemplate26' inherits='ElvUIAuraTemplate' virtual='true'>
		<Size x='26' y='26'/>
	</Button>		

	<Button name='ElvUIAuraTemplate28' inherits='ElvUIAuraTemplate' virtual='true'>
		<Size x='28' y='28'/>
	</Button>		

	<Button name='ElvUIAuraTemplate30' inherits='ElvUIAuraTemplate' virtual='true'>
		<Size x='30' y='30'/>
	</Button>		


	<Script file='auras.lua'/>
	<Script file='consolidatedBuffs.lua'/>
	<Script file='options.lua'/>
</Ui>