<Ui xmlns="http://www.blizzard.com/wow/ui/" xmlns:xsi="http://www.w3.org/2001/XMLSchema-instance" xsi:schemaLocation="http://www.blizzard.com/wow/ui/
..\FrameXML\UI.xsd">
	<Script file="Locales\enUS.lua" />
	<Script file="Locales\deDE.lua" />
	<Script file="Locales\esES.lua" />
	<Script file="Locales\esMX.lua" />
	<Script file="Locales\frFR.lua" />
	<Script file="Locales\itIT.lua" />
	<Script file="Locales\koKR.lua" />
	<Script file="Locales\ptBR.lua" />
	<Script file="Locales\ruRU.lua" />
	<Script file="Locales\zhCN.lua" />
	<Script file="Locales\zhTW.lua" />
</Ui>