<Ui xmlns="http://www.blizzard.com/wow/ui/" xmlns:xsi="http://www.w3.org/2001/XMLSchema-instance" xsi:schemaLocation="http://www.blizzard.com/wow/ui/
..\FrameXML\UI.xsd">
	<Script file="Modules\AchievementFilter.lua" />
	<Script file="Modules\AFKDND_Filter.lua" />
	<Script file="Modules\AltNames.lua" />
	<Script file="Modules\AuctionMessageFilter.lua" />
	<Script file="Modules\AutoCongratulate.lua" />
	<Script file="Modules\AutoDing.lua" />
	<Script file="Modules\AutoFarewell.lua" />
	<Script file="Modules\AutoProfessionLink.lua" />
	<Script file="Modules\AutoLogChat.lua" />		
	<Script file="Modules\AutoWelcome.lua" />
	<Script file="Modules\Calculator.lua" />
	<Script file="Modules\ChatFading.lua" />
	<Script file="Modules\ChannelColors.lua" />
	<Script file="Modules\ChannelNoticeFilter.lua" />
	<Script file="Modules\ChannelSounds.lua" />	
	<Script file="Modules\ChannelSpam.lua" />
	<Script file="Modules\ClearChat.lua" />
	<Script file="Modules\ColorRolls.lua" />
	<Script file="Modules\CrapCleaner.lua" />
	<Script file="Modules\CustomEmotes.lua" />
	<Script file="Modules\CustomFilters.lua" />
	<Script file="Modules\DamageMeters.lua" />
	<Script file="Modules\DeveloperTools.lua" />
	<Script file="Modules\EditBoxHistory.lua" />
	<Script file="Modules\EmoteFilter.lua" />
	<Script file="Modules\GKickCommand.lua" />
	<Script file="Modules\GInvCommand.lua" />
	<Script file="Modules\GoldCalculator.lua" />
	<Script file="Modules\GuildSpam.lua" />
	<Script file="Modules\GroupSay.lua" />
	<Script file="Modules\IdentifyChatFrames.lua" />
	<Script file="Modules\ImprovedAuctionMessages.lua" />
	<Script file="Modules\InCommand.lua" />
	<Script file="Modules\InviteLinks.lua" />		
	<Script file="Modules\Justify.lua" />
	<Script file="Modules\Keybinds.lua" />
	<Script file="Modules\LootIcons.lua" />
	<Script file="Modules\MaterialsFarming.lua" />
	<Script file="Modules\PetBattles.lua" />
	<Script file="Modules\PlayerNames.lua" />
	<Script file="Modules\RaidHelper.lua" />
	<Script file="Modules\RepeatCommand.lua" />
	<Script file="Modules\Reputation.lua" />
	<Script file="Modules\RerouteAuctionMessages.lua" />
	<Script file="Modules\ScrollReminder.lua" />		
	<Script file="Modules\SpamFilter.lua" />
	<Script file="Modules\StripLinks.lua" />
	<Script file="Modules\TellTarget.lua" />
	<Script file="Modules\Timestamps.lua" />
	<Script file="Modules\WhisperFilter.lua" />
	<Script file="Modules\XPLeftToLevel.lua" />
</Ui>