﻿<HBProfile creator="Botanist" version="1.0">
	<Name>[QO-N-M][Solstice][60-62]_blackrock-depths</Name>
   
	<MinLevel>1</MinLevel>
	<MaxLevel>101</MaxLevel>
   
	<MinDurability>-1</MinDurability>
	<MinFreeBagSlots>-1</MinFreeBagSlots>
	
	<MailGrey>False</MailGrey>
	<MailWhite>False</MailWhite>
	<MailGreen>False</MailGreen>
	<MailBlue>False</MailBlue>
	<MailPurple>False</MailPurple>
   
	<SellGrey>True</SellGrey>
	<SellWhite>True</SellWhite>
	<SellGreen>True</SellGreen>
	<SellBlue>True</SellBlue>
	<SellPurple>False</SellPurple>
   
	<TargetElites>True</TargetElites>
	
	<AvoidMobs>	
		<Mob Name="Summon Enabler Stalker" Entry="53488" />
	</AvoidMobs>
	
	<Blackspots>
		<!-- Rock and branch in Burning Steppes -->
		<Blackspot X="-8370.098" Y="-2562.423" Z="138.6694" Radius="17.55468" />
		
		<Blackspot X="-7119.151" Y="-1225.816" Z="290.3206" Radius="1" />
	</Blackspots>

	<Mailboxes>
	</Mailboxes>
 
	<Vendors>
	</Vendors>
	
	<ProtectedItems>
	</ProtectedItems>

	<Factions>
	</Factions>
	
	<QuestOrder>
		<ClearVendor />
		<ClearMailbox />
			
		<!-- Level check -->
		<If Condition="Me.Level &gt;= 60">
			
			<!-- Profile message - Movement procedures initialized -->			
			<CustomBehavior File="Message" 
							Text="Movement procedures initialized." 
							LogColor="Fuchsia" />
			
			<!-- UserSettings -->
			<CustomBehavior File="UserSettings"
							AdvancedSettingsMode="True"
							FindMountAutomatically="True"
							FindVendorsAutomatically="False"
							GroundMountFarmingMode="False"
							HarvestHerbs="False"
							HarvestMinerals="False"
							KillBetweenHotspots="False"
							LogoutForInactivity="False"
							LogoutInactivityUseForceQuit="False"
							LootChests="False"
							LootMobs="False"
							LootRadius="1"
							MountDistance="75"
							MountName=""
							NinjaSkin="False"
							ProfileDebuggingMode="False"
							PullDistance="1"
							RessAtSpiritHealers="False"
							SkinMobs="False"
							UseFlightPaths="True"
							UseMount="True" 
							UseRandomMount="False" />
							
							
			<!-- If we are in Outlands, move to Stormwind/Orgrimmar -->				
			<If Condition="Me.MapId == 530" >	

				<!-- Profile message - We are in Outlands. Moving to Stormwind/Orgrimmar -->
				<CustomBehavior File="Message" 
								Text="We are in Outlands. Moving to Stormwind/Orgrimmar" 
								LogColor="Cyan" />
								
				<!-- If we are Alliance -->
				<If Condition="Me.IsAlliance">
					
					<!-- Move to Honor Hold and fly to the Dark portal -->
					<RunTo X="-673.42" Y="2717.27" Z="94.18" />
					
					<!-- Use the flight master to fly to the Dark portal -->
					<RunTo X="-327.35" Y="1020.49" Z="54.24791" />
					
					<!-- Move to the Stormwind portal -->
					<RunTo X="-337.2882" Y="965.1047" Z="54.27977" />
					
					<!-- Interact with the Stormwind portal -->
					<CustomBehavior File="InteractWith" 
									MobId="195139" 
									ObjectType="Gameobject" 
									Range="4.75" 
									NumOfTimes="1"  
									X="-337.4917" Y="962.618835" Z="54.2885323" />
				</If>		
				
				<!-- If we are Horde -->			
				<If Condition="Me.IsHorde">		
				
					<!-- Move to Thrallmar and fly to the Dark portal -->
					<Runto X="220.9109" Y="2639.406" Z="87.91273" />
					
					<!-- Use the flight master to fly to the Dark portal -->
					<Runto X="-179.2556" Y="1027.916" Z="54.17752" />
					
					<!-- Move to the Ogrimmar portal -->
					<Runto X="-160.91" Y="967.9704" Z="54.28086" />
					
					<!-- Interact with the portal -->
					<CustomBehavior File="Message" 
									Text="Taking the portal to Orgrimmar." 
									LogColor="Cyan" />	
									
					<CustomBehavior File="InteractWith" 
									MobId="195140" 
									ObjectType="Gameobject" 
									Range="4.75" 
									NumOfTimes="1" 
									X="-161.317764" Y="965.409851" Z="54.29044" />
									
					<CustomBehavior File="WaitTimer" 
									WaitTime="15000" />	
									
				</If>						
			</If>				

			<!-- If we are in Kalimdor -->
			<If Condition="Me.MapId == 1" >
			
				<!-- Profile message - We need to be in Eastern Kingdoms, moving to the Blasted Lands portal -->
					<CustomBehavior File="Message" 
									Text="We need to be in Eastern Kingdoms, moving to the Blasted Lands portal." 
									LogColor="Cyan" />
			
				<!-- Move to - Orgrimmar portal to Blasted Lands -->
				<RunTo X="1773.622" Y="-4329.713" Z="-8.128812" />
				
				<!-- Custom behavior - Interactwith the Blasted Lands portal -->
				<CustomBehavior File="InteractWith" 
								MobId="195142" 
								ObjectType="Gameobject"
								Range="4.75" 
								NumOfTimes="1"  
								X="1768.45" Y="-4325.86" Z="-8.3711" />

				<!-- Profile message - Moving to the Dreadmaul Hold flight master -->
				<CustomBehavior File="Message" 
								Text="Moving to the Dreadmaul Hold flight master." 
								LogColor="Cyan" />				
								
				<!-- Move to - Dreadmaul Hold flight master -->
				<Runto X="-10931.64" Y="-2790.759" Z="25.69611" />
			
			</If>	<!-- If we are in Kalimdor -->

			<!-- If we are in Eastern Kingdoms -->
			<If Condition="Me.MapId == 0" >
			
				<!-- If our hearthstone is set here, use it -->
				<If Condition="Me.HearthstoneAreaId == 5628" >
				
					<!-- Profile message - Our Hearthstone/Innkeeper's Daughter is set at Iron Summit -->
					<CustomBehavior File="Message" 
									Text="Our Hearthstone/Innkeeper's Daughter is set at Iron Summit." 
									LogColor="Cyan" />
										
					<!-- Our hearth isn't set, we need to go to the zone -->
					<Else>
					
						<!-- Profile message - Our Hearthstone/Innkeeper's Daughter isn't set in the proper location. Moving to set it -->
						<CustomBehavior File="Message" 
										Text="Our Hearthstone/Innkeeper's Daughter isn't set in the proper location. Moving to set it." 
										LogColor="Cyan" />
				
						<!-- Profile message - Moving to Iron Summit -->
						<CustomBehavior File="Message" 
										Text="Moving to Iron Summit." 
										LogColor="Cyan" />
										
						<!-- If we are in Stormwind -->
						<If Condition="Me.ZoneId == 1519" >
							
							<!-- Profile message - We are in Stormwind. Moving to Iron Summit -->
							<CustomBehavior File="Message" 
											Text="We are in Stormwind. Moving to Iron Summit." 
											LogColor="Cyan" />
							
							<!-- Move to - Stormwind flight master -->
							<RunTo X="-8841.06" Y="489.656" Z="109.607" />
							
							<!-- Move to - Iron Summit flight master -->
							<RunTo X="-7123.06" Y="-1236.63" Z="290.131" />
										
						</If>
						
						<!-- If we are in Dreadmaul Hold -->
						<If Condition="Me.X &gt; -10995.13 &amp;&amp; Me.X &lt; -10789.19 &amp;&amp; Me.Y &lt; -2589.842 &amp;&amp; Me.Y &gt; -2802.244" >
						
							<!-- Move to - Dreadmaul Hold flight master -->
							<Runto X="-10931.64" Y="-2790.759" Z="25.69611" />
							
							<!-- Profile message - We are in Dreadmaul Hold. Moving to the Iron Summit flight master -->
							<CustomBehavior File="Message" 
											Text="We are in Dreadmaul Hold. Moving to the Iron Summit flight master." 
											LogColor="Cyan" />
							
							<!-- Move to - Iron Summit flight master -->
							<RunTo X="-7123.06" Y="-1236.63" Z="290.131" />
							
						</If>	<!-- If we are in Dreadmaul Hold -->
						
						<!-- Profile message - We are in Dreadmaul Hold. Moving to the Iron Summit flight master -->
						<CustomBehavior File="Message" 
										Text="Moving to the innkeeper" 
										LogColor="Cyan" />
						
						<!-- Run to the innkeep in Iron Summit -->
						<Runto X="-7083.119" Y="-1201.846" Z="324.2862" />
						
						<CustomBehavior File="ForcedDismount" />
						
						<!-- Set hearthstone -->

						<CustomBehavior File="Message" 
										Text="Setting my Hearthstone." 
										LogColor="Cyan" />

						<CustomBehavior File="SetHearthstone" 
										MobId="47942" 
										X="-7085.53" Y="-1202.19" Z="323.9885" />

					</Else> <!-- Set hearth -->
					
						<!-- If we are in Stormwind -->
						<If Condition="Me.ZoneId == 1519" >
							
							<!-- Profile message - We are in Stormwind. Moving to Iron Summit -->
							<CustomBehavior File="Message" 
											Text="We are in Stormwind. Moving to Iron Summit." 
											LogColor="Cyan" />
							
							<!-- Move to - Stormwind flight master -->
							<RunTo X="-8841.06" Y="489.656" Z="109.607" />
							
							<!-- Move to - Iron Summit flight master -->
							<RunTo X="-7123.06" Y="-1236.63" Z="290.131" />
							
						</If>
						
						<!-- If we are in Dreadmaul Hold -->
						<If Condition="Me.X &gt; -10995.13 &amp;&amp; Me.X &lt; -10789.19 &amp;&amp; Me.Y &lt; -2589.842 &amp;&amp; Me.Y &gt; -2802.244" >
						
							<!-- Move to - Dreadmaul Hold flight master -->
							<Runto X="-10931.64" Y="-2790.759" Z="25.69611" />
							
							<!-- Profile message - We are in Dreadmaul Hold. Moving to Iron Summit flight master -->
							<CustomBehavior File="Message" 
											Text="We are in Dreadmaul Hold. Moving to Iron Summit flight master." 
											LogColor="Cyan" />
							
							<!-- Move to - Iron Summit flight master -->
							<RunTo X="-7123.06" Y="-1236.63" Z="290.131" />
							
						</If>	<!-- If we are in Dreadmaul Hold -->

				</If> <!-- Check hearthstone -->

				<!-- Profile message - Waiting 3 seconds - Bag and durability check -->
				<CustomBehavior File="Message" 
								Text="Waiting 3 seconds - Bag and durability check."  
								LogColor="Orange" />
				
				<!-- Wait timer - wait 3 seconds - delay -->
				<CustomBehavior File="WaitTimer" 
								WaitTime="3000" />
				
				<!-- If we have less then 25 empty bag slots or our durability is less than 30% -->
				<If Condition="(Me.FreeBagSlots &lt;= 25) || (Me.LowestDurabilityPercent &lt;= 0.3)" >
											
					<!-- Load profile - [QO-N][Solstice][58-90][repair-mail] -->
					<CustomBehavior File="LoadProfile" 
												ProfileName="Vendors\[QO-N][Solstice][58-90][repair-mail]" />

				</If>	<!-- If we have less then 25 empty bag slots or our durability is less than 30% -->

				<!-- Profile message - Waiting 3 seconds - Food check - Homemade Cherry Pie -->
				<CustomBehavior File="Message" 
								Text="Waiting 3 seconds - Food check - Homemade Cherry Pie."  
								LogColor="Orange" />
				
				<!-- Wait timer - wait 3 seconds - delay -->
				<CustomBehavior File="WaitTimer" 
								WaitTime="3000" />

				<!-- If we don't have any Homemade Cherry Pie -->
				<If Condition="!HasItem(8950)">
				
					<!-- Load profile - Custom behavior - LoadProfile - [QO-N][Solstice][58-90][repair-mail] -->
						<CustomBehavior File="LoadProfile" 
												ProfileName="Vendors\[QO-N][Solstice][58-90][repair-mail]" />
				
				</If>	<!-- If we don't have any Homemade Cherry Pie -->

				<!-- Profile message - All checks complete -->
				<CustomBehavior File="Message" 
								Text="All checks complete."  
								LogColor="Orange" />
				
				<!-- Not in - Blackrock Depths instance box -->
				<If Condition="Me.X &gt; -7500 || Me.X &lt; -7550 || Me.Y &lt; -1260 || Me.Y &gt; -1200" >
				
					<!-- Profile message - Moving to Blackrock Depths -->
					<CustomBehavior File="Message" 
									Text="Moving to Blackrock Depths." 
									LogColor="Cyan" />

					<!-- If we aren't in Blackrock Mountain or Searing Gorge -->
					<If Condition="Me.ZoneId != 51 || Me.ZoneId != 25 || ">

						<!-- Run to Iron Summit flight master -->
						<RunTo X="-7111.641" Y="-1230.416" Z="289.7375" />
						
					</If>	<!-- If we aren't in Blackrock Mountain or Searing Gorge -->	
			
					<!-- Forced ground mount -->
					<CustomBehavior File="ForcedMount"
									MountType="Ground" />	
											
					<!-- Move to the overhead gate entering Blackrock Mountain -->
					<CustomBehavior File="NoCombatMoveTo" 
									X="-7498.54" Y="-1076.006" Z="264.7504" />
					
					<!-- Move to the chain leading to BRD -->
					<CustomBehavior File="NoCombatMoveTo" 
									X="-7502.87" Y="-1154.363" Z="269.5318" />
					
					<!-- Move to the Summoning Stone -->
					<CustomBehavior File="NoCombatMoveTo" 
									X="-7587.533" Y="-1123.904" Z="262.8472" />
									
					<!-- Forced dismount -->
					<CustomBehavior File="ForcedDismount" />
					
					<!-- UserSettings -->
					<CustomBehavior File="UserSettings"
									UseMount="False" />

					<!-- Move to Lothos -->
					<RunTo X="-7514.716" Y="-1046.491" Z="182.3" />
					
					<!-- If we aren't attuned to Molten Core, pick up the quest -->
					<If Condition="((!HasQuest(7848)) &amp;&amp; (!IsQuestCompleted(7848)))" >
						<CustomBehavior File="Message" 
										Text="I am not attuned to Molten Core, picking up the quest." 
										LogColor="Orange" />
										
						<PickUp QuestName="Attunement to the Core" 
								QuestId="7848" 
								GiverName="Lothos Riftwaker" 
								GiverId="14387" 
								X="-7508.632" Y="-1039.495" Z="180.9122" />	
					</If>
					
					<!-- If we have the Molten Core Attunement quest, and have the Core fragment, turn in Attunement to the Core -->
					<If Condition="((HasQuest(7848)) &amp;&amp; (HasItem(18412)) &amp;&amp; (!IsQuestCompleted(7848)))" >
					
						<TurnIn QuestName="Attunement to the Core" 
								QuestId="7848" 
								TurnInName="Lothos Riftwaker" 
								TurnInId="14387" />
								
					</If>

					<!-- Move to the instance box -->
					<RunTo X="-7178.41" Y="-922.152" Z="166.0919" />
					
					<!-- UserSettings -->
					<CustomBehavior File="UserSettings"
									UseMount="True" />
					
				</If> <!-- Not in box -->
				
				
				
				<!-- Inside the instance box, load the profile -->
				<If Condition="Me.X &gt; -7200 &amp;&amp; Me.X &lt; -7000 &amp;&amp; Me.Y &lt; -900 &amp;&amp; Me.Y &gt; -1000" >
					<CustomBehavior File="Message" 
									Text="We are in the box." 
									LogColor="Cyan" />
					
					<CustomBehavior File="LoadProfile" 
									ProfileName="..\[QO-N][Solstice][60-62]_blackrock-depths" />
				</If> <!-- Load profile -->
			
			</If>	<!-- If we are in Eastern Kingdoms -->	
		</If> <!-- Level check -->
	</QuestOrder>
</HBProfile>

