﻿<HBProfile creator="Botanist" version="1.0">
	<Name>[QO-N-M][Solstice][58-60]_grind</Name>
   
	<MinLevel>1</MinLevel>
	<MaxLevel>101</MaxLevel>
   
	<MinDurability>-1</MinDurability>
	<MinFreeBagSlots>-1</MinFreeBagSlots>
	
	<MailGrey>False</MailGrey>
	<MailWhite>False</MailWhite>
	<MailGreen>False</MailGreen>
	<MailBlue>False</MailBlue>
	<MailPurple>True</MailPurple>
   
	<SellGrey>True</SellGrey>
	<SellWhite>True</SellWhite>
	<SellGreen>True</SellGreen>
	<SellBlue>True</SellBlue>
	<SellPurple>False</SellPurple>
   
	<TargetElites>True</TargetElites>
	
	<AvoidMobs>	
	</AvoidMobs>
	
	<Blackspots>
	</Blackspots>

	<Mailboxes>
	</Mailboxes>
 
	<Vendors>
	</Vendors>
	
	<ProtectedItems>
	</ProtectedItems>

	<Factions>
	</Factions>
	
	<ClearVendor />
	<ClearMailbox />
	
	<QuestOrder>
		
		<!-- Level check -->
		<If Condition="Me.Level &gt;= 58">
		
			<!-- Profile message - Movement procedures initialized -->
			<CustomBehavior File="Message" 
							Text="Movement procedures initialized." 
							LogColor="Fuchsia" />
		
		 	<!-- UserSettings -->
			<CustomBehavior File="UserSettings"
							AdvancedSettingsMode="True"
							FindMountAutomatically="True"
							FindVendorsAutomatically="False"
							GroundMountFarmingMode="False"
							HarvestHerbs="False"
							HarvestMinerals="False"
							KillBetweenHotspots="False"
							LogoutForInactivity="False"
							LogoutInactivityUseForceQuit="False"
							LootChests="False"
							LootMobs="True"
							LootRadius="35"
							MountDistance="20"
							MountName=""
							NinjaSkin="False"
							ProfileDebuggingMode="False"
							PullDistance="1"
							RessAtSpiritHealers="False"
							SkinMobs="False"
							UseFlightPaths="True"
							UseMount="True" 
							UseRandomMount="False" />
							
			<!-- Infinite loop -->
			<While Condition="true" >
				
				<!-- If I am Alliance -->
				<If Condition="Me.IsAlliance" >
					
					<!-- If We are in Eastern Kingdoms -->
					<If Condition="Me.MapId == 0" >
					
						<!-- If we are in Stormwind -->
						<If Condition="Me.ZoneId == 1519" >
					
							<!-- Usersettings- disable mount use in Stormwind -->
							<CustomBehavior File="UserSettings"
											UseMount="False"  />				
							
							<!-- Move to - Stormwind portal to Blasted Lands -->
							<RunTo X="-9005.403" Y="869.1169" Z="129.6929" />

							<!-- Custom behavior - Interactwith the Blasted Lands portal -->
							<CustomBehavior File="InteractWith" 
											MobId="195141" 
											ObjectType="Gameobject"
											Range="4.75" 
											NumOfTimes="1"  
											X="-9007.58" Y="871.8698" Z="129.6922" />

							<!-- Wait timer - wait 10 seconds - game to load -->
							<CustomBehavior File="WaitTimer" 
											WaitTime="10000" />				
											
							<!-- Usersettings- enable mount use in Blasted Lands -->
							<CustomBehavior File="UserSettings"
											UseMount="True"  />		
					
							<!-- Profile message - Moving to the Dark portal -->
							<CustomBehavior File="Message" 
											Text="Moving to the Dark portal." 
											LogColor="Fuchsia" />
					
							<!-- Move to - Dark portal -->
							<RunTo X="-11896.8" Y="-3206.77" Z="-14.6724" />
											
							<!-- Move to - through Dark Portal -->
							<CustomBehavior File="Misc\InInstance" 
											X="-11908.54" Y="-3209.042" Z="-14.84263" />			
					
							<!-- Wait timer - wait 10 seconds - game to load -->
							<CustomBehavior File="WaitTimer" 
										WaitTime="10000" />
					
							<!-- Profile message - Moving to the flight master -->
							<CustomBehavior File="Message" 
											Text="Moving to the flight master." 
											LogColor="Fuchsia" />
					
							<!-- Move to Alliance flight master -->
							<CustomBehavior File="NoCombatMoveTo"
											X="-320.2289" Y="1026.322" Z="54.17362" />
							
							<!-- Forced dismount -->	
							<CustomBehavior File="ForcedDismount" />
							
							<!-- Wait timer - wait 3 seconds - lag delay -->
							<CustomBehavior File="WaitTimer" 
											WaitTime="3000" />
							
							<!-- Profile message - Moving to Honor Hold -->
							<CustomBehavior File="Message" 
											Text="Moving to Honor Hold." 
											LogColor="Fuchsia" />
							
							<!-- Move to Honor Hold -->
							<RunTo X="-673.42" Y="2717.27" Z="94.18" />

							<!-- We are not in Stormwind -->
							<Else>
							
								<!-- Move to - Dark portal -->
								<RunTo X="-11896.8" Y="-3206.77" Z="-14.6724" />
												
								<!-- Move to - through Dark Portal -->
								<CustomBehavior File="Misc\InInstance" 
												X="-11908.54" Y="-3209.042" Z="-14.84263" />			
						
								<!-- Wait timer - wait 10 seconds - game to load -->
								<CustomBehavior File="WaitTimer" 
											WaitTime="10000" />
						
								<!-- Profile message - Moving to the flight master -->
								<CustomBehavior File="Message" 
												Text="Moving to the flight master." 
												LogColor="Fuchsia" />
						
								<!-- Move to Alliance flight master -->
								<CustomBehavior File="NoCombatMoveTo"
												X="-320.2289" Y="1026.322" Z="54.17362" />
								
								<!-- Forced dismount -->	
								<CustomBehavior File="ForcedDismount" />
								
								<!-- Wait timer - wait 3 seconds - lag delay -->
								<CustomBehavior File="WaitTimer" 
												WaitTime="3000" />
											
								<!-- Profile message - Moving to Honor Hold -->
								<CustomBehavior File="Message" 
												Text="Moving to Honor Hold." 
												LogColor="Fuchsia" />			
											
								<!-- Move to Honor Hold -->
								<RunTo X="-673.42" Y="2717.27" Z="94.18" />
							
							</Else>	<!-- We are not in Stormwind -->
						
						</If>	<!-- If we are in Stormwind -->
						
					</If>	<!-- If We are in Eastern Kingdoms -->

				</If>	<!-- If I am Alliance -->
				
				
				<!-- **************************************************************************************************** -->
				
				
				<!-- If I am Horde -->
				<If Condition="Me.IsHorde" >
				
					<!-- If We are in Kalimdor -->
					<If Condition="Me.MapId == 1" >
					
						<!-- If we are in Orgrimmar -->
						<If Condition="Me.ZoneId == 1637" >
					
							<!-- Profile message - We are in Orgrimmar, moving to the Blasted Lands portal -->
							<CustomBehavior File="Message" 
											Text="We are in Orgrimmar, moving to the Blasted Lands portal." 
											LogColor="Fuchsia" />
							
							<!-- Usersettings- disable mount use in Orgrimmar -->
							<CustomBehavior File="UserSettings"
											UseMount="False"  />				
							
							<!-- Move to - Orgrimmar portal to Blasted Lands -->
							<RunTo X="1773.622" Y="-4329.713" Z="-8.128812" />

							<!-- Custom behavior - Interactwith the Blasted Lands portal -->
							<CustomBehavior File="InteractWith" 
											MobId="195142" 
											ObjectType="Gameobject"
											Range="4.75" 
											NumOfTimes="1"  
											X="1768.45" Y="-4325.86" Z="-8.3711" />

							<!-- Wait timer - wait 10 seconds - game to load -->
							<CustomBehavior File="WaitTimer" 
											WaitTime="10000" />					
											
							<!-- Usersettings- enable mount use in Blasted Lands -->
							<CustomBehavior File="UserSettings"
											UseMount="True"  />		

							<!-- Profile message - Moving to the Dark portal -->
							<CustomBehavior File="Message" 
											Text="Moving to the Dark portal." 
											LogColor="Fuchsia" />				
											
							<!-- Move to - Dark portal -->
							<RunTo X="-11896.8" Y="-3206.77" Z="-14.6724" />
											
							<!-- Move to - through Dark Portal -->
							<CustomBehavior File="Misc\InInstance" 
											X="-11908.54" Y="-3209.042" Z="-14.84263" />			
					
							<!-- Wait timer - wait 10 seconds - game to load -->
							<CustomBehavior File="WaitTimer" 
										WaitTime="10000" />
					
							<!-- Profile message - Moving to the flight master -->
							<CustomBehavior File="Message" 
											Text="Moving to the flight master." 
											LogColor="Fuchsia" />
					
							<!-- Move to Horde flight master -->
							<CustomBehavior File="NoCombatMoveTo"
											X="-178.09" Y="1026.72" Z="54.19" />
							
							<!-- Forced dismount -->	
							<CustomBehavior File="ForcedDismount" />
							
							<!-- Wait timer - wait 3 seconds - lag delay -->
							<CustomBehavior File="WaitTimer" 
											WaitTime="3000" />
											
							<!-- Profile message - Moving to Thrallmar -->
							<CustomBehavior File="Message" 
											Text="Moving to Thrallmar." 
											LogColor="Fuchsia" />				
											
							<!-- Move to Thrallmar -->
							<RunTo X="228.5" Y="2633.57" Z="87.66663" />
					
							<!-- We are not in Orgrimmar -->
							<Else>
							
								<!-- Profile message - Moving to The Valley of Strength -->
								<CustomBehavior File="Message" 
												Text="Moving to The Valley of Strength."
												LogColor="Orange" />
								
								<!-- Move to - The Valley of Strength -->
								<RunTo X="1709.422" Y="-4313.744" Z="31.33597" />
							
								<!-- Profile message - Moving to the Blasted Lands portal -->
								<CustomBehavior File="Message" 
												Text="Moving to the Blasted Lands portal." 
												LogColor="Fuchsia" />
							
								<!-- Move to -  Blasted Lands portal -->
								<RunTo X="1773.622" Y="-4329.713" Z="-8.128812" />

								<!-- Custom behavior - Interactwith the Blasted Lands portal -->
								<CustomBehavior File="InteractWith" 
												MobId="195142" 
												ObjectType="Gameobject"
												Range="4.75" 
												NumOfTimes="1"  
												X="1768.45" Y="-4325.86" Z="-8.3711" />

								<!-- Wait timer - wait 10 seconds - game to load -->
								<CustomBehavior File="WaitTimer" 
											WaitTime="10000" />					
												
								<!-- Usersettings- enable mount use in Blasted Lands -->
								<CustomBehavior File="UserSettings"
												UseMount="True"  />		

								<!-- Profile message - Moving to the Dark portal -->
								<CustomBehavior File="Message" 
												Text="Moving to the Dark portal." 
												LogColor="Fuchsia" />
											
								<!-- Move to - Dark portal -->
								<RunTo X="-11896.8" Y="-3206.77" Z="-14.6724" />
												
								<!-- Move to - through Dark Portal -->
								<CustomBehavior File="Misc\InInstance" 
												X="-11908.54" Y="-3209.042" Z="-14.84263" />			
						
								<!-- Wait timer - wait 10 seconds - game to load -->
								<CustomBehavior File="WaitTimer" 
											WaitTime="10000" />
								
								<!-- Profile message - Moving to the flight master -->
								<CustomBehavior File="Message" 
												Text="Moving to the flight master." 
												LogColor="Fuchsia" />
												
								<!-- Move to Horde flight master -->
								<CustomBehavior File="NoCombatMoveTo"
												X="-178.09" Y="1026.72" Z="54.19" />
								
								<!-- Forced dismount -->	
								<CustomBehavior File="ForcedDismount" />
								
								<!-- Wait timer - wait 3 seconds - lag delay -->
								<CustomBehavior File="WaitTimer" 
												WaitTime="3000" />
											
								<!-- Profile message - Moving to Thrallmar -->
								<CustomBehavior File="Message" 
												Text="Moving to Thrallmar." 
												LogColor="Fuchsia" />			
											
								<!-- Move to Thrallmar -->
								<RunTo X="228.5" Y="2633.57" Z="87.66663" />

							</Else>	<!-- We are not in Orgrimmar -->
						
						</If>	<!-- If we are in Orgrimmar -->
						
					</If>	<!-- If We are in Kalimdor -->
				
				</If>	<!-- If I am Horde -->

				<!-- If We are in Outland -->
				<If Condition="Me.MapId == 530" >
				
					<!-- Load profile - [QO-N][Solstice][58-90][mobile-banking] -->
					<CustomBehavior File="LoadProfile" 
											ProfileName="..\..\[QO-N][60-90][Solstice][Auto-Loader]_LOAD-THIS-AND-ONLY-THIS" />

				</If>	<!-- If We are in Outland -->
				
			</While> <!-- Infinite loop -->
		</If>	<!-- Level check -->
	</QuestOrder>
</HBProfile>