﻿<HBProfile creator="Botanist" version="1.0">
	<Name>[QO-N-M][Solstice][80-82]_ahn'kahet-the-old-kingdom</Name>
   
	<MinLevel>1</MinLevel>
	<MaxLevel>101</MaxLevel>
   
	<MinDurability>-1</MinDurability>
	<MinFreeBagSlots>-1</MinFreeBagSlots>
	
	<MailGrey>False</MailGrey>
	<MailWhite>False</MailWhite>
	<MailGreen>False</MailGreen>
	<MailBlue>False</MailBlue>
	<MailPurple>False</MailPurple>
   
	<SellGrey>True</SellGrey>
	<SellWhite>True</SellWhite>
	<SellGreen>True</SellGreen>
	<SellBlue>True</SellBlue>
	<SellPurple>False</SellPurple>
   
	<TargetElites>True</TargetElites>
	
	<AvoidMobs>		
		<Mob Name="Summon Enabler Stalker" Entry="53488" />
		<Mob Name="Drakkari Guardian" Entry="26620" />
	</AvoidMobs>
	
	<Blackspots>
		<Blackspot X="-295.7177" Y="-744.481" Z="29.66842" Radius="3" />
	</Blackspots>

	<Mailboxes>
	</Mailboxes>
 
	<Vendors>
	</Vendors>
	
	<ProtectedItems>
		<Item name="Book of Glyph Mastery" entry="45912" />
		<Item name="Frostweave Cloth" entry="33470" />		
	</ProtectedItems>

	<Factions>16</Factions>
	
	<QuestOrder>
		<ClearVendor />
		<ClearMailbox />
		
		<!-- Level check -->
		<If Condition="Me.Level &gt;= 79">
			
			<!-- Profile message - Movement procedures initialized -->			
			<CustomBehavior File="Message" 
							Text="Movement procedures initialized." 
							LogColor="Fuchsia" />
							
			<!-- UserSettings -->
			<CustomBehavior File="UserSettings"
							AdvancedSettingsMode="True"
							FindMountAutomatically="True"
							FindVendorsAutomatically="False"
							GroundMountFarmingMode="False"
							HarvestHerbs="False"
							HarvestMinerals="False"
							KillBetweenHotspots="True"
							LogoutForInactivity="False"
							LogoutInactivityUseForceQuit="False"
							LootChests="False"
							LootMobs="False"
							LootRadius="1"
							MountDistance="75"
							MountName=""
							NinjaSkin="False"
							ProfileDebuggingMode="False"
							PullDistance="45"
							RessAtSpiritHealers="False"
							SkinMobs="False"
							UseFlightPaths="True"
							UseMount="True" 
							UseRandomMount="False" />
							
			<!-- Outland -->
			<If Condition="Me.MapId == 530">
				<CustomBehavior File="Message" 
								Text="We are in Outland." 
								LogColor="Cyan" />
								
				<CustomBehavior File="Message" 
								Text="Moving to Shattrath portals." 
								LogColor="Cyan" />				
								
				<!-- Fly to Shattrath -->
				<CustomBehavior File="FlyTo" X="-1977.775" Y="5373.526" Z="54.82305" />

				<!-- Go to the ground -->
				<CustomBehavior File="FlyTo" X="-1920.137" Y="5400.772" Z="-12.42688" />
				
				<!-- Alliance -->
				<If Condition="Me.IsAlliance">
					<CustomBehavior File="Message" 
									Text="We are Alliance." 
									LogColor="Cyan" />
									
					<CustomBehavior File="Message" 
									Text="Taking Stormwind portal." 
									LogColor="Cyan" />		
								
					<!-- Portal to stormwind -->
					<CustomBehavior File="FlyTo" X="-1892.733" Y="5390.708" Z="-12.42776" />
					
					<!-- Interact with stormwind portal -->
					<CustomBehavior File="InteractWith" 
									MobId="183325" 
									ObjectType="Gameobject" 
									Range="55.1" 
									NumOfTimes="1"
									WaitTime="10000" 
									X="-1894.18921" Y="5387.93945" Z="-12.4282484" />
					
					<!-- Horde -->
					<ElseIf Condition="Me.IsHorde">
						<CustomBehavior File="Message" 
										Text="We are Horde." 
										LogColor="Cyan" />
									
						<CustomBehavior File="Message" 
										Text="Taking Orgrimmar portal." 
										LogColor="Cyan" />	
					
						<!-- Portal to org -->
						<CustomBehavior File="FlyTo" X="-1897.926" Y="5395.339" Z="-12.42868" />
						
						<!-- Interact with orgrimmar portal -->
						<CustomBehavior File="InteractWith" 
										MobId="183323" 
										ObjectType="Gameobject" 
										Range="55.1" 
										NumOfTimes="1"
										WaitTime="10000" 
										X="-1899.44971" Y="5393.01" Z="-12.4283171" />
					</ElseIf> <!-- Horde -->
				</If> <!-- Alliance -->
			</If> <!-- Outland -->
			
			<!-- Kalimdor -->
			<If Condition="Me.MapId == 1">
				<CustomBehavior File="Message" 
								Text="We are in Kalimdor." 
								LogColor="Cyan" />
								
				<!-- Horde -->
				<If Condition="Me.IsHorde">
					<CustomBehavior File="Message" 
									Text="We are Horde." 
									LogColor="Cyan" />
								
					<!-- Run to the Grom'gol Zeppelin -->
					<RunTo X="1868.09" Y="-4417.422" Z="135.232" />				
			
					<!-- Forced dismount -->		
					<CustomBehavior File="ForcedDismount" />						
									
					<!-- Profile message - Waiting for the Zeppelin -->
					<CustomBehavior File="Message" 
									Text="Waiting for the Zeppelin." 
									LogColor="Cyan" />
									
					<CustomBehavior File="UseTransport" 
						TransportId="175080" 
						WaitAtX="1869.635" 
						WaitAtY="-4419.227" 
						WaitAtZ="135.2332"								
						TransportStartX="1880.818" 
						TransportStartY="-4435.269" 
						TransportStartZ="152.8608"								
						StandOnX="1883.553" 
						StandOnY="-4419.312" 
						StandOnZ="136.8681"
						TransportEndX="-12464.34" 
						TransportEndY="233.1597" 
						TransportEndZ="49.53437"	
						GetOffX="-12445.94" 
						GetOffY="218.9818" 
						GetOffZ="31.86087" />	
						
					<!-- Run to the Grom'gol flight master -->
					<RunTo X="-12414.2" Y="146.29" Z="3.266916" />
					
					<!-- If we are in Northern Stranglethorn -->
					<If Condition="Me.ZoneId == 33">
					
						<!-- Run to the Undercity Zeppelin -->
						<RunTo X="-12409.83" Y="202.752" Z="31.97309" />				
							
						<!-- Forced dismount -->		
						<CustomBehavior File="ForcedDismount" />

						<CustomBehavior File="UseTransport" 
									TransportId="176495" 
									WaitAtX="-12410.93" 
									WaitAtY="202.3381" 
									WaitAtZ="31.77636"								
									TransportStartX="-12406.8906" 
									TransportStartY="211.837677" 
									TransportStartZ="49.6984367"						
									StandOnX="-12398.64" 
									StandOnY="197.7412" 
									StandOnZ="33.84207"
									TransportEndX="2062.59888" 
									TransportEndY="235.264465" 
									TransportEndZ="117.733627"	
									GetOffX="2057.45" 
									GetOffY="238.7743" 
									GetOffZ="99.76712" />				
						<!-- Run to the doorway -->
						<RunTo X="2060.382" Y="254.9573" Z="99.76746" />
					</If>
					
					<!-- If we are in Tristfall Glades -->
					<If Condition="Me.ZoneId == 85" >
					
						<!-- Run to the Howling Fjord Zeppelin -->
						<RunTo X="2062.118" Y="358.4322" Z="82.47268" />
									
						<!-- Undercity to Howling Fjord -->
						<CustomBehavior File="UseTransport"
										TransportId="181689"
										WaitAtX="2062.118" 
										WaitAtY="358.4322" 
										WaitAtZ="82.47268" 
										TransportStartX="2056.4926" 
										TransportStartY="381.6347" 
										TransportStartZ="100.3620"
										TransportEndX="1989.352" 
										TransportEndY="-6082.7763"
										TransportEndZ="85.59"
										StandOnX="2060.598" 
										StandOnY="370.0439" 
										StandOnZ="82.48199" 
										GetOffX="1973.536"
										GetOffY="-6099.92" 
										GetOffZ="67.15816" />
											
						<!-- Run to the other side of the room -->
						<RunTo  X="1959.064" Y="-6118.095" Z="27.84882" />
					</If>		
				</If> <!-- Horde -->
			</If> <!-- Kalimdor -->
			
			<!-- Eastern Kingdoms -->
			<If Condition="Me.MapId == 0">
				<CustomBehavior File="Message" 
								Text="We are in Eastern Kingdoms." 
								LogColor="Cyan" />
			
				<If Condition="Me.IsAlliance">
					<CustomBehavior File="Message" 
									Text="We are Alliance." 
									LogColor="Cyan" />
								
					<!-- Move to Wetlands -->
					<RunTo X="-3691.205" Y="-604.9369" Z="4.289214" />

					<!-- Take boat to Valgarde, Howling Fjord -->
					<CustomBehavior File="UseTransport"
									TransportId="181688" 
									WaitAtX="-3684.419" 
									WaitAtY="-600.1639"
									WaitAtZ="4.367113"
									TransportStartX="-3674.43" 
									TransportStartY="-586.74"
									TransportStartZ="0.0416"
									StandOnX="-3672.219"
									StandOnY="-592.2634" 
									StandOnZ="9.477744"
									TransportEndX="584.0138"
									TransportEndY="-5118.85547"
									TransportEndZ="0.004170269"	
									GetOffX="593.8839"
									GetOffY="-5102.632" 
									GetOffZ="5.260393" />
			
				</If> <!-- Alliance -->
				
				<If Condition="Me.IsHorde" >
				
					<!-- Run to the Undercity Zeppelin -->
						<RunTo X="-12409.83" Y="202.752" Z="31.97309" />				
							
						<!-- Forced dismount -->		
						<CustomBehavior File="ForcedDismount" />

						<CustomBehavior File="UseTransport" 
									TransportId="176495" 
									WaitAtX="-12410.93" 
									WaitAtY="202.3381" 
									WaitAtZ="31.77636"								
									TransportStartX="-12406.8906" 
									TransportStartY="211.837677" 
									TransportStartZ="49.6984367"						
									StandOnX="-12398.64" 
									StandOnY="197.7412" 
									StandOnZ="33.84207"
									TransportEndX="2062.59888" 
									TransportEndY="235.264465" 
									TransportEndZ="117.733627"	
									GetOffX="2057.45" 
									GetOffY="238.7743" 
									GetOffZ="99.76712" />						
						<!-- Run to the doorway -->
						<RunTo X="2060.382" Y="254.9573" Z="99.76746" />
					
					<!-- Run to the Howling Fjord Zeppelin -->
					<RunTo X="2062.118" Y="358.4322" Z="82.47268" />
								
					<!-- Undercity to Howling Fjord -->
					<CustomBehavior File="UseTransport"
									TransportId="181689"
									WaitAtX="2062.118" 
									WaitAtY="358.4322" 
									WaitAtZ="82.47268" 
									TransportStartX="2056.4926" 
									TransportStartY="381.6347" 
									TransportStartZ="100.3620"
									TransportEndX="1989.352" 
									TransportEndY="-6082.7763"
									TransportEndZ="85.59"
									StandOnX="2060.598" 
									StandOnY="370.0439" 
									StandOnZ="82.48199" 
									GetOffX="1973.536"
									GetOffY="-6099.92" 
									GetOffZ="67.15816" />
										
					<!-- Run to the other side of the room -->
					<RunTo  X="1959.064" Y="-6118.095" Z="27.84882" />
					
				</If>
				
			</If> <!-- Eastern Kingdoms -->				
							
			<!-- If we are in The Nexus -->
			<If Condition="Me.MapId == 576">
			
				<!-- Profile message - The Nexus detected. Running out-->
				<CustomBehavior File="Message" 
								Text="The Nexus detected. Running out."
								LogColor="Fuchsia" />
			
				<!-- Move to - zone in location -->
				<MoveTo X="145.8687" Y="-12.01035" Z="-16.6367" />

				<!-- Go through the portal -->
				<CustomBehavior File="Misc\InInstance" 
								X="145.9168" Y="-17.94392" Z="-16.6367" />
				
				<!-- Move to - zone out location -->
				<Runto X="3896.74" Y="6985.4" Z="69.4879" />
				
				<!-- Move to - flying mount location -->
				<Runto X="3774.963" Y="6950.565" Z="105.322" />
				
			</If>	<!-- If we are in The Nexus -->

			<!-- Northrend -->
			<If Condition="Me.MapId == 571">
			
				<!-- Profile message - We are in Northrend -->
				<CustomBehavior File="Message" 
								Text="We are in Northrend." 
								LogColor="Cyan" />
									
				<!-- If our hearthstone is set here -->
				<If Condition="(Me.HearthstoneAreaId == 4204) || (Me.HearthstoneAreaId == 4165)">
				
					<!-- Profile message - Our Hearthstone is set at Amberpine Lodge or Agmar's Hammer -->
					<CustomBehavior File="Message" 
									Text="Our Hearthstone is set at Amberpine Lodge or Agmar's Hammer." 
									LogColor="Cyan" />

					<!-- Our hearth isn't set, we need to go to the zone -->
					<Else>
					
						<!-- Profile message - Our Hearthstone isn't set in the proper location. Moving to set it -->
						<CustomBehavior File="Message" 
										Text="Our Hearthstone isn't set in the proper location. Moving to set it." 
										LogColor="Cyan" />
					
						<!-- If we are Alliance -->
						<If Condition="Me.IsAlliance">
						
							<!-- Profile message - Flying to Amberpine Lodge -->
							<CustomBehavior File="Message" 
											Text="Flying to Amberpine Lodge." 
											LogColor="Cyan" />
						
							<!-- Fly to - Amberpine Lodge hover point -->
							<CustomBehavior File="FlyTo" 
											X="3444.486" Y="-2777.132" Z="282.1241" />

							<!-- Fly to - doorway of the inn -->
							<CustomBehavior File="FlyTo" 
											X="3437.849" Y="-2772.048" Z="200.4837" />
							
							<!-- Custom behavior - ForcedDismount -->
							<CustomBehavior File="ForcedDismount" />

							<!-- Move to - inside the inn -->
							<RunTo X="3408.015" Y="-2793.484" Z="201.5198" />
							
							<!-- Profile message - Setting our Hearthstone -->
							<CustomBehavior File="Message" 
											Text="Setting our Hearthstone." 
											LogColor="Cyan" />
											
							<!-- Custom behavior - SetHearthstone -->				
							<CustomBehavior File="SetHearthstone" 
											MobId="27066" 
											X="3406.959" Y="-2788.631" Z="201.5214" />
											
							<!-- Move to - outside of the inn -->
							<RunTo X="3437.849" Y="-2772.048" Z="200.4837" />
							
							<!-- Fly to - Amberpine Lodge hover point -->
							<CustomBehavior File="FlyTo" 
											X="3444.486" Y="-2777.132" Z="282.1241" />
							
							<!-- Profile message - We are in Amberpine Lodge -->
							<CustomBehavior File="Message" 
											Text="We are in Amberpine Lodge." 
											LogColor="Cyan" />

							<!-- Else we are Horde -->
							<Else Condition="Me.IsHorde">
							
								<!-- Profile message - Flying to Agmar's Hammer -->
								<CustomBehavior File="Message" 
												Text="Flying to Agmar's Hammer." 
												LogColor="Cyan" />
						
								<!-- Fly to - Agmar's Hammer hover point -->
								<CustomBehavior File="FlyTo" 
												X="3827.927" Y="1593.636" Z="169.1055" />

								<!-- Fly to - doorway of the inn -->
								<CustomBehavior File="FlyTo" 
												X="3842.753" Y="1517.664" Z="91.51793" />
								
								<!-- Custom behavior - ForcedDismount -->
								<CustomBehavior File="ForcedDismount" />

								<!-- Move to - inside the inn -->
								<RunTo X="3832.617" Y="1488.477" Z="92.06097" />
								
								<!-- Profile message - Setting our Hearthstone -->
								<CustomBehavior File="Message" 
												Text="Setting our Hearthstone." 
												LogColor="Cyan" />

								<!-- Custom behavior - SetHearthstone -->			
								<CustomBehavior File="SetHearthstone" 
												MobId="26985"
												X="3830.374" Y="1485.493" Z="92.05931" />

								<!-- Move to - outside of the inn -->
								<RunTo X="3842.753" Y="1517.664" Z="91.51793" />
								
								<!-- Fly to - Agmar's Hammer hover point -->
								<CustomBehavior File="FlyTo" 
												X="3827.927" Y="1593.636" Z="169.1055" />
								
								<!-- Profile message - We are in Agmar's Hammer -->
								<CustomBehavior File="Message" 
												Text="We are in Agmar's Hammer." 
												LogColor="Cyan" />
												
							</Else>		<!-- Else we are Horde -->
							
						</If>	<!-- If we are Alliance -->
						
					</Else>		<!-- Our hearth isn't set, we need to go to the zone -->
					
				</If>	 <!-- Check hearthstone -->
				
				<!-- Profile message - Waiting 3 seconds - Bag and durability check -->
				<CustomBehavior File="Message" 
								Text="Waiting 3 seconds - Bag and durability check."  
								LogColor="Orange" />
				
				<!-- Wait timer - wait 3 seconds - delay -->
				<CustomBehavior File="WaitTimer" 
								WaitTime="3000" />
				
				<!-- If we have less then 25 empty bag slots or our durability is less than 30% -->
				<If Condition="(Me.FreeBagSlots &lt;= 25) || (Me.LowestDurabilityPercent &lt;= 0.3)" >
											
					<!-- Load profile - [QO-N][Solstice][58-90][repair-mail] -->
					<CustomBehavior File="LoadProfile" 
												ProfileName="Vendors\[QO-N][Solstice][58-90][repair-mail]" />

				</If>	<!-- If we have less then 25 empty bag slots or our durability is less than 30% -->

				<!-- Profile message - Waiting 3 seconds - Food check - Briny Hardcheese -->
				<CustomBehavior File="Message" 
								Text="Waiting 3 seconds - Food check - Briny Hardcheese."  
								LogColor="Orange" />
				
				<!-- Wait timer - wait 3 seconds - delay -->
				<CustomBehavior File="WaitTimer" 
								WaitTime="3000" />
				
				<!-- If we don't have Briny Hardcheese -->
				<If Condition="!HasItem(35952)">
		
					<!-- Load profile - [QO-N][Solstice][58-90][repair-mail] -->
					<CustomBehavior File="LoadProfile" 
									ProfileName="Vendors\[QO-N][Solstice][58-90][repair-mail]" />
		
				</If>	<!-- If we don't have any Briny Hardcheese -->
				
				<!-- Profile message - All checks complete -->
				<CustomBehavior File="Message" 
								Text="All checks complete."  
								LogColor="Orange" />				

				<!-- Profile message - Flying to Ahn'kahet: The Old Kingdom -->
				<CustomBehavior File="Message" 
								Text="Flying to Ahn'kahet: The Old Kingdom." 
								LogColor="Cyan" />
				
				<!-- Fly to - Ahn'kahet: The Old Kingdom - hover point -->
				<CustomBehavior File="FlyTo" 
								X="3766.74" Y="2141.23" Z="133.6681" />
								
				<!-- Fly to - into the cavern -->
				<CustomBehavior File="MyCTM" 
								X="3721.99" Y="2157.118" Z="36.4346" />

				<!-- Custom behavior - Forced Dismount -->				
				<CustomBehavior File="ForcedDismount" />				

				<!-- Move to - zone out location -->
				<RunTo X="3641.17" Y="2031.15" Z="2.59325" />
				
			</If> <!-- Northrend -->
			
			<!-- If we are in the Ahn'kahet: The Old Kingdom instance box -->
				<If Condition="Me.X &gt; 3632.751 &amp;&amp; Me.X &lt; 3655.414 &amp;&amp; Me.Y &gt; 2029.809 &amp;&amp; Me.Y &lt; 2058.279" >
			
				<!-- Custom behavior - LoadProfile - [QO-N-M][Solstice][80-82]_ahn'kahet-the-old-kingdom -->
				<CustomBehavior File="LoadProfile" 
								ProfileName="..\[QO-N][Solstice][80-82]_ahn'kahet-the-old-kingdom" />
								
			</If>	<!-- If we are in the Drak'tharon Keep instance box -->
			
		</If>	<!-- Level check -->

	</QuestOrder>
	
</HBProfile>