<Ui xmlns="http://www.blizzard.com/wow/ui/">			<Script file="LibStub\LibStub.lua"/>	<Script file="CallbackHandler-1.0\CallbackHandler-1.0.lua"/>	<Include file="AceAddon-3.0\AceAddon-3.0.xml"/>	<Include file="AceEvent-3.0\AceEvent-3.0.xml"/>	<Include file="AceGUI-3.0\AceGUI-3.0.xml"/>	<Include file="AceConfig-3.0\AceConfig-3.0.xml"/>	<Include file="AceConsole-3.0\AceConsole-3.0.xml"/>	<Include file="AceDB-3.0\AceDB-3.0.xml"/>	<Include file="AceLocale-3.0\AceLocale-3.0.xml"/>	<Include file="AceDBOptions-3.0\AceDBOptions-3.0.xml"/>	<Include file="AceTimer-3.0\AceTimer-3.0.xml"/>	<Include file="AceHook-3.0\AceHook-3.0.xml"/>	<Include file="LibSharedMedia-3.0\lib.xml"/>	<Include file="AceGUI-3.0-SharedMediaWidgets\widget.xml"/>	<Script file="LibSimpleSticky\LibSimpleSticky.lua"/>	<Include file='oUF\oUF.xml'/>	<Include file='oUF_Plugins\oUF_Plugins.xml'/>	<Script file="LibActionButton-1.0\LibActionButton-1.0.lua"/>	<Script file="LibDataBroker\LibDataBroker-1.1.lua"/>	<Script file="LibDualSpec-1.0\LibDualSpec-1.0.lua"/></Ui>