﻿<HBProfile creator="Botanist and Wigglez" version="1.0">
	<Name>[QO][1-85]_raf-auto-loader</Name>
   
	<MinLevel>1</MinLevel>
	<MaxLevel>101</MaxLevel>
   
	<MinDurability>-1</MinDurability>
	<MinFreeBagSlots>-1</MinFreeBagSlots>
	
	<MailGrey>False</MailGrey>
	<MailWhite>False</MailWhite>
	<MailGreen>False</MailGreen>
	<MailBlue>False</MailBlue>
	<MailPurple>False</MailPurple>
   
	<SellGrey>False</SellGrey>
	<SellWhite>False</SellWhite>
	<SellGreen>False</SellGreen>
	<SellBlue>False</SellBlue>
	<SellPurple>False</SellPurple>
   
	<TargetElites>True</TargetElites>
	
	<AvoidMobs>
	</AvoidMobs>
	
	<Blackspots>
	</Blackspots>

	<Mailboxes>
	</Mailboxes>
 
	<Vendors>
	</Vendors>

	<Factions>
	</Factions>
	
	<ProtectedItems>	
	</ProtectedItems>
	
	<QuestOrder>
		<ClearVendor />
		<ClearMailbox />
		
		<!-- *******************************************************  RAF Toons ************************************************************** -->
		<If Condition="Me.Level &lt;= 85">
			<CustomBehavior File="Message" 
							Text="We are a RAF." 
							LogColor="SeaGreen" />
			
			<!-- 1-10 Northshire/Valley of Trials -->
			<If Condition="Me.Level &gt;= 1 &amp;&amp; Me.Level &lt; 10">
				<CustomBehavior File="Message" 
								Text="We are between 1-10." 
								LogColor="SeaGreen" />
								
				<!-- Alliance -->
				<If Condition="Me.IsAlliance">
					<CustomBehavior File="Message" 
									Text="We are Alliance." 
									LogColor="SeaGreen" />
							
					<CustomBehavior File="LoadProfile" 
									ProfileName="[QO][1-10]_Grinding\[QO-A][1-10]_northshire" />
					
					<!-- Horde -->
					<ElseIf Condition="Me.IsHorde">
						<CustomBehavior File="Message" 
										Text="We are Horde." 
										LogColor="SeaGreen" />
									
						<CustomBehavior File="LoadProfile" 
									ProfileName="[QO][1-10]_Grinding\[QO-H][1-10]_valley-of-trials" />
					</ElseIf> <!-- Horde -->
				</If> <!-- Alliance -->
			</If> <!-- 10-17 -->
			
			<!-- 10-17 Deadmines/Wailing Caverns -->
			<If Condition="Me.Level &gt;= 10 &amp;&amp; Me.Level &lt; 17">
				<CustomBehavior File="Message" 
								Text="We are between 10-17." 
								LogColor="SeaGreen" />
								
				<!-- Alliance -->
				<If Condition="Me.IsAlliance">
					<CustomBehavior File="Message" 
									Text="We are Alliance." 
									LogColor="SeaGreen" />
									
					<!-- Elwynn Forest -->
					<If Condition="Me.ZoneId == 12 || Me.ZoneId == 1519">
						<CustomBehavior File="LoadProfile" 
										ProfileName="[QO][10-85]_Instances\[QO-A][10-17]_deadmines" />
										
						<Else>
							<CustomBehavior File="Message" 
											Text="You must be in Stormwind or Elwynn Forest to run this profile automatically." 
											LogColor="Red" />
						</Else> 
					</If> <!-- Elwynn Forest -->
					
					<!-- Horde -->
					<ElseIf Condition="Me.IsHorde">
						<CustomBehavior File="Message" 
										Text="We are Horde." 
										LogColor="SeaGreen" />
										
						<!-- Durotar -->
						<If Condition="Me.ZoneId == 14">			
							<CustomBehavior File="LoadProfile" 
										ProfileName="[QO][10-85]_Instances\[QO-H][10-17]_wailing-caverns" />
										
							<Else>
								<CustomBehavior File="Message" 
												Text="You must be in Durotar to run this profile automatically." 
												LogColor="Red" />
							</Else> 
						</If> <!-- Durotar -->
					</ElseIf> <!-- Horde -->
				</If> <!-- Alliance -->
			</If> <!-- 10-17 -->
			
			<!-- 17-25 Blackfathom Deeps -->
			<If Condition="Me.Level &gt;= 17 &amp;&amp; Me.Level &lt; 25">
				<CustomBehavior File="Message" 
								Text="We are between 17-25." 
								LogColor="SeaGreen" />
								
				<!-- Stormwind or Orgrimmar -->
				<If Condition="Me.ZoneId == 1519 || Me.ZoneId == 1637">
					<CustomBehavior File="LoadProfile" 
									ProfileName="[QO][10-85]_Instances\[QO-N][17-25]_blackfathom-deeps" />
								
					<Else>
						<CustomBehavior File="Message" 
										Text="You must be in Stormwind City or Orgrimmar to run this profile automatically." 
										LogColor="Red" />
					</Else> 
				</If> <!-- Stormwind or Orgrimmar -->
			</If> <!-- 17-25 -->
		
			<!-- 25-37 Razorfen Kraul -->
			<If Condition="Me.Level &gt;= 25 &amp;&amp; Me.Level &lt; 37">
				<CustomBehavior File="Message" 
								Text="We are between 25-37." 
								LogColor="SeaGreen" />
								
				<!-- Stormwind or Orgrimmar -->
				<If Condition="Me.ZoneId == 1519 || Me.ZoneId == 1637">
					<CustomBehavior File="LoadProfile" 
									ProfileName="[QO][10-85]_Instances\[QO-N][25-37]_razorfen-kraul" />
								
					<Else>
						<CustomBehavior File="Message" 
										Text="You must be in Stormwind City or Orgrimmar to run this profile automatically." 
										LogColor="Red" />
					</Else> 
				</If> <!-- Stormwind or Orgrimmar -->
			</If> <!-- 25-37 -->
			
			<!-- 37-42 Razorfen Downs -->
			<If Condition="Me.Level &gt;= 37 &amp;&amp; Me.Level &lt; 42">
				<CustomBehavior File="Message" 
								Text="We are between 37-42." 
								LogColor="SeaGreen" />
								
				<!-- Razorfen Kraul -->
				<If Condition="Me.ZoneId == 491">
					<CustomBehavior File="LoadProfile" 
									ProfileName="[QO][10-85]_Instances\[QO-N][37-42]_razorfen-downs" />
								
					<Else>
						<CustomBehavior File="Message" 
										Text="You must be in Razorfen Kraul to run this profile automatically." 
										LogColor="Red" />
					</Else> 
				</If> <!-- Razorfen Kraul -->
			</If> <!-- 37-42 -->
			
			<!-- 42-48 Blackrock Depths -->
			<If Condition="Me.Level &gt;= 42 &amp;&amp; Me.Level &lt; 48">
				<CustomBehavior File="Message" 
								Text="We are between 42-48." 
								LogColor="SeaGreen" />
								
				<!-- Stormwind or Orgrimmar -->
				<If Condition="Me.ZoneId == 1519 || Me.ZoneId == 1637">
					<CustomBehavior File="LoadProfile" 
									ProfileName="[QO][10-85]_Instances\[QO-N][42-48]_blackrock-depths" />
								
					<Else>
						<CustomBehavior File="Message" 
										Text="You must be in Stormwind City or Orgrimmar to run this profile automatically." 
										LogColor="Red" />
					</Else> 
				</If> <!-- Stormwind or Orgrimmar -->
			</If> <!-- 42-48 -->
			
			<!-- 48-60 Blackrock Spire -->
			<If Condition="Me.Level &gt;= 48 &amp;&amp; Me.Level &lt; 60 &amp;&amp; Me.Class != WoWClass.DeathKnight">
				<CustomBehavior File="Message" 
								Text="We are between 48-60." 
								LogColor="SeaGreen" />
								
				<!-- Blackrock Depths -->
				<If Condition="Me.ZoneId == 1584">
					<CustomBehavior File="LoadProfile" 
									ProfileName="[QO][10-85]_Instances\[QO-N][48-60]_blackrock-spire" />
								
					<Else>
						<CustomBehavior File="Message" 
										Text="You must be in Blackrock Depths to run this profile automatically." 
										LogColor="Red" />
					</Else> 
				</If> <!-- Blackrock Depths -->		
			</If> <!-- 48-60 -->
			
			<!-- DK -->
			<If Condition="Me.Class == WoWClass.DeathKnight">
				<CustomBehavior File="Message" 
								Text="We are a Death Knight." 
								LogColor="SeaGreen" />
								
				<!-- 58-60 Hellfire Ramparts -->
				<If Condition="Me.Level &gt;= 58 &amp;&amp; Me.Level &lt; 60">
					<CustomBehavior File="Message" 
									Text="We are between 58-60." 
									LogColor="SeaGreen" />
									
					<!-- Stormwind or Orgrimmar -->
					<If Condition="Me.ZoneId == 1519 || Me.ZoneId == 1637">
						<CustomBehavior File="LoadProfile" 
										ProfileName="[QO][10-85]_Instances\[QO-N][58-60][DK]_hellfire-ramparts" />
									
						<Else>
							<CustomBehavior File="Message" 
											Text="You must be in Stormwind City or Orgrimmar to run this profile automatically." 
											LogColor="Red" />
						</Else> 
					</If> <!-- Stormwind or Orgrimmar -->
				</If> <!-- 58-60 -->
			</If> <!-- DK -->
			
			<!-- 60-63 Blood Furnace -->
			<If Condition="Me.Level &gt;= 60 &amp;&amp; Me.Level &lt; 63">
				<CustomBehavior File="Message" 
								Text="We are between 60-63." 
								LogColor="SeaGreen" />
								
				<!-- Stormwind or Orgrimmar -->
				<If Condition="Me.ZoneId == 1519 || Me.ZoneId == 1637">
					<CustomBehavior File="LoadProfile" 
									ProfileName="[QO][10-85]_Instances\[QO-N][60-63]_blood-furnace" />
								
					<Else>
						<CustomBehavior File="Message" 
										Text="You must be in Stormwind City or Orgrimmar to run this profile automatically." 
										LogColor="Red" />
					</Else> 
				</If> <!-- Stormwind or Orgrimmar -->
			</If> <!-- 60-63 -->
			
			<!-- 63-68 Sethekk Halls -->
			<If Condition="Me.Level &gt;= 63 &amp;&amp; Me.Level &lt; 68">
				<CustomBehavior File="Message" 
								Text="We are between 63-68." 
								LogColor="SeaGreen" />
								
				<!-- Blood Furnace -->
				<If Condition="Me.ZoneId == 3713">
					<CustomBehavior File="LoadProfile" 
									ProfileName="[QO][10-85]_Instances\[QO-N][63-68]_sethekk-halls" />
								
					<Else>
						<CustomBehavior File="Message" 
										Text="You must be in Blood Furnace to run this profile automatically." 
										LogColor="Red" />
					</Else> 
				</If> <!-- Blood Furnace -->
			</If> <!-- 63-68 -->
			
			<!-- 68-71 Utgarde Keep -->
			<If Condition="Me.Level &gt;= 68 &amp;&amp; Me.Level &lt; 71">
				<CustomBehavior File="Message" 
								Text="We are between 68-71." 
								LogColor="SeaGreen" />
								
				<!-- Stormwind or Orgrimmar -->
				<If Condition="Me.ZoneId == 1519 || Me.ZoneId == 1637">
					<CustomBehavior File="LoadProfile" 
									ProfileName="[QO][10-85]_Instances\[QO-N][68-71]_utgarde-keep" />
								
					<Else>
						<CustomBehavior File="Message" 
										Text="You must be in Stormwind City or Orgrimmar to run this profile automatically." 
										LogColor="Red" />
					</Else> 
				</If> <!-- Utgarde Keep -->				
			</If> <!-- 68-71 -->
			
			<!-- 71-73 Drak'tharon Keep -->
			<If Condition="Me.Level &gt;= 71 &amp;&amp; Me.Level &lt; 73">
				<CustomBehavior File="Message" 
								Text="We are between 71-73." 
								LogColor="SeaGreen" />
								
				<!-- Drak'tharon Keep -->
				<If Condition="Me.ZoneId == 206">
					<CustomBehavior File="LoadProfile" 
									ProfileName="[QO][10-85]_Instances\[QO-N][71-73]_drak'tharon-keep" />
								
					<Else>
						<CustomBehavior File="Message" 
										Text="You must be in Utgarde Keep to run this profile automatically." 
										LogColor="Red" />
					</Else> 
				</If> <!-- Drak'tharon Keep -->			
			</If> <!-- 71-73 -->
			
			<!-- 73-75 Gundrak -->
			<If Condition="Me.Level &gt;= 73 &amp;&amp; Me.Level &lt; 75">
				<CustomBehavior File="Message" 
								Text="We are between 73-75." 
								LogColor="SeaGreen" />
								
				<!-- Gundrak -->
				<If Condition="Me.ZoneId == 4196">
					<CustomBehavior File="LoadProfile" 
									ProfileName="[QO][10-85]_Instances\[QO-N][73-75]_gundrak" />
								
					<Else>
						<CustomBehavior File="Message" 
										Text="You must be in Drak'tharon Keep to run this profile automatically." 
										LogColor="Red" />
					</Else> 
				</If> <!-- Gundrak -->					
			</If> <!-- 73-75 -->
			
			<!-- 75-80 Halls of Lightning -->
			<If Condition="Me.Level &gt;= 75 &amp;&amp; Me.Level &lt; 77">
				<CustomBehavior File="Message" 
								Text="We are between 75-77." 
								LogColor="SeaGreen" />
								
				<!-- Halls of Lightning -->
				<If Condition="Me.ZoneId == 4416">
					<CustomBehavior File="LoadProfile" 
									ProfileName="[QO][10-85]_Instances\[QO-N][75-80]_halls-of-lightning" />
								
					<Else>
						<CustomBehavior File="Message" 
										Text="You must be in Gundrak to run this profile automatically." 
										LogColor="Red" />
					</Else> 
				</If> <!-- Halls of Lightning -->		
			</If> <!-- 75-80 -->
			
			<!-- 80-83 Blackrock Caverns -->
			<If Condition="Me.Level &gt;= 77 &amp;&amp; Me.Level &lt; 83">
				<CustomBehavior File="Message" 
								Text="We are between 77-83." 
								LogColor="SeaGreen" />
								
				<!-- Blackrock Caverns -->
				<If Condition="Me.ZoneId == 4272">
					<CustomBehavior File="LoadProfile" 
									ProfileName="[QO][10-85]_Instances\[QO-N][80-83]_blackrock-caverns" />
								
					<Else>
						<CustomBehavior File="Message" 
										Text="You must be in Halls of Lightning to run this profile automatically." 
										LogColor="Red" />
					</Else> 
				</If> <!-- Blackrock Caverns -->		
			</If> <!-- 80-83 -->
			
			<!-- 83-85 Lost City of the Tol'vir -->
			<If Condition="Me.Level &gt;= 83 &amp;&amp; Me.Level &lt; 85">
				<CustomBehavior File="Message" 
								Text="We are between 83-85." 
								LogColor="SeaGreen" />
								
				<!-- Lost City of the Tol'vir -->
				<If Condition="Me.ZoneId == 4926">
					<CustomBehavior File="LoadProfile" 
									ProfileName="[QO][10-85]_Instances\[QO-N][83-85]_lost-city-of-the-tol'vir" />
								
					<Else>
						<CustomBehavior File="Message" 
										Text="You must be in Blackrock Caverns to run this profile automatically." 
										LogColor="Red" />
					</Else> 
				</If> <!-- Lost City of the Tol'vir -->	
			</If> <!-- 83-85 -->
		</If> <!-- RAF -->
	</QuestOrder>
</HBProfile>

