﻿<HBProfile creator="Botanist and Wigglez" version="1.0">
	<Name>[QO-N-M][63-68]_sethekk-halls</Name>
   
	<MinLevel>1</MinLevel>
	<MaxLevel>101</MaxLevel>
   
	<MinDurability>-1</MinDurability>
	<MinFreeBagSlots>-1</MinFreeBagSlots>
	
	<MailGrey>False</MailGrey>
	<MailWhite>False</MailWhite>
	<MailGreen>False</MailGreen>
	<MailBlue>False</MailBlue>
	<MailPurple>False</MailPurple>
   
	<SellGrey>True</SellGrey>
	<SellWhite>True</SellWhite>
	<SellGreen>True</SellGreen>
	<SellBlue>True</SellBlue>
	<SellPurple>False</SellPurple>
   
	<TargetElites>True</TargetElites>
	
	<AvoidMobs>
		<Mob Name="Summon Enabler Stalker" Entry="53488" />
	</AvoidMobs>
	
	<Blackspots>
		<Blackspot X="64.52451" Y="80.84284" Z="0.4361966" Radius="1" />
	</Blackspots>

	<Mailboxes>
	</Mailboxes>
 
	<Vendors>
	</Vendors>

	<Factions></Factions>
	
	<ProtectedItems>
		
	</ProtectedItems>
	
	<QuestOrder>
		<ClearVendor />
		<ClearMailbox />
		
		<!-- *******************************************************  Booster ************************************************************** -->
		<If Condition="Me.Level &gt;= 90">
			<CustomBehavior File="Message" 
							Text="We are a booster." 
							LogColor="Cyan" />
							
			<!-- Booster UserSettings -->
			<CustomBehavior File="UserSettings"
							AdvancedSettingsMode="True"
							FindMountAutomatically="True"
							FindVendorsAutomatically="False"
							GroundMountFarmingMode="False"
							HarvestHerbs="False"
							HarvestMinerals="False"
							KillBetweenHotspots="True"
							LogoutForInactivity="False"
							LogoutInactivityUseForceQuit="False"
							LootChests="False"
							LootMobs="False"
							LootRadius="1"
							MountDistance="75"
							MountName=""
							NinjaSkin="False"
							ProfileDebuggingMode="False"
							PullDistance="45"
							RessAtSpiritHealers="False"
							SkinMobs="False"
							UseFlightPaths="True"
							UseMount="True" 
							UseRandomMount="False" />
			
			<!-- If we are inside -->
			<If Condition="Me.ZoneId == 3713">
				<CustomBehavior File="Message" 
								Text="Blood Furnace detected. Running out."
								LogColor="Fuchsia" />
								
				<RunTo X="-4.093049" Y="17.00105" Z="-44.78368" />
				
				<!-- Go through the portal -->
				<CustomBehavior File="MyCTM" X="-0.4589169" Y="25.4346" Z="-44.8006" />
				
				<!-- Make sure we run to the right spot outside the portal -->
				<RunTo X="-302.408" Y="3162.92" Z="31.7273" />
			</If> <!-- BF -->
			
			<!-- Outland -->
			<If Condition="Me.MapId == 530">
				<CustomBehavior File="Message" 
								Text="We are in Outland." 
								LogColor="Cyan" />
						
				<!-- If our hearthstone is set here, use it -->
				<If Condition="(Me.HearthstoneAreaId == 3684) || (Me.HearthstoneAreaId == 3683)">
					<CustomBehavior File="Message" 
										Text="Our Innkeeper is set at Allerian Stronghold or Stonebreaker Hold." 
										LogColor="Cyan" />
										
					<!-- Have hearthstone -->
					<If Condition="HasItem(6948)">
						<CustomBehavior File="Message" 
										Text="Using Hearthstone." 
										LogColor="Lime" />
										
						<CustomBehavior File="Misc\RunLua" 
										Lua="UseItemByName(6948)" 
										WaitTime="1000" />
										
						<CustomBehavior File="WaitTimer" 
										WaitTime="20000" />
					</If> <!-- Have hearthstone -->
				
					<!-- Have Innkeeper's Daughter -->
					<If Condition="HasItem(64488)">
						<CustomBehavior File="Message" 
										Text="Using Innkeeper's Daughter." 
										LogColor="Lime" />
											
						<CustomBehavior File="Misc\RunLua" 
										Lua="UseItemByName(64488)" 
										WaitTime="1000" />
							
						<CustomBehavior File="WaitTimer" 
										WaitTime="20000" />
					</If> <!-- Have Innkeeper's Daughter -->
						
					<!-- Our hearth isn't set, we need to go to the zone -->
					<Else>
						<CustomBehavior File="Message" 
										Text="Our Hearthstone isn't set in the proper location. Moving to set it." 
										LogColor="Lime" />
					
						<!-- Alliance -->
						<If Condition="Me.IsAlliance">
							<CustomBehavior File="Message" 
											Text="Flying to Allerian Stronghold." 
											LogColor="Lime" />
						
							<!-- Fly to the hover point above the innkeep in Allerian Stronghold -->
							<CustomBehavior File="FlyTo" X="-2939.273" Y="3984.656" Z="23.7445" />

							<!-- Front doorway of the inn -->
							<CustomBehavior File="FlyTo" X="-2931.109" Y="4013.582" Z="-1.410047" />
							<CustomBehavior File="ForcedDismount" />

							<!-- Run inside the inn -->
							<RunTo X="-2920.208" Y="4020.259" Z="0.4217456" />
							
							<!-- Set hearthstone -->
							<CustomBehavior File="WaitTimer" 
											WaitTime="1000" />
							<CustomBehavior File="Message" 
											Text="Setting my Hearthstone." 
											LogColor="Lime" />
							<CustomBehavior File="WaitTimer" 
											WaitTime="1000" />
							<CustomBehavior File="SetHearthstone" 
											MobId="19296" 
											X="-2917.881" Y="4021.484" Z="0.4280258" />
							<CustomBehavior File="WaitTimer" 
											WaitTime="1000" />
								
							<!-- Run outside of inn -->
							<RunTo X="-2931.109" Y="4013.582" Z="-1.410047" />
							
							<!-- Hover point -->
							<CustomBehavior File="FlyTo" X="-2939.273" Y="3984.656" Z="23.7445" />
							
							<CustomBehavior File="Message" 
											Text="We are in Allerian Stronghold." 
											LogColor="Fuchsia" />

							<!-- Horde -->
							<ElseIf Condition="Me.IsHorde">
								<CustomBehavior File="Message" 
												Text="Flying to Stonebreaker Hold." 
												LogColor="Lime" />
						
								<!-- Fly to the hover point above the innkeep in Stonebreaker Hold -->
								<CustomBehavior File="FlyTo" X="-2633.392" Y="4387.538" Z="93.16135" />

								<!-- Front doorway of the inn -->
								<CustomBehavior File="FlyTo" X="-2626.85" Y="4411.93" Z="34.70145" />
								<CustomBehavior File="ForcedDismount" />

								<!-- Run inside the inn -->
								<RunTo X="-2621.966" Y="4448.498" Z="36.09211" />
								
								<!-- Set hearthstone -->
								<CustomBehavior File="WaitTimer" 
												WaitTime="1000" />
								<CustomBehavior File="Message" 
												Text="Setting my Hearthstone." 
												LogColor="Lime" />
								<CustomBehavior File="WaitTimer" 
												WaitTime="1000" />
								<CustomBehavior File="SetHearthstone" 
												MobId="18957"
												X="-2621.776" Y="4450.3" Z="36.09409" />
								<CustomBehavior File="WaitTimer" 
												WaitTime="1000" />
							
								<!-- Run outside of the inn -->
								<RunTo X="-2626.85" Y="4411.93" Z="34.70145" />
								
								<!-- Fly to the hover point above the innkeep in Stonebreaker Hold -->
								<CustomBehavior File="FlyTo" X="-2633.392" Y="4387.538" Z="93.16135" />
								
								<CustomBehavior File="Message" 
												Text="We are in Stonebreaker Hold." 
												LogColor="Fuchsia" />
							</ElseIf> <!-- Horde -->
						</If> <!-- Alliance -->
					</Else> <!-- Set hearth -->
				</If> <!-- Check hearthstone -->
				
				<!-- Repair if necessary -->
				<If Condition="Me.LowestDurabilityPercent &lt; 0.8" >
					<If Condition="Me.IsAlliance">
						<CustomBehavior File="FlyTo" X="-2963.77" Y="4017.751" Z="1.688854" />
						<CustomBehavior File="ForcedDismount" />
						
						<RunTo X="-2974.844" Y="4026.831" Z="3.573579" />
					</If>
					
					<If Condition="Me.IsHorde">
						<CustomBehavior File="FlyTo" X="-2644.589" Y="4425.806" Z="36.9834" />
						<CustomBehavior File="ForcedDismount" />
					</If>
				
					<CustomBehavior File="Message" 
									Text="Our durability is less than 80%, we need to repair." 
									LogColor="Fuchsia" />
								
					<CustomBehavior File="ForceSetVendor" 
									DoMail="False" 
									DoRepair="True" 
									DoSell="False" 
									DoTrain="False" />
					
					<SetVendor>
						<Vendors>
							<!-- Allerian Stronghold -->
							<Vendor Name="Cecil Meyers" 
									Entry="19056" 
									Type="Repair" 
									X="-2978.951" Y="4033.115" Z="3.574028" />
							
							<!-- Stonebreaker Hold -->
							<Vendor Name="Bar Talet" 
									Entry="18962" 
									Type="Repair" 
									X="-2639.384" Y="4425.386" Z="36.68329" />
						</Vendors>
					</SetVendor>
				
					<!-- We are done repairing -->
					<If Condition="Me.DurabilityPercent &gt;= 0.8" >
						<CustomBehavior File="Message" 
										Text="Repairing complete." 
										LogColor="Fuchsia" />
					</If> <!-- repaired -->
					
					<If Condition="Me.IsAlliance">
						<!-- Outside blacksmith -->
						<RunTo X="-2963.77" Y="4017.751" Z="1.688854" />
					
						<!-- Fly to the hover point above the innkeep in Allerian Stronghold -->
						<CustomBehavior File="FlyTo" X="-2939.273" Y="3984.656" Z="23.7445" />
					</If>
					
					<If Condition="Me.IsHorde">
						<!-- Fly to the hover point above the innkeep in Stonebreaker Hold -->
						<CustomBehavior File="FlyTo" X="-2633.392" Y="4387.538" Z="93.16135" />
					</If>
				</If> <!-- Repairing -->
				
				<CustomBehavior File="Message" 
								Text="Flying to the rendezvous location." 
								LogColor="Lime" />
				
				<!-- Fly outside of Sethekk Halls at rendezvous -->
				<CustomBehavior File="FlyTo" X="-3363.793" Y="4913.244" Z="53.08671" />

				<CustomBehavior File="Misc\LoadProfileOn" 
								CheckRange="5" />
									
				<CustomBehavior File="WaitTimer"
								WaitTime="10000" />
								
				<!-- Fly down -->
				<CustomBehavior File="FlyTo" X="-3362.315" Y="4869.151" Z="-54.88341" />

				<!-- Fly into box -->
				<CustomBehavior File="FlyTo" X="-3362.1" Y="4752.152" Z="-101.3961" />
				<CustomBehavior File="ForcedDismount" />
				
				<RunTo X="-3362.1" Y="4668.9" Z="-101.048" />
			</If> <!-- Outland -->
			
			<!-- In box -->
			<If Condition="Me.X &gt; -3400 &amp;&amp; Me.X &lt; -3300 &amp;&amp; Me.Y &gt; 4600 &amp;&amp; Me.Y &lt; 4700" >
				<CustomBehavior File="LoadProfile" 
								ProfileName="..\[QO-N][63-68]_sethekk-halls" />
			</If> <!-- In box -->				
		</If> <!-- Booster -->
					
		
		
		
		
		
		
		
				
		<!-- ******************************************************* RAF Toons *************************************************************** -->			
				
	
	
		
		
		
		
		
		
		<!-- RAF Toons -->		
		<If Condition="Me.Level &lt;= 85">
			<CustomBehavior File="Message" 
							Text="We are a RAF." 
							LogColor="Cyan" />
		
			<If Condition="Me.IsAlliance">
				<If Condition="Me.HearthstoneAreaId != 5148">
					<CustomBehavior File="Message" 
									Text="Our Hearthstone isn't set in the Trade District in Stormwind. Stopping profile." 
									LogColor="Lime" />
									
					<CustomBehavior File="UserSettings" 
										StopBot="true" />
				</If>
				
				<ElseIf Condition="Me.IsHorde">
					<If Condition="Me.HearthstoneAreaId != 5170">
						<CustomBehavior File="Message" 
										Text="Our Hearthstone isn't set in the Valley of Strength in Orgrimmar. Stopping profile." 
										LogColor="Lime" />
										
						<CustomBehavior File="UserSettings" 
										StopBot="true" />
					</If>
				</ElseIf>
			</If>
			
			<!-- RAF UserSettings -->
			<CustomBehavior File="UserSettings"
							AdvancedSettingsMode="True"
							FindMountAutomatically="True"
							FindVendorsAutomatically="False"
							GroundMountFarmingMode="False"
							HarvestHerbs="False"
							HarvestMinerals="False"
							KillBetweenHotspots="False"
							LogoutForInactivity="False"
							LogoutInactivityUseForceQuit="False"
							LootChests="False"
							LootMobs="False"
							LootRadius="1"
							MountDistance="75"
							MountName=""
							NinjaSkin="False"
							ProfileDebuggingMode="False"
							PullDistance="1"
							RessAtSpiritHealers="False"
							SkinMobs="False"
							UseFlightPaths="True"
							UseMount="True" 
							UseRandomMount="False" />
			
			<!-- If we are inside -->
			<If Condition="Me.ZoneId == 3713">
				<CustomBehavior File="Message" 
								Text="Blood Furnace detected. Running out."
								LogColor="Fuchsia" />
								
				<RunTo X="-4.093049" Y="17.00105" Z="-44.78368" />
				
				<!-- Go through the portal -->
				<CustomBehavior File="MyCTM" X="-0.4589169" Y="25.4346" Z="-44.8006" />
				
				<!-- Make sure we run to the right spot outside the portal -->
				<RunTo X="-302.408" Y="3162.92" Z="31.7273" />
			</If> <!-- BF -->		

			<!-- Outland -->
			<If Condition="Me.MapId == 530">
				<CustomBehavior File="Message" 
								Text="Flying to the rendezvous location." 
								LogColor="Lime" />
				
				<!-- Fly outside of Sethekk Halls at rendezvous -->
				<CustomBehavior File="FlyTo" X="-3363.793" Y="4913.244" Z="53.08671" />

				<CustomBehavior File="Misc\LoadProfileOn" 
								CheckRange="5" />
									
				<CustomBehavior File="WaitTimer"
								WaitTime="10000" />
								
				<!-- Fly down -->
				<CustomBehavior File="FlyTo" X="-3362.315" Y="4869.151" Z="-54.88341" />

				<!-- Fly into box -->
				<CustomBehavior File="FlyTo" X="-3362.1" Y="4752.152" Z="-101.3961" />
				<CustomBehavior File="ForcedDismount" />
				
				<RunTo X="-3362.1" Y="4668.9" Z="-101.048" />
			</If> <!-- Outland -->
			
			<!-- In box -->
			<If Condition="Me.X &gt; -3400 &amp;&amp; Me.X &lt; -3300 &amp;&amp; Me.Y &gt; 4600 &amp;&amp; Me.Y &lt; 4700" >
				<CustomBehavior File="LoadProfile" 
								ProfileName="..\[QO-N][63-68]_sethekk-halls" />
			</If> <!-- In box -->
		</If> <!-- RAF toons -->
	</QuestOrder>
</HBProfile>

