﻿<HBProfile creator="Botanist and Wigglez" version="1.0">
	<Name>[QO-N-M][73-75]_gundrak</Name>
   
	<MinLevel>1</MinLevel>
	<MaxLevel>101</MaxLevel>
   
	<MinDurability>-1</MinDurability>
	<MinFreeBagSlots>-1</MinFreeBagSlots>
	
	<MailGrey>False</MailGrey>
	<MailWhite>False</MailWhite>
	<MailGreen>False</MailGreen>
	<MailBlue>False</MailBlue>
	<MailPurple>False</MailPurple>
   
	<SellGrey>True</SellGrey>
	<SellWhite>True</SellWhite>
	<SellGreen>True</SellGreen>
	<SellBlue>True</SellBlue>
	<SellPurple>False</SellPurple>
   
	<TargetElites>True</TargetElites>
	
	<AvoidMobs>		
	</AvoidMobs>
	
	<Blackspots>
	</Blackspots>

	<Mailboxes>
	</Mailboxes>
 
	<Vendors>
	</Vendors>
	
	<ProtectedItems>
	</ProtectedItems>

	<Factions></Factions>
	
	<QuestOrder>
		<ClearVendor />
		<ClearMailbox />
		
		<!-- *******************************************************  Booster ************************************************************** -->
		<If Condition="Me.Level &gt;= 90">
			<CustomBehavior File="Message" 
							Text="We are a booster." 
							LogColor="Cyan" />
							
			<!-- Booster UserSettings -->
			<CustomBehavior File="UserSettings"
							AdvancedSettingsMode="True"
							FindMountAutomatically="True"
							FindVendorsAutomatically="False"
							GroundMountFarmingMode="False"
							HarvestHerbs="False"
							HarvestMinerals="False"
							KillBetweenHotspots="True"
							LogoutForInactivity="False"
							LogoutInactivityUseForceQuit="False"
							LootChests="False"
							LootMobs="False"
							LootRadius="1"
							MountDistance="75"
							MountName=""
							NinjaSkin="False"
							ProfileDebuggingMode="False"
							PullDistance="45"
							RessAtSpiritHealers="False"
							SkinMobs="False"
							UseFlightPaths="True"
							UseMount="True" 
							UseRandomMount="False" />
							
			<!-- Drak'Tharon Keep -->
			<If Condition="Me.ZoneId == 4196">
				<CustomBehavior File="Message" 
								Text="Drak'Tharon Keep detected. Running out."
								LogColor="Fuchsia" />
			
				<!-- Make our way to the exit -->
				<RunTo X="-517.15" Y="-489.201" Z="11.01775" />

				<!-- Go through the portal -->
				<CustomBehavior File="MyCTM" X="-518.2795" Y="-481.8023" Z="10.98073" />
				
				<!-- Make sure we run to the right spot outside the potral -->
				<RunTo X="4774.44" Y="-2030.03" Z="229.38" />	
				
				<!-- Run out the back of DTK -->
				
				<CustomBehavior File="MyCTM" X="4774.504" Y="-2037.159" Z="229.3893" />
				<CustomBehavior File="MyCTM" X="4803.765" Y="-2046.188" Z="238.2983" />
				<CustomBehavior File="MyCTM" X="4833.138" Y="-2054.709" Z="250.0727" />
				<CustomBehavior File="MyCTM" X="4858.173" Y="-2060.801" Z="250.0414" />
				<CustomBehavior File="MyCTM" X="4890.869" Y="-2064.121" Z="248.3107" />
				<CustomBehavior File="MyCTM" X="4889.271" Y="-2080.337" Z="249.9111" />
		
			</If> <!-- DK -->

			<!-- Northrend -->
			<If Condition="Me.MapId == 571">
				<CustomBehavior File="Message" 
								Text="We are in Northrend." 
								LogColor="Cyan" />
								
				<!-- If our hearthstone is set here, use it -->
				<If Condition="Me.HearthstoneAreaId == 4275">
					<CustomBehavior File="Message" 
									Text="Our Innkeeper is set at The Argent Stand." 
									LogColor="Cyan" />
										
					<!-- Have hearthstone -->
					<If Condition="HasItem(6948)">
						<CustomBehavior File="Message" 
										Text="Using Hearthstone." 
										LogColor="Lime" />
										
						<CustomBehavior File="Misc\RunLua" 
										Lua="UseItemByName(6948)" 
										WaitTime="1000" />
										
						<CustomBehavior File="WaitTimer" 
										WaitTime="20000" />
					</If> <!-- Have hearthstone -->
				
					<!-- Have Innkeeper's Daughter -->
					<If Condition="HasItem(64488)">
						<CustomBehavior File="Message" 
										Text="Using Innkeeper's Daughter." 
										LogColor="Lime" />
											
						<CustomBehavior File="Misc\RunLua" 
										Lua="UseItemByName(64488)" 
										WaitTime="1000" />
							
						<CustomBehavior File="WaitTimer" 
										WaitTime="20000" />
					</If> <!-- Have Innkeeper's Daughter -->
						
					<!-- Our hearth isn't set, we need to go to the zone -->
					<Else>
						<CustomBehavior File="Message" 
										Text="Our Hearthstone isn't set in the proper location. Moving to set it." 
										LogColor="Lime" />
					
						<CustomBehavior File="Message" 
										Text="Flying to The Argent Stand." 
										LogColor="Lime" />
					
						<!-- Fly to the hover point -->
						<CustomBehavior File="FlyTo" X="5369.718" Y="-2601.758" Z="366.4612" />

						<!-- Front doorway of the inn -->
						<CustomBehavior File="FlyTo" X="5419.954" Y="-2632.746" Z="307.0394" />

						<!-- Set hearthstone -->
						<CustomBehavior File="WaitTimer" 
										WaitTime="1000" />
						<CustomBehavior File="Message" 
										Text="Setting my Hearthstone." 
										LogColor="Lime" />
						<CustomBehavior File="WaitTimer" 
										WaitTime="1000" />
						<CustomBehavior File="SetHearthstone" 
										MobId="28791" 
										X="5462.965" Y="-2639.05" Z="306.5508" />
						<CustomBehavior File="WaitTimer" 
										WaitTime="1000" />

						<!-- Front doorway of the inn -->
						<RunTo X="5419.954" Y="-2632.746" Z="307.0394" />										
						
						<!-- Hover point -->
						<CustomBehavior File="FlyTo" X="5369.718" Y="-2601.758" Z="366.4612" />
						
						<CustomBehavior File="Message" 
										Text="We are in The Argent Stand." 
										LogColor="Fuchsia" />

					</Else> <!-- Set hearth -->
				</If> <!-- Check hearthstone -->
				
				<!-- Repair if necessary -->
				<If Condition="Me.LowestDurabilityPercent &lt; 0.8" >
				
					<CustomBehavior File="FlyTo" X="5407.229" Y="-2658.342" Z="303.9541" />
					
					<CustomBehavior File="Message" 
									Text="Our durability is less than 80%, we need to repair." 
									LogColor="Fuchsia" />
								
					<CustomBehavior File="ForceSetVendor" 
									DoMail="False" 
									DoRepair="True" 
									DoSell="False" 
									DoTrain="False" />
					
					<SetVendor>
						<Vendors>
							<!-- The Argent Stand -->
							<Vendor Name="Arlen Brighthammer" 
									Entry="28796" 
									Type="Repair" 
									X="5409.303" Y="-2655.896" Z="303.9539" />
						</Vendors>
					</SetVendor>
				
					<!-- We are done repairing -->
					<If Condition="Me.DurabilityPercent &gt;= 0.8" >
						<CustomBehavior File="Message" 
										Text="Repairing complete." 
										LogColor="Fuchsia" />
					</If> <!-- repaired -->
					
					
					<!-- Hover point -->
					<CustomBehavior File="FlyTo" X="5369.718" Y="-2601.758" Z="366.4612" />
				
				</If> <!-- Repairing -->
				
				<CustomBehavior File="Message" 
								Text="Flying to the rendezvous location." 
								LogColor="Lime" />
				
				<!-- Fly outside of Gundrak at rendezvous -->
				<CustomBehavior File="FlyTo" X="6703.916" Y="-4621.991" Z="621.5901" />

				<CustomBehavior File="Misc\LoadProfileOn" 
								CheckRange="5" />
									
				<CustomBehavior File="WaitTimer"
								WaitTime="10000" />
								
				<!-- Fly down -->
				<CustomBehavior File="FlyTo" X="6717.32" Y="-4645.55" Z="450.017" />
				<CustomBehavior File="ForcedDismount" />
				
				<RunTo X="6717.32" Y="-4645.55" Z="450.017" />
			</If> <!-- Northrend -->
			
			<!-- In box -->
			<If Condition="Me.X &gt; 6650 &amp;&amp; Me.X &lt; 6750 &amp;&amp; Me.Y &gt; -4700 &amp;&amp; Me.Y &lt; -4600" >
				<CustomBehavior File="LoadProfile" 
								ProfileName="..\[QO-N][73-75]_gundrak" />
			</If> <!-- In box -->		
		</If> <!-- Booster -->
			
		
		
		
		
		
		
		
				
		<!-- ******************************************************* RAF Toons *************************************************************** -->			
				
	
	
		
		
		
		
		
		
		<!-- RAF Toons -->		
		<If Condition="Me.Level &lt;= 85">
			<CustomBehavior File="Message" 
							Text="We are a RAF." 
							LogColor="Cyan" />
		
			<If Condition="Me.IsAlliance">
				<If Condition="Me.HearthstoneAreaId != 5148">
					<CustomBehavior File="Message" 
									Text="Our Hearthstone isn't set in the Trade District in Stormwind. Stopping profile." 
									LogColor="Lime" />
									
					<CustomBehavior File="UserSettings" 
										StopBot="true" />
				</If>
				
				<ElseIf Condition="Me.IsHorde">
					<If Condition="Me.HearthstoneAreaId != 5170">
						<CustomBehavior File="Message" 
										Text="Our Hearthstone isn't set in the Valley of Strength in Orgrimmar. Stopping profile." 
										LogColor="Lime" />
										
						<CustomBehavior File="UserSettings" 
										StopBot="true" />
					</If>
				</ElseIf>
			</If>
			
			<!-- RAF UserSettings -->
			<CustomBehavior File="UserSettings"
							AdvancedSettingsMode="True"
							FindMountAutomatically="True"
							FindVendorsAutomatically="False"
							GroundMountFarmingMode="False"
							HarvestHerbs="False"
							HarvestMinerals="False"
							KillBetweenHotspots="False"
							LogoutForInactivity="False"
							LogoutInactivityUseForceQuit="False"
							LootChests="False"
							LootMobs="False"
							LootRadius="1"
							MountDistance="75"
							MountName=""
							NinjaSkin="False"
							ProfileDebuggingMode="False"
							PullDistance="1"
							RessAtSpiritHealers="False"
							SkinMobs="False"
							UseFlightPaths="True"
							UseMount="True" 
							UseRandomMount="False" />
			
			<!-- Drak'Tharon Keep -->
			<If Condition="Me.ZoneId == 4196">
				<CustomBehavior File="Message" 
								Text="Drak'Tharon Keep detected. Running out."
								LogColor="Fuchsia" />
			
				<!-- Make our way to the exit -->
				<RunTo X="-517.15" Y="-489.201" Z="11.01775" />

				<!-- Go through the portal -->
				<CustomBehavior File="MyCTM" X="-518.2795" Y="-481.8023" Z="10.98073" />
				
				<!-- Make sure we run to the right spot outside the potral -->
				<RunTo X="4774.44" Y="-2030.03" Z="229.38" />	
				
				<!-- Run out the back of DTK -->
				<CustomBehavior File="MyCTM" X="4774.504" Y="-2037.159" Z="229.3893" />
				<CustomBehavior File="MyCTM" X="4803.765" Y="-2046.188" Z="238.2983" />
				<CustomBehavior File="MyCTM" X="4833.138" Y="-2054.709" Z="250.0727" />
				<CustomBehavior File="MyCTM" X="4858.173" Y="-2060.801" Z="250.0414" />
				<CustomBehavior File="MyCTM" X="4890.869" Y="-2064.121" Z="248.3107" />
				<CustomBehavior File="MyCTM" X="4889.271" Y="-2080.337" Z="249.9111" />
			</If> <!-- DK -->

			<!-- Northrend -->
			<If Condition="Me.MapId == 571">
				<CustomBehavior File="Message" 
								Text="Flying to the rendezvous location." 
								LogColor="Lime" />
				
				<!-- Fly outside of Gundrak at rendezvous -->
				<CustomBehavior File="FlyTo" X="6703.916" Y="-4621.991" Z="621.5901" />

				<CustomBehavior File="Misc\LoadProfileOn" 
								CheckRange="5" />
									
				<CustomBehavior File="WaitTimer"
								WaitTime="10000" />
								
				<!-- Fly down -->
				<CustomBehavior File="FlyTo" X="6717.32" Y="-4645.55" Z="450.017" />
				<CustomBehavior File="ForcedDismount" />
				
				<RunTo X="6717.32" Y="-4645.55" Z="450.017" />
			</If> <!-- Northrend -->
			
			<!-- In box -->
			<If Condition="Me.X &gt; 6650 &amp;&amp; Me.X &lt; 6750 &amp;&amp; Me.Y &gt; -4700 &amp;&amp; Me.Y &lt; -4600" >
				<CustomBehavior File="LoadProfile" 
								ProfileName="..\[QO-N][73-75]_gundrak" />
			</If> <!-- In box -->		
		</If> <!-- RAF toons -->
	</QuestOrder>
</HBProfile>