﻿<HBProfile creator="Botanist and Wigglez" version="1.0">
	<Name>[QO-N-M][58-60][DK]_hellfire-ramparts</Name>
   
	<MinLevel>1</MinLevel>
	<MaxLevel>101</MaxLevel>
   
	<MinDurability>-1</MinDurability>
	<MinFreeBagSlots>-1</MinFreeBagSlots>
	
	<MailGrey>False</MailGrey>
	<MailWhite>False</MailWhite>
	<MailGreen>False</MailGreen>
	<MailBlue>False</MailBlue>
	<MailPurple>False</MailPurple>
   
	<SellGrey>True</SellGrey>
	<SellWhite>True</SellWhite>
	<SellGreen>True</SellGreen>
	<SellBlue>True</SellBlue>
	<SellPurple>False</SellPurple>
   
	<TargetElites>True</TargetElites>
	
	<AvoidMobs>	
	</AvoidMobs>
	
	<Blackspots>
	</Blackspots>

	<Mailboxes>
	</Mailboxes>
 
	<Vendors>
	</Vendors>
	
	<ProtectedItems>
	</ProtectedItems>

	<Factions>
	</Factions>
	
	<QuestOrder>
		<ClearVendor />
		<ClearMailbox />

		<!-- *******************************************************  Booster ************************************************************** -->
		<If Condition="Me.Level &gt;= 90">
			<CustomBehavior File="Message" 
							Text="We are a booster." 
							LogColor="Cyan" />
							
			<!-- Booster UserSettings -->
			<CustomBehavior File="UserSettings"
							AdvancedSettingsMode="True"
							FindMountAutomatically="True"
							FindVendorsAutomatically="False"
							GroundMountFarmingMode="False"
							HarvestHerbs="False"
							HarvestMinerals="False"
							KillBetweenHotspots="True"
							LogoutForInactivity="False"
							LogoutInactivityUseForceQuit="False"
							LootChests="False"
							LootMobs="False"
							LootRadius="1"
							MountDistance="75"
							MountName=""
							NinjaSkin="False"
							ProfileDebuggingMode="False"
							PullDistance="45"
							RessAtSpiritHealers="False"
							SkinMobs="False"
							UseFlightPaths="True"
							UseMount="True" 
							UseRandomMount="False" />
							
			<!-- If we are in Kalimdor -->
			<If Condition="Me.MapId == 1" >
				<CustomBehavior File="Message" 
								Text="We are in Kalimdor." 
								LogColor="Cyan" />
				
				<CustomBehavior File="Message" 
									Text="Flying to Ratchet." 
									LogColor="Lime" />
					
				<!-- Fly to Ratchet -->
				<CustomBehavior File="FlyTo" 
								X="-994.0004" Y="-3827.987" Z="5.634368" />
								
				<CustomBehavior File="ForcedDismount" />
				
				<CustomBehavior File="Message" 
								Text="We are waiting for the boat." 
								LogColor="Cyan" />
				
				<!-- Ratchet to Booty Bay boat -->
				<CustomBehavior File="UseTransport"
								TransportId="20808"
								WaitAtX="-994.0004" 
								WaitAtY="-3827.987" 
								WaitAtZ="5.634368" 
								TransportStartX="-1005.61346" 
								TransportStartY="-3841.648"
								TransportStartZ="-0.0262415316"
								TransportEndX="-14277.7451" 
								TransportEndY="582.86615" 
								TransportEndZ="-0.048539947"
								StandOnX="-999.8182"
								StandOnY="-3833.799" 
								StandOnZ="6.034274" 
								GetOffX="-14280.22" 
								GetOffY="567.6113" 
								GetOffZ="6.696649" />
				
				<RunTo X="-14280.22" Y="567.6113" Z="6.696649" />
				
				<CustomBehavior File="Message" 
								Text="We are in Booty Bay." 
								LogColor="Cyan" />
								
				<!-- bb dock -->
				<RunTo X="-14288.75" Y="549.5802" Z="8.690898" /> 
			</If> <!-- Kalimdor -->
			
			<!-- If we are in Eastern Kingdoms -->
			<If Condition="Me.MapId == 0">
				<CustomBehavior File="Message" 
								Text="We are in Eastern Kingdoms." 
								LogColor="Cyan" />
			
				<CustomBehavior File="Message" 
								Text="Moving to The Dark Portal." 
								LogColor="Cyan" />
								
				<CustomBehavior File="FlyTo" 
								X="-11851.95" Y="-3196.791" Z="17.13597" />

				<CustomBehavior File="MyCTM" X="-11911.02" Y="-3209.082" Z="-2.757394" />

				<CustomBehavior File="WaitTimer" WaitTime="15000" />
			</If> <!-- Eastern Kingdoms -->
			
			<!-- Outlands -->
			<If Condition="Me.MapId == 530">
				<CustomBehavior File="Message" 
								Text="We are in Outland." 
								LogColor="Cyan" />
								
				<!-- If our hearthstone is set here, use it -->
				<If Condition="(Me.HearthstoneAreaId == 3538) || (Me.HearthstoneAreaId == 3536)">
					<CustomBehavior File="Message" 
										Text="Our Innkeeper is set at Honor Hold or Thrallmar." 
										LogColor="Cyan" />
										
					<!-- Have hearthstone -->
					<If Condition="HasItem(6948)">
						<CustomBehavior File="Message" 
										Text="Using Hearthstone." 
										LogColor="Lime" />
										
						<CustomBehavior File="Misc\RunLua" 
										Lua="UseItemByName(6948)" 
										WaitTime="1000" />
										
						<CustomBehavior File="WaitTimer" 
										WaitTime="20000" />
					</If> <!-- Have hearthstone -->
				
					<!-- Have Innkeeper's Daughter -->
					<If Condition="HasItem(64488)">
						<CustomBehavior File="Message" 
										Text="Using Innkeeper's Daughter." 
										LogColor="Lime" />
											
						<CustomBehavior File="Misc\RunLua" 
										Lua="UseItemByName(64488)" 
										WaitTime="1000" />
							
						<CustomBehavior File="WaitTimer" 
										WaitTime="20000" />
					</If> <!-- Have Innkeeper's Daughter -->
						
					<!-- Our hearth isn't set, we need to go to the zone -->
					<Else>
						<CustomBehavior File="Message" 
										Text="Our Hearthstone isn't set in the proper location. Moving to set it." 
										LogColor="Lime" />
					
						<!-- Alliance -->
						<If Condition="Me.IsAlliance">
							<CustomBehavior File="Message" 
											Text="Flying to Honor Hold." 
											LogColor="Lime" />
						
							<!-- Fly to the hover point above the innkeep in Honor Hold -->
							<CustomBehavior File="FlyTo" X="-699.7803" Y="2654.424" Z="153.3082" />

							<!-- Front doorway of the inn -->
							<CustomBehavior File="FlyTo" X="-709.9306" Y="2699.804" Z="94.41746" />
							<CustomBehavior File="ForcedDismount" />

							<!-- Run inside the inn -->
							<RunTo X="-708.0077" Y="2736.445" Z="94.73333" />
							
							<!-- Set hearthstone -->
							<CustomBehavior File="WaitTimer" 
											WaitTime="1000" />
							<CustomBehavior File="Message" 
											Text="Setting my Hearthstone." 
											LogColor="Lime" />
							<CustomBehavior File="WaitTimer" 
											WaitTime="1000" />
							<CustomBehavior File="SetHearthstone" 
											MobId="16826" 
											X="-708.8713" Y="2739.131" Z="94.73363" />
							<CustomBehavior File="WaitTimer" 
											WaitTime="1000" />
								
							<!-- Run outside of inn -->
							<RunTo X="-709.9306" Y="2699.804" Z="94.41746" />
							
							<!-- Hover point -->
							<CustomBehavior File="FlyTo" X="-699.7803" Y="2654.424" Z="153.3082" />
							
							<CustomBehavior File="Message" 
											Text="We are in Honor Hold." 
											LogColor="Fuchsia" />

							<!-- Horde -->
							<ElseIf Condition="Me.IsHorde">
								<CustomBehavior File="Message" 
												Text="Flying to Thrallmar." 
												LogColor="Lime" />
						
								<!-- Fly to the hover point above the innkeep in Thrallmar -->
								<CustomBehavior File="FlyTo" X="167.4147" Y="2645.637" Z="115.6988" />

								<!-- Front doorway of the inn -->
								<CustomBehavior File="FlyTo" X="178.6801" Y="2628.115" Z="87.12171" />
								<CustomBehavior File="ForcedDismount" />

								<!-- Run inside the inn -->
								<RunTo X="190.1132" Y="2611.777" Z="87.28358" />
								
								<!-- Set hearthstone -->
								<CustomBehavior File="WaitTimer" 
												WaitTime="1000" />
								<CustomBehavior File="Message" 
												Text="Setting my Hearthstone." 
												LogColor="Lime" />
								<CustomBehavior File="WaitTimer" 
												WaitTime="1000" />
								<CustomBehavior File="SetHearthstone" 
												MobId="16602"
												X="190.8758" Y="2610.927" Z="87.28391" />
								<CustomBehavior File="WaitTimer" 
												WaitTime="1000" />
							
								<!-- Run outside of the inn -->
								<RunTo X="178.6801" Y="2628.115" Z="87.12171" />
								
								<!-- Fly to the hover point above the innkeep in Thrallmar -->
								<CustomBehavior File="FlyTo" X="167.4147" Y="2645.637" Z="115.6988" />
								
								<CustomBehavior File="Message" 
												Text="We are in Thrallmar." 
												LogColor="Fuchsia" />
							</ElseIf> <!-- Horde -->
						</If> <!-- Alliance -->
					</Else> <!-- Set hearth -->
				</If> <!-- Check hearthstone -->
				
				<!-- Repair if necessary -->
				<If Condition="Me.LowestDurabilityPercent &lt; 0.8" >
					<If Condition="Me.IsAlliance">
						<CustomBehavior File="FlyTo" X="-709.473" Y="2621.555" Z="89.7064" />
						<CustomBehavior File="ForcedDismount" />
					</If>
					
					<If Condition="Me.IsHorde">
						<CustomBehavior File="FlyTo" X="166.5072" Y="2792.336" Z="113.3349" />
						<CustomBehavior File="ForcedDismount" />
					</If>
				
					<CustomBehavior File="Message" 
									Text="Our durability is less than 80%, we need to repair." 
									LogColor="Fuchsia" />
								
					<CustomBehavior File="ForceSetVendor" 
									DoMail="False" 
									DoRepair="True" 
									DoSell="False" 
									DoTrain="False" />
					
					<SetVendor>
						<Vendors>
							<!-- Honor Hold -->
							<Vendor Name="Humphry"
									Entry="16823" 
									Type="Repair" 
									X="-717.3172" Y="2607.582" Z="91.01124" />
									
							<!-- Thrallmar -->
							<Vendor Name="Rohok" 
									Entry="16583" 
									Type="Repair" 
									X="167.2784" Y="2795.669" Z="113.3652" />
						</Vendors>
					</SetVendor>
				
					<!-- We are done repairing -->
					<If Condition="Me.DurabilityPercent &gt;= 0.8" >
						<CustomBehavior File="Message" 
										Text="Repairing complete." 
										LogColor="Fuchsia" />
					</If> <!-- repaired -->
					
					<If Condition="Me.IsAlliance">
						<!-- Fly to the hover point above the innkeep in Honor Hold -->
						<CustomBehavior File="FlyTo" X="-699.7803" Y="2654.424" Z="153.3082" />
					</If>
					
					<If Condition="Me.IsHorde">
						<!-- Fly to the hover point above the innkeep in Thrallmar -->
						<CustomBehavior File="FlyTo" X="167.4147" Y="2645.637" Z="115.6988" />
					</If>
				</If> <!-- Repairing -->
				
				<CustomBehavior File="Message" 
								Text="Flying to Hellfire Ramparts." 
								LogColor="Lime" />
								
				<!-- Fly above hellfire ramparts -->
				<CustomBehavior File="FlyTo" X="-334.9235" Y="3018.459" Z="37.46231" />

				<!-- Land in the box -->
				<CustomBehavior File="FlyTo" X="-363.436" Y="3078.43" Z="-15.00165" />
				<CustomBehavior File="ForcedDismount" />
				
				<RunTo X="-363.436" Y="3078.43" Z="-15.00165" />
			</If> <!-- Outlands -->
			
			<!-- In box -->
			<If Condition="Me.X &gt; -400 &amp;&amp; Me.X &lt; -300 &amp;&amp; Me.Y &gt; 3000 &amp;&amp; Me.Y &lt; 3100" >
				<CustomBehavior File="LoadProfile" 
								ProfileName="..\[QO-N][58-60][DK]_hellfire-ramparts" />
			</If> <!-- In box -->
		</If> <!-- Booster -->
						
		
		
		
		
		
		
		
				
		<!-- ******************************************************* RAF Toons *************************************************************** -->			
				
	
	
		
		
		
		
		
		
		
		<!-- RAF Toons -->		
		<If Condition="Me.Level &lt;= 85">
			<CustomBehavior File="Message" 
							Text="We are a RAF." 
							LogColor="Cyan" />
		
			<If Condition="Me.IsAlliance">
				<If Condition="Me.HearthstoneAreaId != 5148">
					<CustomBehavior File="Message" 
									Text="Our Hearthstone isn't set in the Trade District in Stormwind. Stopping profile." 
									LogColor="Lime" />
									
					<CustomBehavior File="UserSettings" 
										StopBot="true" />
				</If>
				
				<ElseIf Condition="Me.IsHorde">
					<If Condition="Me.HearthstoneAreaId != 5170">
						<CustomBehavior File="Message" 
										Text="Our Hearthstone isn't set in the Valley of Strength in Orgrimmar. Stopping profile." 
										LogColor="Lime" />
										
						<CustomBehavior File="UserSettings" 
										StopBot="true" />
					</If>
				</ElseIf>
			</If>
			
			<!-- RAF UserSettings -->
			<CustomBehavior File="UserSettings"
							AdvancedSettingsMode="True"
							FindMountAutomatically="True"
							FindVendorsAutomatically="False"
							GroundMountFarmingMode="False"
							HarvestHerbs="False"
							HarvestMinerals="False"
							KillBetweenHotspots="False"
							LogoutForInactivity="False"
							LogoutInactivityUseForceQuit="False"
							LootChests="False"
							LootMobs="False"
							LootRadius="1"
							MountDistance="75"
							MountName=""
							NinjaSkin="False"
							ProfileDebuggingMode="False"
							PullDistance="1"
							RessAtSpiritHealers="False"
							SkinMobs="False"
							UseFlightPaths="True"
							UseMount="True" 
							UseRandomMount="False" />
					
			<!-- Eastern Kingdoms -->
			<If Condition="Me.MapId == 0">
			
				<!-- Stormwind -->
				<If Condition="Me.ZoneId == 1519">
					<CustomBehavior File="Message" 
									Text="We are in Stormwind City." 
									LogColor="Cyan" />
										
					<!-- Bag space and Durabilty check -->
					<If Condition="(Me.FreeBagSlots &lt;= 4) || (Me.LowestDurabilityPercent &lt; 0.8)" >
						<SetVendor>
							<Vendors>
								<Vendor Name="Gunther Weller" 
										Entry="1289" 
										Type="Repair" 
										X="-8790.421" Y="607.3484" Z="96.77297" />
							</Vendors>
						</SetVendor>
						<SetMailbox>
							<Mailboxes>
								<Mailbox X="-8862.369" Y="639.4135" Z="96.18259" />
							</Mailboxes>
						</SetMailbox>				
						<CustomBehavior File="ForceSetVendor" 
										DoMail="True" 
										DoRepair="True" 
										DoSell="True" 
										DoTrain="False" />	
					</If>				
									
					<CustomBehavior File="Message" 
									Text="Moving to Blasted Lands portal." 
									LogColor="Lime" />	
									
					<!-- Force dismount -->				
					<CustomBehavior File="ForcedDismount" />				
									
					<!-- RAF disable mount in Stormwind-->
					<CustomBehavior File="UserSettings"
									UseMount="False"  />				
					
					<!-- In front of Blasted Lands portal -->
					<RunTo X="-9005.403" Y="869.1169" Z="129.6929" />

					<!-- Blasted Lands portal -->
					<CustomBehavior File="InteractWith" 
									MobId="195141" 
									ObjectType="Gameobject"
									Range="4.75" 
									NumOfTimes="1"  
									X="-9007.58" Y="871.8698" Z="129.6922" />

					<CustomBehavior File="WaitTimer" 
									WaitTime="5000" />
									
					<!-- RAF re-enable mount in blasted lands-->
					<CustomBehavior File="UserSettings"
									UseMount="True"  />		
				</If> <!-- Stormwind City -->
			</If> <!-- Eastern Kingdoms -->
			
			<!-- Kalimdor -->
			<If Condition="Me.MapId == 1">
				<CustomBehavior File="Message" 
								Text="We are in Kalimdor." 
								LogColor="Cyan" />
				
				<!-- Orgrimmar -->
				<If Condition="Me.ZoneId == 1637">
					<CustomBehavior File="Message" 
									Text="We are in Orgrimmar." 
									LogColor="Cyan" />
									
					<!-- Bag space and Durabilty check -->
					<If Condition="(Me.FreeBagSlots &lt;= 4) || (Me.LowestDurabilityPercent &lt; 0.8)" >
						<SetVendor>
							<Vendors>
								<Vendor Name="Sana" 
										Entry="3319" 
										Type="Repair"
										X="1583.74" Y="-4288.98" Z="21.54101" />
							</Vendors>
						</SetVendor>
						
						<SetMailbox>
							<Mailboxes>
								<Mailbox X="1606.27" Y="-4383.281" Z="20.70483" />
							</Mailboxes>
						</SetMailbox>				
						
						<CustomBehavior File="ForceSetVendor" 
										DoMail="True" 
										DoRepair="True" 
										DoSell="True" 
										DoTrain="False" />	
					</If>						
					
					<CustomBehavior File="Message" 
									Text="Moving to Blasted Lands portal." 
									LogColor="Lime" />
									
					<!-- Force dismount -->				
					<CustomBehavior File="ForcedDismount" />						
					
					<!-- RAF disable mount in Orgrimmar -->
					<CustomBehavior File="UserSettings"
									UseMount="False"  />				
								
					<!-- In front of Blasted Lands portal -->
					<RunTo X="1771.796" Y="-4326.416" Z="-8.190479" />
					
					<!-- Blasted Lands portal -->
					<CustomBehavior File="InteractWith" 
									MobId="195142"
									ObjectType="Gameobject" 
									Range="4.75" 
									NumOfTimes="1" 
									X="1768.45" Y="-4325.86" Z="-8.3711" />
									
					<CustomBehavior File="WaitTimer" 
									WaitTime="5000" />
									
					<!-- RAF re-enable mount in Blastedlands -->
					<CustomBehavior File="UserSettings"
									UseMount="False"  />		
				</If> <!-- Orgrimmar -->
			</If> <!-- Kalimdor -->
			
			<!-- Blasted Lands -->
			<If Condition="Me.ZoneId == 4">
				<CustomBehavior File="Message" 
								Text="We are in Blasted Lands." 
								LogColor="Cyan" />
								
				<CustomBehavior File="Message" 
								Text="Moving to The Dark Portal." 
								LogColor="Lime" />
			
				<CustomBehavior File="ForcedMount"
								MountType="Ground" />
						
				<!-- Move in front of the Dark Portal -->
				<CustomBehavior File="NoCombatMoveTo" X="-11896.8" Y="-3206.77" Z="-14.6724" />
				
				<!-- Run through Dark Portal -->
				<CustomBehavior File="MyCTM" X="-11911.1" Y="-3207.676" Z="-14.74713" />
				
				<CustomBehavior File="WaitTimer" 
								WaitTime="15000" />
			</If> <!-- Blasted Lands -->
			
			<!-- Outland -->
			<If Condition="Me.MapId == 530">
				<!-- Inside Dark portal -->
				<RunTo X="-248.113" Y="922.9" Z="84.3497" />
				
				<If Condition="Me.IsAlliance">
					<!-- Dark Portal fp -->
					<RunTo X="-321.8897" Y="1027.677" Z="54.15636" />
				
					<!-- Honor Hold fp -->
					<RunTo X="-673.42" Y="2717.27" Z="94.18" />
				
					<ElseIf Condition="Me.IsHorde">
						<!-- Dark Portal fp -->
						<RunTo X="-178.3784" Y="1028.271" Z="54.17451" />
						
						<!-- Thrallmar fp -->
						<RunTo X="228.5" Y="2633.57" Z="87.66753" />
					</ElseIf>
				</If>
				
				<CustomBehavior File="ForcedMount"
								MountType="Ground" />
								
				<!-- Run to instance box -->
				<CustomBehavior File="RunLikeHell" 
								NumOfTimes="1"
								AllowCombat="false">										
					<Hotspot X="-363.436" Y="3078.43" Z="-15.00165" />
				</CustomBehavior>
				
				<RunTo X="-363.436" Y="3078.43" Z="-15.00165" />
			
				<!-- In box -->
				<If Condition="Me.X &gt; -400 &amp;&amp; Me.X &lt; -300 &amp;&amp; Me.Y &gt; 3000 &amp;&amp; Me.Y &lt; 3100" >
					<CustomBehavior File="LoadProfile" 
									ProfileName="..\[QO-N][58-60][DK]_hellfire-ramparts" />
				</If> <!-- In box -->
			</If> <!-- Outland -->
		</If> <!-- RAF toons -->
	</QuestOrder>
</HBProfile>

