﻿<HBProfile creator="Botanist and Wigglez" version="1.0">
	<Name>[QO-N-M][48-60]_blackrock-spire</Name>
   
	<MinLevel>1</MinLevel>
	<MaxLevel>101</MaxLevel>
   
	<MinDurability>-1</MinDurability>
	<MinFreeBagSlots>-1</MinFreeBagSlots>
	
	<MailGrey>False</MailGrey>
	<MailWhite>False</MailWhite>
	<MailGreen>False</MailGreen>
	<MailBlue>False</MailBlue>
	<MailPurple>False</MailPurple>
   
	<SellGrey>True</SellGrey>
	<SellWhite>True</SellWhite>
	<SellGreen>True</SellGreen>
	<SellBlue>True</SellBlue>
	<SellPurple>False</SellPurple>
   
	<TargetElites>True</TargetElites>
	
	<AvoidMobs>	
		<Mob Name="Summon Enabler Stalker" Entry="53488" />
	</AvoidMobs>
	
	<Blackspots>
	</Blackspots>

	<Mailboxes>
	</Mailboxes>
 
	<Vendors>
	</Vendors>
	
	<ProtectedItems>
	</ProtectedItems>

	<Factions>
	</Factions>
	
	<QuestOrder>
		<ClearVendor />
		<ClearMailbox />

		<!-- *******************************************************  Booster ************************************************************** -->
		<If Condition="Me.Level &gt;= 90">
			<CustomBehavior File="Message" 
							Text="We are a booster." 
							LogColor="Cyan" />
							
			<!-- Booster UserSettings -->
			<CustomBehavior File="UserSettings"
							AdvancedSettingsMode="True"
							FindMountAutomatically="True"
							FindVendorsAutomatically="False"
							GroundMountFarmingMode="False"
							HarvestHerbs="False"
							HarvestMinerals="False"
							KillBetweenHotspots="True"
							LogoutForInactivity="False"
							LogoutInactivityUseForceQuit="False"
							LootChests="False"
							LootMobs="False"
							LootRadius="1"
							MountDistance="75"
							MountName=""
							NinjaSkin="False"
							ProfileDebuggingMode="False"
							PullDistance="45"
							RessAtSpiritHealers="False"
							SkinMobs="False"
							UseFlightPaths="True"
							UseMount="True" 
							UseRandomMount="False" />
							
			<!-- If we are in Kalimdor -->
			<If Condition="Me.MapId == 1" >
				<CustomBehavior File="Message" 
								Text="We are in Kalimdor." 
								LogColor="Cyan" />
						

				<CustomBehavior File="Message" 
								Text="You are on the wrong continent." 
								LogColor="Red" />		
				
				<CustomBehavior File="Message" 
								Text="At this point you should be outside of the Blackrock Depths portal. Go there to continue." 
								LogColor="Red" />	
								
				<CustomBehavior File="UserSettings" 
								StopBot="true" />
			</If> 	
			
			<!-- If we are in Eastern Kingdoms -->
			<If Condition="Me.MapId == 0">
				<CustomBehavior File="Message" 
								Text="We are in Eastern Kingdoms." 
								LogColor="Cyan" />
			
				<!-- Not in box -->
				<If Condition="Me.X &gt; -7500 || Me.X &lt; -7550 || Me.Y &lt; -1260 || Me.Y &gt; -1200" >
					<CustomBehavior File="Message" 
									Text="We are not in the box." 
									LogColor="Cyan" />
									
					<!-- If we are in Blackrock Mountain, start clearing outside of the Blackrock Depths portal -->
					<If Condition="Me.ZoneId == 25">	
						<!-- IN BRD BOX -->
						<If Condition="Me.X &gt; -7200 &amp;&amp; Me.X &lt; -7000 &amp;&amp; Me.Y &lt; -900 &amp;&amp; Me.Y &gt; -1000" >
							<CustomBehavior File="Message" 
											Text="We are in the Blackrock Depths box."
											LogColor="Cyan" />
							
							<!-- ALLOW ZONING OUT -->
							<CustomBehavior File="WaitTimer" 
											WaitTime="15000" />	
							
							<CustomBehavior File="Misc\LoadProfileOn" 
											CheckRange="1" />
									
							<CustomBehavior File="WaitTimer" 
											WaitTime="20000" />	
											
							<!-- Kill the Overmaster Pyron (E) -->
							<CustomBehavior File="TargetAndMoveToMob" 
											MobId="9026" 
											MoveWithinMaxRangeOfMob="1" 
											WaitForNpcs="false"
											X="-7250.287" Y="-907.6682" Z="165.3785" />
											
							<!-- Kill The Behemoth (R) -->
							<CustomBehavior File="TargetAndMoveToMob" 
											MobId="8924" 
											MoveWithinMaxRangeOfMob="1" 
											WaitForNpcs="false" >
								<HuntingGrounds>
									<Hotspot X="-7423.542" Y="-887.9393" Z="172.5045" />
									<Hotspot X="-7394.76" Y="-944.812" Z="170.1162" />
									<Hotspot X="-7374.073" Y="-1010.682" Z="173.8385" />
								</HuntingGrounds>
							</CustomBehavior>
											
							<RunTo X="-7228.612" Y="-906.2562" Z="165.3779" />
							<RunTo X="-7273.199" Y="-909.1801" Z="165.3779" />
							<RunTo X="-7355.229" Y="-925.483" Z="166.7336" />
							<RunTo X="-7389.105" Y="-937.8923" Z="168.9674" />
							<RunTo X="-7400.685" Y="-987.957" Z="172.1836" />
							<RunTo X="-7443.979" Y="-999.8006" Z="170.9489" />
							<RunTo X="-7449.863" Y="-1007.678" Z="171.4387" />
							
							<!-- Run back to tag rafs -->
							<RunTo X="-7178.41" Y="-922.152" Z="166.092" />	
							
							<!-- At Lothos -->
							<RunTo X="-7516.15" Y="-1045.365" Z="182.2999" />
						</If> <!-- IN BRD BOX -->
					</If> <!-- Blackrock Mountain -->
				
					<!-- If our hearthstone is set here, use it -->
					<If Condition="Me.HearthstoneAreaId == 5628" >
						<CustomBehavior File="Message" 
										Text="Our Innkeeper is set at Iron Summit." 
										LogColor="Cyan" />
										
						<!-- Have hearthstone -->
						<If Condition="HasItem(6948)">
							<CustomBehavior File="Message" 
											Text="Using Hearthstone." 
											LogColor="Lime" />
											
							<CustomBehavior File="Misc\RunLua" 
											Lua="UseItemByName(6948)" 
											WaitTime="1000" />
											
							<CustomBehavior File="WaitTimer" 
											WaitTime="20000" />
						</If> <!-- Have hearthstone -->
					
						<!-- Have Innkeeper's Daughter -->
						<If Condition="HasItem(64488)">
							<CustomBehavior File="Message" 
											Text="Using Innkeeper's Daughter." 
											LogColor="Lime" />
												
							<CustomBehavior File="Misc\RunLua" 
											Lua="UseItemByName(64488)" 
											WaitTime="1000" />
								
							<CustomBehavior File="WaitTimer" 
											WaitTime="20000" />
						</If> <!-- Have Innkeeper's Daughter -->
							
						<!-- Our hearth isn't set, we need to go to the zone -->
						<Else>
							<CustomBehavior File="Message" 
											Text="Our Hearthstone isn't set in the proper location. Moving to set it." 
											LogColor="Lime" />
					
							<CustomBehavior File="Message" 
											Text="Flying to Iron Summit." 
											LogColor="Lime" />
											
							<!-- Blackrock Mountain -->
							<If Condition="Me.ZoneId == 25">
								<!-- Fly outside of Blackrock mountain just in case we don't have our hearth set in order to set it -->
								<CustomBehavior File="FlyTo" 
												X="-7562.834" Y="-1062.404" Z="231.615" />
								<CustomBehavior File="FlyTo" 
												X="-7535.617" Y="-1099.259" Z="276.5862" />
								<CustomBehavior File="FlyTo" 
												X="-7484.508" Y="-1071.724" Z="265.4083" />
								<CustomBehavior File="FlyTo" 
												X="-7428.28" Y="-1058.494" Z="273.2607" />
								<CustomBehavior File="FlyTo" 
												X="-7401.982" Y="-1105.873" Z="278.0755" />
												
								<CustomBehavior File="ForcedDismount" />
								
								<!-- MyCTM through gates -->
								<CustomBehavior File="MyCTM" 
												X="-7372.676" Y="-1096.317" Z="277.8396" />
								<CustomBehavior File="MyCTM" 
												X="-7355.349" Y="-1105.106" Z="277.8396" />
								<CustomBehavior File="MyCTM" 
												X="-7327.033" Y="-1086.471" Z="277.1177" />
							</If> <!-- BRM -->
					
							<!-- Fly to the hover point above the innkeep in Iron Summit -->
							<CustomBehavior File="FlyTo" 
											X="-7070.313" Y="-1215.361" Z="336.248" />
					
							<!-- Land at innkeeper -->
							<CustomBehavior File="FlyTo" 
											X="-7083.119" Y="-1201.846" Z="324.2862" />
							<CustomBehavior File="ForcedDismount" />
							
							<!-- Set hearthstone -->
							<CustomBehavior File="WaitTimer" 
											WaitTime="1000" />
							<CustomBehavior File="Message" 
											Text="Setting my Hearthstone." 
											LogColor="Lime" />
							<CustomBehavior File="WaitTimer" 
											WaitTime="1000" />
							<CustomBehavior File="SetHearthstone" 
											MobId="47942" 
											X="-7085.53" Y="-1202.19" Z="323.9885" />
							<CustomBehavior File="WaitTimer" 
											WaitTime="1000" />
						</Else> <!-- Set hearth -->
					</If> <!-- Check hearthstone -->
					
					<!-- Fly to the hover point above the innkeep in Iron Summit -->
					<CustomBehavior File="FlyTo" 
									X="-7070.313" Y="-1215.361" Z="336.248" />
											
					<!-- Repair if necessary -->
					<If Condition="Me.LowestDurabilityPercent &lt; 0.8" >
						<CustomBehavior File="FlyTo"  
										X="-7095.479" Y="-1266.96" Z="270.4855" />
						<CustomBehavior File="ForcedDismount" />
					
						<CustomBehavior File="Message" 
										Text="Our durability is less than 30%, we need to repair." 
										LogColor="Fuchsia" />
									
						<CustomBehavior File="ForceSetVendor" 
										DoMail="False" 
										DoRepair="True" 
										DoSell="False" 
										DoTrain="False" />
						
						<SetVendor>
							<Vendors>
								<!-- Iron Summit -->
								<Vendor Name="Fergus Gravelsmash" 
										Entry="47937" 
										Type="Repair" 
										X="-7093.68" Y="-1268.31" Z="270.4849" />
							</Vendors>
						</SetVendor>
					
						<!-- We are done repairing -->
						<If Condition="(Me.FreeBagSlots &gt; 15) &amp;&amp; (Me.LowestDurabilityPercent &gt; 0.3)" >
							<CustomBehavior File="Message" 
											Text="Repairing complete." 
											LogColor="Fuchsia" />
						</If> <!-- repaired -->
					</If> <!-- Repairing -->
					
					<!-- fly to hover point -->
					<CustomBehavior File="FlyTo" 
									X="-7070.313" Y="-1215.361" Z="336.248" />
									
					<CustomBehavior File="Message" 
									Text="We are in Iron Summit." 
									LogColor="Cyan" />
									
					<CustomBehavior File="Message" 
									Text="Moving to Blackrock Spire." 
									LogColor="Cyan" />
									
					<CustomBehavior File="FlyTo" 
									X="-7294.66" Y="-1084.194" Z="304.1888" />
					<CustomBehavior File="FlyTo" 
									X="-7327.798" Y="-1086.975" Z="277.1317" />
					
					<CustomBehavior File="ForcedDismount" />
					
					<!-- MyCTM through gates -->
					<CustomBehavior File="MyCTM" 
									X="-7327.033" Y="-1086.471" Z="277.1177" />
					<CustomBehavior File="MyCTM" 
									X="-7355.349" Y="-1105.106" Z="277.8396" />
					<CustomBehavior File="MyCTM" 
									X="-7372.676" Y="-1096.317" Z="277.8396" />
									
					<CustomBehavior File="ForcedMount" 
									MountType="Flying" />			
					
					<CustomBehavior File="FlyTo" 
									X="-7410.899" Y="-1092.86" Z="282.3109" />
					<CustomBehavior File="FlyTo" 
									X="-7431.083" Y="-1058.615" Z="273.6184" />
					<CustomBehavior File="FlyTo" 
									X="-7484.258" Y="-1072.198" Z="265.4306" />
					<CustomBehavior File="FlyTo" 
									X="-7559.865" Y="-1166.235" Z="300.4927" />
					<CustomBehavior File="FlyTo" 
									X="-7529.142" Y="-1222.366" Z="285.7316" />
									
					<CustomBehavior File="ForcedDismount" />
					
					<!-- Moving to the instance box -->
					<RunTo X="-7524.65" Y="-1229.13" Z="285.731" />
				</If> <!-- Not in box -->
				
				<!-- Inside the instance box, load the profile -->
				<If Condition="Me.X &lt; -7500 &amp;&amp; Me.X &gt; -7550 &amp;&amp; Me.Y &gt; -1260 &amp;&amp; Me.Y &lt; -1200" >
					<CustomBehavior File="Message" 
									Text="We are in the box." 
									LogColor="Cyan" />
					
					<CustomBehavior File="LoadProfile" 
									ProfileName="..\[QO-N][48-60]_blackrock-spire" />
				</If> <!-- Load profile -->
			</If> <!-- Eastern Kingdoms -->
		</If> <!-- Booster -->
						
		
		
		
		
		
		
		
				
		<!-- ******************************************************* RAF Toons *************************************************************** -->			
				
	
	
		
		
		
		
		
		
		
		<!-- RAF Toons -->		
		<If Condition="Me.Level &lt;= 85">
			<CustomBehavior File="Message" 
							Text="We are a RAF." 
							LogColor="Cyan" />
		
			<If Condition="Me.IsAlliance">
				<If Condition="Me.HearthstoneAreaId != 5148">
					<CustomBehavior File="Message" 
									Text="Our Hearthstone isn't set in the Trade District in Stormwind. Stopping profile." 
									LogColor="Lime" />
									
					<CustomBehavior File="UserSettings" 
										StopBot="true" />
				</If>
				
				<ElseIf Condition="Me.IsHorde">
					<If Condition="Me.HearthstoneAreaId != 5170">
						<CustomBehavior File="Message" 
										Text="Our Hearthstone isn't set in the Valley of Strength in Orgrimmar. Stopping profile." 
										LogColor="Lime" />
										
						<CustomBehavior File="UserSettings" 
										StopBot="true" />
					</If>
				</ElseIf>
			</If>
			
			<!-- RAF UserSettings -->
			<CustomBehavior File="UserSettings"
							AdvancedSettingsMode="True"
							FindMountAutomatically="True"
							FindVendorsAutomatically="False"
							GroundMountFarmingMode="False"
							HarvestHerbs="False"
							HarvestMinerals="False"
							KillBetweenHotspots="False"
							LogoutForInactivity="False"
							LogoutInactivityUseForceQuit="False"
							LootChests="False"
							LootMobs="False"
							LootRadius="1"
							MountDistance="75"
							MountName=""
							NinjaSkin="False"
							ProfileDebuggingMode="False"
							PullDistance="1"
							RessAtSpiritHealers="False"
							SkinMobs="False"
							UseFlightPaths="True"
							UseMount="True" 
							UseRandomMount="False" />
					
			<!-- Kalimdor -->
			<If Condition="Me.MapId == 1">
				<CustomBehavior File="Message" 
								Text="We are in Kalimdor." 
								LogColor="Cyan" />

				<CustomBehavior File="Message" 
								Text="You have made a mistake somehow and are in Kalimdor." 
								LogColor="Red" />	
				
				<CustomBehavior File="Message" 
								Text="We should be outside of the Blackrock Depths portal." 
								LogColor="Red" />	
			</If> <!-- Kalimdor -->
			
			<!-- Eastern Kingdoms -->
			<If Condition="Me.MapId == 0">
				<CustomBehavior File="Message" 
								Text="We are in Eastern Kingdoms." 
								LogColor="Cyan" />
									
				<!-- Not in the box -->
				<If Condition="Me.X &gt; -7500 || Me.X &lt; -7550 || Me.Y &lt; -1260 || Me.Y &gt; -1200" >	
					<CustomBehavior File="Message" 
									Text="We are not in the box." 
									LogColor="Cyan" />				
								
					<!-- Blackrock Mountain -->
					<If Condition="Me.ZoneId == 25">
						<CustomBehavior File="Message" 
										Text="We are in Blackrock Mountain."
										LogColor="Cyan" />

						<!-- IN BRD BOX -->
						<If Condition="Me.X &gt; -7200 &amp;&amp; Me.X &lt; -7000 &amp;&amp; Me.Y &lt; -900 &amp;&amp; Me.Y &gt; -1000" >
							<CustomBehavior File="Message" 
											Text="We are in the Blackrock Depths box."
											LogColor="Cyan" />
							
							<!-- ALLOW ZONING OUT -->
							<CustomBehavior File="WaitTimer" 
											WaitTime="15000" />	
							
							<CustomBehavior File="Misc\LoadProfileOn" 
											CheckRange="2" />
									
							<CustomBehavior File="WaitTimer" 
											WaitTime="30000" />	
											
							<CustomBehavior File="Misc\LoadProfileOn" 
											CheckRange="2" />
											
							<CustomBehavior File="WaitTimer" 
											WaitTime="10000" />	
							
							<CustomBehavior File="Message" 
										Text="Moving to Lothos."
										LogColor="Lime" />
											
							<CustomBehavior File="NoCombatMoveTo" X="-7516.15" Y="-1045.365" Z="182.2999" />
						</If> <!-- IN BRD BOX -->
										
						<CustomBehavior File="ForcedMount"
										MountType="Ground" />
										
						<!-- Move to end of chain -->
						<RunTo X="-7482.167" Y="-1163.467" Z="277.9067" />
						
						<CustomBehavior File="ForcedDismount" />
						
						<CustomBehavior File="MyCTM" X="-7470.056" Y="-1164.558" Z="273.2744" />
						<CustomBehavior File="MyCTM" X="-7469.265" Y="-1186.581" Z="273.9157" />
						<CustomBehavior File="MyCTM" X="-7480.061" Y="-1194.603" Z="278.3599" />
						<CustomBehavior File="MyCTM" X="-7501.622" Y="-1200.502" Z="281.8502" />
						<CustomBehavior File="MyCTM" X="-7517.264" Y="-1210.495" Z="290.9408" />
						<CustomBehavior File="MyCTM" X="-7530.776" Y="-1209.405" Z="285.4507" />
						<CustomBehavior File="MyCTM" X="-7534.965" Y="-1214.374" Z="285.4137" />
						
						<!-- Moving to the instance box -->
						<RunTo X="-7524.65" Y="-1229.13" Z="285.731" />
						
						<!-- Not in Blackrock mountain -->
						<Else>
							<CustomBehavior File="Message" 
											Text="You started this RAF outside of Blackrock Mountain." 
											LogColor="Red" />
							
							<CustomBehavior File="Message" 
											Text="In order for movement to Blackrock Spire to be functional as intended, move this character outside of the Blackrock Depths portal and start the profile again." 
											LogColor="Red" />
											
							<CustomBehavior File="UserSettings" 
											StopBot="true" />
						</Else> <!-- Not in blackrock mountain -->
					</If> <!-- Blackrock Mountain -->
				</If> <!-- Not in box -->
				
				<!-- Inside the instance box, load the profile -->
				<If Condition="Me.X &lt; -7500 &amp;&amp; Me.X &gt; -7550 &amp;&amp; Me.Y &gt; -1260 &amp;&amp; Me.Y &lt; -1200" >
					<CustomBehavior File="Message" 
									Text="We are in the box." 
									LogColor="Cyan" />
					
					<CustomBehavior File="LoadProfile" 
									ProfileName="..\[QO-N][48-60]_blackrock-spire" />
				</If> <!-- Load profile -->
			</If> <!-- Eastern Kingdoms -->
		</If> <!-- RAF toons -->
	</QuestOrder>
</HBProfile>

