﻿<HBProfile creator="Botanist and Wigglez" version="1.0">
	<Name>[QO-N-M][80-stop-bot]</Name>
   
	<MinLevel>1</MinLevel>
	<MaxLevel>101</MaxLevel>
   
	<MinDurability>-1</MinDurability>
	<MinFreeBagSlots>-1</MinFreeBagSlots>
	
	<MailGrey>False</MailGrey>
	<MailWhite>False</MailWhite>
	<MailGreen>False</MailGreen>
	<MailBlue>False</MailBlue>
	<MailPurple>True</MailPurple>
   
	<SellGrey>True</SellGrey>
	<SellWhite>True</SellWhite>
	<SellGreen>True</SellGreen>
	<SellBlue>True</SellBlue>
	<SellPurple>False</SellPurple>
   
	<TargetElites>True</TargetElites>
	
	<AvoidMobs>
		<Mob Name="Summon Enabler Stalker" Entry="53488" />
	</AvoidMobs>
	
	<Blackspots>
	</Blackspots>

	<Mailboxes>
	</Mailboxes>
 
	<Vendors>
	</Vendors>
	
	<ProtectedItems>	
	</ProtectedItems>

	<Factions>16</Factions>
	
	<QuestOrder>
		<ClearVendor />
		<ClearMailbox />

		<!-- *******************************************************  Booster ************************************************************** -->
		
		<!-- Profile message - We are a Booster -->
		<If Condition="Me.Level &gt;= 90">
			<CustomBehavior File="Message" 
							Text="We are a Booster." 
							LogColor="Cyan" />
							
			<!-- Profile message - All the RAF toons have reach level 80. Stopping the bot -->				
			<CustomBehavior File="Message" 
							Text="All the RAF toons have reach level 85. Moving to Ramkahen and stopping the bot." 
							LogColor="Cyan" />				
							
			<!-- Lost City of the Tol'vir -->
			<If Condition="Me.MapId == 755">
				<CustomBehavior File="Message" 
								Text="Lost City of the Tol'vir detected. Running out."
								LogColor="Fuchsia" />
					
				<!-- Make our way to the exit -->
					<RunTo X="-10720.71" Y="-1318.306" Z="17.34324" />
					<CustomBehavior File="MyCTM" X="-10700.4" Y="-1312.69" Z="17.6029" />
					
					<!-- Go through the portal -->
					<CustomBehavior File="GoThruPortal" X="-10687.9" Y="-1309.086" Z="17.65984" />
					
					<!-- Make sure we run to the right spot outside the potral -->
					<RunTo X="-10679.7" Y="-1307.1" Z="17.34246" />
			</If> <!-- Lost City of the Tol'vir -->			

			<!-- Uldum -->
			<If Condition="Me.ZoneId == 5034">
				<!-- Fly to the hover point above the innkeep in Ramkahen -->
				<CustomBehavior File="FlyTo" 
								X="-9453.837" Y="-962.6011" Z="139.4122" />
				
				<CustomBehavior File="UserSettings" StopBot="true" />	
			</If> <!-- Uldum -->
		</If>
		
				
		<!-- ******************************************************* RAF Toons *************************************************************** -->			
				
	
	
		
		<!-- Profile message - We are a RAF -->	
		<If Condition="Me.Level &lt;= 85">
			<CustomBehavior File="Message" 
							Text="We are a RAF." 
							LogColor="Cyan" />
		
			<!-- Profile message - All the RAF toons have reach level 80. Stopping the bot -->				
			<CustomBehavior File="Message" 
							Text="All the RAF toons have reach level 80. Stopping the bot when we are in Stormwind City or Orgrimmar." 
							LogColor="Cyan" />		

			<If Condition="(Me.HearthstoneAreaId == 5148) || (Me.HearthstoneAreaId == 5170)">
				<CustomBehavior File="Message" 
								Text="Our Innkeeper is set at Stormwind or Orgrimmar." 
								LogColor="Cyan" />
								
				<!-- Have hearthstone -->
				<If Condition="HasItem(6948)">
					<CustomBehavior File="Message" 
									Text="Using Hearthstone." 
									LogColor="Lime" />
									
					<CustomBehavior File="Misc\RunLua" 
									Lua="UseItemByName(6948)" 
									WaitTime="1000" />
									
					<CustomBehavior File="WaitTimer" 
									WaitTime="20000" />
				</If> <!-- Have hearthstone -->
			
				<!-- Have Innkeeper's Daughter -->
				<If Condition="HasItem(64488)">
					<CustomBehavior File="Message" 
									Text="Using Innkeeper's Daughter." 
									LogColor="Lime" />
										
					<CustomBehavior File="Misc\RunLua" 
									Lua="UseItemByName(64488)" 
									WaitTime="1000" />
						
					<CustomBehavior File="WaitTimer" 
									WaitTime="20000" />
				</If> <!-- Have Innkeeper's Daughter -->
			</If> <!-- Hearth check -->				
							
			<!-- Stormwind City or Orgrimmar -->
			<If Condition="Me.ZoneId == 1519 || Me.ZoneId == 1637">
				<CustomBehavior File="UserSettings" StopBot="true" />		
			</If> <!-- Stormwind City or Orgrimmar -->
		</If>
			
	</QuestOrder>
</HBProfile>

