﻿<HBProfile creator="Botanist and Wigglez" version="1.0">
	<Name>[QO-A][10-17]_deadmines</Name>
   
	<MinLevel>1</MinLevel>
	<MaxLevel>101</MaxLevel>
   
	<MinDurability>-1</MinDurability>
	<MinFreeBagSlots>-1</MinFreeBagSlots>
	<TargetingDistance>25</TargetingDistance>
	
	<MailGrey>False</MailGrey>
	<MailWhite>False</MailWhite>
	<MailGreen>False</MailGreen>
	<MailBlue>False</MailBlue>
	<MailPurple>False</MailPurple>
   
	<SellGrey>False</SellGrey>
	<SellWhite>False</SellWhite>
	<SellGreen>False</SellGreen>
	<SellBlue>False</SellBlue>
	<SellPurple>False</SellPurple>
   
	<TargetElites>True</TargetElites>
	
	<AvoidMobs>
		<Mob Name="Monstrous Parrot" Entry="48447" />
		<Mob Name="Mining Powder" Entry="48284" />
		<Mob Name="Summon Enabler Stalker" Entry="53488" />	
		<Mob Name="Mining Powder" Entry="48284" />	
	</AvoidMobs>
	
	<Blackspots>
		<Blackspot X="-140.0314" Y="-405.6042" Z="58.6548" Radius="1" />
	</Blackspots>

	<Mailboxes>
	</Mailboxes>
 
	<Vendors>
	</Vendors>

	<Factions></Factions>
	
	<ProtectedItems>	
	</ProtectedItems>
	
	<QuestOrder>
		<ClearVendor />
		<ClearMailbox />
		
		
		<!-- *******************************************************  Booster ************************************************************** -->
		<If Condition="Me.Level &gt;= 85">
			<CustomBehavior File="Message" 
							Text="We are a booster." 
							LogColor="Fuchsia" />
							
			<!-- Booster UserSettings -->
			<CustomBehavior File="UserSettings"
							AdvancedSettingsMode="True"
							FindMountAutomatically="True"
							GroundMountFarmingMode="False"
							HarvestHerbs="False"
							HarvestMinerals="False"
							KillBetweenHotspots="True"
							LogoutForInactivity="False"
							LogoutInactivityUseForceQuit="False"
							LootMobs="True"
							LootRadius="35"
							MountName=""
							NinjaSkin="False"
							ProfileDebuggingMode="False"
							RessAtSpiritHealers="False"
							SkinMobs="False"
							UseMount="True" 
							UseRandomMount="False" />
		 
			<!-- Infinite loop -->
			<While Condition="true" >	
				<!-- If we are inside Deadmines, run out to reset -->
				<If Condition="Me.MapId == 36">
					<CustomBehavior File="Message" 
									Text="Deadmines detected. Running out." 
									LogColor="Fuchsia" />					
						
					<!-- Run to the instance entrance -->
					<MoveTo X="-14.5732" Y="-385.475" Z="62.4561" />
						
					<!-- Go through the portal -->
					<CustomBehavior File="Misc\InInstance" X="-14.26271" Y="-400.0272" Z="62.67023" />

					<!-- Make sure we ran to the right spot outside the portal -->
					<MoveTo X="-11208" Y="1676.41" Z="24.5716" />
				</If> <!-- Deadmines -->
				
				<!-- If we are not in the box, load the movement profile -->
				<If Condition="Me.X &gt; -11195 || Me.X &lt; -11220 || Me.Y &lt; 1650 || Me.Y &gt; 1690" >
					<CustomBehavior File="Message" 
									Text="Distance from portal is not within our proximity, initializing movement to get there." 
									LogColor="Fuchsia" />	
									
					<CustomBehavior File="LoadProfile" 
									ProfileName="Movement\[QO-A-M][10-17]_deadmines" />
				</If> <!-- Not in box -->
			
				<!-- If we are in the box -->
				<If Condition="Me.X &lt; -11195 &amp;&amp; Me.X &gt; -11220 &amp;&amp; Me.Y &gt; 1650 &amp;&amp; Me.Y &lt; 1690" >
					<CustomBehavior File="Message" 
									Text="Portal detected nearby." 
									LogColor="Fuchsia" />	
					
					<While Condition="Me.MapId != 36">
						<!-- Make sure we run to the right spot outside the portal -->
						<MoveTo X="-11208" Y="1676.41" Z="24.5716" />
					
						<!-- Run back in the Deadmines portal -->
						<CustomBehavior File="Misc\InInstance" X="-11208" Y="1690.41" Z="24.5716" />
										
						<CustomBehavior File="Message" 
										Text="Waiting for the dungeon to load." 
										LogColor="Fuchsia" />
										
						<CustomBehavior File="WaitTimer" 
										WaitTime="10000" 
										VariantTime="2000" />
					
						<If Condition="Me.MapId != 36">	
							<CustomBehavior File="Message" 
											Text="We are locked out. Waiting and trying again." 
											LogColor="Fuchsia" />
						</If> <!-- Locked -->
					</While> <!-- While we aren't in the instance -->
				</If> <!-- In box -->
				
				<!-- If we are inside Deadmines and have checked our reset -->
				<If Condition="Me.MapId == 36">
				
				<!-- Run macro to pass on loot -->
				<CustomBehavior File="RunMacro"
									Macro="/run SetOptOutOfLoot(1)" />
									
					<!-- Entrance -->
					<MoveTo X="-14.5732" Y="-385.475" Z="62.4561" />
				
					<!-- Go to activate spot -->
					<MoveTo X="-28.71053" Y="-375.081" Z="59.46141" />
					
					<!-- Begin the instance once all party members are within range  -->
					<CustomBehavior File="Misc\LoadProfileOn" 
									CheckRange="1" />
									
					<CustomBehavior File="Message" 
									Text="Deadmines initialized."  
									LogColor="Fuchsia" />
					
					<!-- clearing all mobs to the first boss -->
					<CustomBehavior File="RunLikeHell" 
									NumOfTimes="1" 
									AllowCombat="false">
						<Hotspot X="-26.83352" Y="-376.1732" Z="60.02905" />
						<Hotspot X="-33.06363" Y="-374.3263" Z="58.93636" />
						<Hotspot X="-46.53148" Y="-378.8216" Z="55.49294" />
						<Hotspot X="-56.79873" Y="-380.5832" Z="54.0836" />
						<Hotspot X="-72.11098" Y="-380.4375" Z="54.77505" />
						<Hotspot X="-86.03907" Y="-374.1007" Z="57.12459" />
						<Hotspot X="-96.86881" Y="-374.7969" Z="58.25466" />
						<Hotspot X="-100.9324" Y="-388.5808" Z="58.08402" />
						<Hotspot X="-90.81838" Y="-398.3108" Z="58.6805" />
						<Hotspot X="-101.2063" Y="-399.0786" Z="58.70216" />
						<Hotspot X="-110.5071" Y="-394.0714" Z="57.29652" />
						<Hotspot X="-124.4945" Y="-393.4195" Z="58.62679" />
						<Hotspot X="-126.7299" Y="-405.3917" Z="58.32526" />
						<Hotspot X="-119.4958" Y="-418.9292" Z="57.17984" />
						<Hotspot X="-109.2423" Y="-429.9661" Z="55.34615" />
						<Hotspot X="-113.0404" Y="-444.58" Z="55.48384" />
						<Hotspot X="-117.7164" Y="-434.8428" Z="54.95197" />
						<Hotspot X="-115.4352" Y="-421.5178" Z="56.35978" />
						<Hotspot X="-126.0068" Y="-410.2118" Z="57.81732" />
						<Hotspot X="-137.5326" Y="-409.0974" Z="58.38539" />
						<Hotspot X="-153.3046" Y="-401.1145" Z="56.78183" />
						<Hotspot X="-167.3985" Y="-398.4933" Z="57.29219" />
						<Hotspot X="-177.3625" Y="-410.0078" Z="55.97114" />
						<Hotspot X="-187.6651" Y="-426.5118" Z="53.9437" />
						<Hotspot X="-193.9504" Y="-440.176" Z="53.51677" />
						<Hotspot X="-192.3704" Y="-449.936" Z="54.43877" />
					</CustomBehavior>
					<MoveTo X="-192.3704" Y="-449.936" Z="54.43877" />
					
					<CustomBehavior File="WaitTimer" 
									WaitTime="3000" />	
						
					<!-- Clearing the cave bunny + monkey room -->
					<MoveTo X="-194.9716" Y="-491.6698" Z="53.61539" />	
					<MoveTo X="-194.9716" Y="-491.6698" Z="53.61539" />	
					<MoveTo X="-156.6751" Y="-508.3377" Z="53.48895" />
					<MoveTo X="-151.9515" Y="-531.6343" Z="49.62149" />
					<MoveTo X="-186.2356" Y="-478.7881" Z="54.04067" />
					<MoveTo X="-188.7026" Y="-502.5857" Z="52.58934" />
					<MoveTo X="-218.442" Y="-504.2533" Z="50.75262" />
					<MoveTo X="-204.7083" Y="-501.4356" Z="52.23769" />
					<MoveTo X="-221.2234" Y="-487.7744" Z="48.66626" />
					<MoveTo X="-235.5137" Y="-487.6353" Z="48.77209" />
					<MoveTo X="-256.4091" Y="-486.758" Z="49.44166" />
					<MoveTo X="-257.3985" Y="-478.3116" Z="49.43983" />
					
					<MoveTo X="-201.6289" Y="-508.5778" Z="52.50354" />
					<MoveTo X="-185.4055" Y="-497.0448" Z="53.51647" />
					<MoveTo X="-188.7278" Y="-483.4535" Z="54.04881" />
					<MoveTo X="-186.1417" Y="-497.9469" Z="53.46413" />
					<MoveTo X="-199.654" Y="-506.2593" Z="53.0273" />
					<MoveTo X="-219.044" Y="-497.2797" Z="48.86068" />
					<MoveTo X="-230.6727" Y="-484.426" Z="48.8515" />
					
					<!-- opening heavy door 17153 into Helix's room -->
					<CustomBehavior File="InteractWith"
									MobId="17153" 
									ObjectType="Gameobject" 
									Range="4.75" 
									NumOfTimes="1"  
									WaitTime="1" 
									X="-262.713745" Y="-482.361084" Z="49.43531" />
									
					<CustomBehavior File="WaitTimer"
									WaitTime="1000" />

					<!-- ENTER HELIX'S ROOM -->
					<MoveTo X="-267.4973" Y="-481.8291" Z="49.25309" />
										
					<!-- clearing mobs in the room -->
					<CustomBehavior File="RunLikeHell" 
									NumOfTimes="1" 
									AllowCombat="false">
						<Hotspot X="-276.0996" Y="-483.5373" Z="48.68264" />
						<Hotspot X="-290.0585" Y="-490.4711" Z="49.87199" />
						<Hotspot X="-301.8099" Y="-516.5173" Z="51.66095" />
						<Hotspot X="-298.8353" Y="-511.4071" Z="50.1995" />
						<Hotspot X="-300.0636" Y="-505.8767" Z="49.38919" />
						<Hotspot X="-290.0915" Y="-490.7462" Z="49.88458" />
						<Hotspot X="-278.4925" Y="-497.9591" Z="49.55719" />
						<Hotspot X="-282.1774" Y="-512.9896" Z="49.23433" />
						<Hotspot X="-274.7015" Y="-518.2503" Z="49.73911" />
					</CustomBehavior>
					
					<!-- Engage and kill Helix Gearbreaker -->
					<CustomBehavior File="RunMacro" 
									Macro="/tar Helix Gearbreaker" />
					<CustomBehavior File="RunMacro" 
									Macro="/startattack Helix Gearbreaker" />				
					<CustomBehavior File="WaitTimer" 
									WaitTime="1000" />	
					<CustomBehavior File="RunMacro" 
									Macro="/tar Helix Gearbreaker" />
					<CustomBehavior File="RunMacro" 
									Macro="/startattack Helix Gearbreaker" />				
					<CustomBehavior File="WaitTimer" 
									WaitTime="1000" />	

					<!-- run to the room entrance -->
					<MoveTo X="-268.1307" Y="-482.5477" Z="49.19214" />
					
					<CustomBehavior File="WaitTimer" 
									WaitTime="1000" />	
					
					<!-- opening heavy door 17153 into Helix's room  FOR THE RAF TOONS-->
					<CustomBehavior File="InteractWith" 
									MobId="17153" 
									ObjectType="Gameobject" 
									Range="4.75" 
									NumOfTimes="1"  
									WaitTime="1" 
									X="-262.713745" Y="-482.361084" Z="49.43531" />
					
					<CustomBehavior File="WaitTimer" 
									WaitTime="1000" />

					<!-- moving to the exit door -->
					<MoveTo X="-289.9005" Y="-544.0559" Z="49.44535" />
					
					<!-- clearing the keg room -->
					<CustomBehavior File="RunLikeHell" 
									NumOfTimes="1"
									AllowCombat="false">
						<Hotspot X="-289.9005" Y="-544.0559" Z="49.44535" />
						<Hotspot X="-285.073" Y="-553.1115" Z="49.44674" />
						<Hotspot X="-288.9636" Y="-562.9924" Z="49.0107" />
						<Hotspot X="-294.5558" Y="-571.5174" Z="48.6021" />
						<Hotspot X="-305.6169" Y="-581.5509" Z="48.43512" />
						<Hotspot X="-299.6419" Y="-590.2422" Z="48.13741" />
						<Hotspot X="-303.9183" Y="-601.4552" Z="47.77555" />
						<Hotspot X="-295.6866" Y="-607.1664" Z="47.58765" />
						<Hotspot X="-288.9436" Y="-599.3224" Z="47.89572" />
						<Hotspot X="-279.8745" Y="-595.4619" Z="50.78487" />
						<Hotspot X="-272.4757" Y="-586.8866" Z="50.54903" />
						<Hotspot X="-269.3878" Y="-577.0342" Z="50.19818" />
						<Hotspot X="-259.7761" Y="-573.2104" Z="50.74782" />
						<Hotspot X="-248.6693" Y="-578.6204" Z="51.14859" />
						<Hotspot X="-246.5466" Y="-578.6382" Z="51.14859" />
					</CustomBehavior>
					<MoveTo X="-246.5466" Y="-578.6382" Z="51.14859" />
						
					<CustomBehavior File="WaitTimer" 
									WaitTime="1000" />	
					
					<!-- opening heavy door 17154 into the foundry -->
					<CustomBehavior File="InteractWith" 
									MobId="17154" 
									ObjectType="Gameobject" 
									Range="4.75" 
									NumOfTimes="1"  
									WaitTime="1" 
									X="-242.96521" Y="-578.561035" Z="51.1366043" />
					
					<CustomBehavior File="WaitTimer" 
									WaitTime="1000" />	

					<!-- Clearing the foundry -->
					<CustomBehavior File="RunLikeHell" 
									NumOfTimes="1" 
									AllowCombat="false">
						<Hotspot X="-235.0225" Y="-578.5293" Z="51.22744" />
						<Hotspot X="-227.8732" Y="-570.9562" Z="51.23149" />
						<Hotspot X="-219.0329" Y="-558.5974" Z="51.22995" />
						<Hotspot X="-204.5879" Y="-553.8146" Z="51.22995" />
						<Hotspot X="-190.67" Y="-559.8043" Z="51.22995" />
						<Hotspot X="-182.13" Y="-572.0795" Z="49.00368" />
						<Hotspot X="-181.6212" Y="-587.1185" Z="42.58506" />
						<Hotspot X="-189.6651" Y="-599.5464" Z="36.53077" />
						<Hotspot X="-203.5571" Y="-606.2019" Z="30.29339" />
						<Hotspot X="-218.2982" Y="-602.616" Z="24.01671" />
						<Hotspot X="-230.3324" Y="-593.3027" Z="19.41858" />
						<Hotspot X="-235.5155" Y="-579.7137" Z="19.30652" />
						<Hotspot X="-231.6915" Y="-565.1757" Z="19.30652" />
						<Hotspot X="-220.0965" Y="-554.9551" Z="19.30652" />
						<Hotspot X="-205.3483" Y="-552.0089" Z="19.30652" />
						<Hotspot X="-190.5453" Y="-556.0366" Z="19.30652" />
						<Hotspot X="-179.9666" Y="-566.8791" Z="19.30831" />
						<Hotspot X="-186.0055" Y="-579.1028" Z="20.977" />
						<Hotspot X="-198.1653" Y="-588.0043" Z="20.977" />
						<Hotspot X="-205.8684" Y="-595.4613" Z="20.9768" />
						<Hotspot X="-213.2614" Y="-586.4579" Z="20.9768" />
						<Hotspot X="-224.035" Y="-592.2531" Z="20.09909" />
						<Hotspot X="-234.8427" Y="-583.6089" Z="19.30651" />
						<Hotspot X="-231.1023" Y="-568.8948" Z="19.30651" />
						<Hotspot X="-218.7984" Y="-561.6298" Z="19.66751" />
						<Hotspot X="-210.18" Y="-568.1779" Z="20.97696" />
					</CustomBehavior>
					
					<!-- Move away from spawn location to trigger the getoutofgroundeffects -->
					<MoveTo X="-234.7856" Y="-577.5735" Z="19.30651" />
					
					<!-- Forces Booster to kill Foe Reaper 5000 -->
					<CustomBehavior File="GetOutOfGroundEffectAndAuras" 
									EventCompleteWhen="SpecificMobsDead" EventCompleteDeadMobId="43778"
									EventX="-209.837" EventY="-568.622" EventZ="20.97682"
									MoveOutOfGroundEffectAuraId1="111111"
									MoveAwayFromMobCastingSpellId1="111111"
									MoveAwayFromMobWithAuraId1="111111">
						<Safespots>
							<Hotspot X="-209.837" Y="-568.622" Z="20.97682" />
						</Safespots>
					</CustomBehavior>
					
					<!-- clearing the path to the big cannon -->
					<MoveTo X="-171.5674" Y="-580.0723" Z="19.31439" />
					
					<CustomBehavior File="RunLikeHell" 
									NumOfTimes="1" 
									AllowCombat="false">
						<Hotspot X="-177.7443" Y="-579.2161" Z="19.31002" />
						<Hotspot X="-167.5223" Y="-580.3922" Z="19.31481" />
						<Hotspot X="-157.7141" Y="-583.1476" Z="19.31046" />
						<Hotspot X="-144.8596" Y="-583.3582" Z="18.80226" />
						<Hotspot X="-138.2241" Y="-574.5064" Z="18.80553" />
						<Hotspot X="-133.8951" Y="-589.1031" Z="18.64474" />
						<Hotspot X="-133.9016" Y="-603.1843" Z="15.49269" />
						<Hotspot X="-132.0683" Y="-614.4753" Z="13.17442" />
						<Hotspot X="-121.8342" Y="-616.2962" Z="13.76309" />
						<Hotspot X="-106.6984" Y="-615.298" Z="14.05768" />
						<Hotspot X="-117.0698" Y="-617.7417" Z="13.93783" />
						<Hotspot X="-127.3421" Y="-626.049" Z="13.25266" />
						<Hotspot X="-135.2281" Y="-633.7773" Z="14.47421" />
						<Hotspot X="-122.8011" Y="-636.2034" Z="12.72044" />
						<Hotspot X="-111.3222" Y="-643.7597" Z="9.197114" />
						<Hotspot X="-106.422" Y="-654.6807" Z="7.423776" />
					</CustomBehavior>
					<MoveTo X="-106.422" Y="-654.6807" Z="7.423776" />
					
					<CustomBehavior File="WaitTimer" 
									WaitTime="1000" />	
					
					<!-- interacting with the big cannon -->
					<CustomBehavior File="InteractWith" 
									MobId="16398" 
									ObjectType="Gameobject" 
									Range="4.75" 
									NumOfTimes="1"  
									WaitTime="1" 
									X="-107.561668" Y="-659.6737" Z="7.21211052" />
									
					<CustomBehavior File="WaitTimer" 
									WaitTime="1000" />
					
					<!-- moving to the door and waiting for the entrance guards -->
					<MoveTo X="-101.284" Y="-653.9721" Z="7.422448" />

					<CustomBehavior File="WaitTimer" 
									WaitTime="10000" />	
							
					<!-- clearing the path to the gangplank -->
					<CustomBehavior File="RunLikeHell" 
									NumOfTimes="1" 
									AllowCombat="false">			
						<Hotspot X="-99.02342" Y="-658.9495" Z="7.422226" />
						<Hotspot X="-98.81014" Y="-674.3585" Z="7.421044" />
						<Hotspot X="-93.74633" Y="-688.7126" Z="8.027484" />
						<Hotspot X="-92.97439" Y="-703.9512" Z="8.933599" />
						<Hotspot X="-102.6214" Y="-715.5364" Z="8.793398" />
						<Hotspot X="-93.18476" Y="-724.1393" Z="8.527748" />
						<Hotspot X="-77.89355" Y="-726.2267" Z="8.91581" />
						<Hotspot X="-62.72651" Y="-728.1534" Z="8.508743" />
						<Hotspot X="-49.83744" Y="-721.025" Z="8.71579" />
						<Hotspot X="-42.4246" Y="-731.2755" Z="9.028157" />
						<Hotspot X="-31.938" Y="-732.0733" Z="8.488211" />
						<Hotspot X="-20.56069" Y="-741.4548" Z="9.102344" />
						<Hotspot X="-9.291871" Y="-751.7664" Z="9.094791" />
						<Hotspot X="-4.921676" Y="-765.5611" Z="9.07488" />
						<Hotspot X="-2.652072" Y="-780.1899" Z="9.951032" />
						<Hotspot X="-14.20859" Y="-789.8606" Z="15.33831" />
						<Hotspot X="-26.25278" Y="-799.5648" Z="19.33159" />
					</CustomBehavior>
					<MoveTo X="-26.25278" Y="-799.5648" Z="19.33159" />
					
						
					<!-- clearing the rear of the ship -->
					<CustomBehavior File="RunLikeHell" 
									NumOfTimes="1" 
									AllowCombat="false">
						<Hotspot X="-20.52452" Y="-810.2443" Z="19.63242" />
						<Hotspot X="-14.88052" Y="-816.5654" Z="19.97551" />
						<Hotspot X="-22.25083" Y="-834.1003" Z="19.56441" />
						<Hotspot X="-30.29148" Y="-843.8741" Z="19.16625" />
						<Hotspot X="-39.65561" Y="-851.2426" Z="18.74237" />
						<Hotspot X="-51.64512" Y="-856.0854" Z="18.26875" />
						<Hotspot X="-81.83317" Y="-856.7485" Z="17.37288" />
						<Hotspot X="-104.4598" Y="-848.5499" Z="16.98378" />
						<Hotspot X="-122.6975" Y="-834.8643" Z="16.87684" />
						<Hotspot X="-123.906" Y="-824.0209" Z="16.90465" />
					</CustomBehavior>	
					<MoveTo X="-27.9015" Y="-798.5767" Z="19.23848" />
						
					<!-- clearing the top of the ship, skipping the last boss -->	
					<CustomBehavior File="RunLikeHell"
									NumOfTimes="1"
									AllowCombat="false">	
						<Hotspot X="-31.3322" Y="-796.9626" Z="19.06272" />
						<Hotspot X="-43.86604" Y="-788.2316" Z="18.51168" />
						<Hotspot X="-58.15515" Y="-782.6337" Z="17.9861" />
						<Hotspot X="-73.10715" Y="-781.572" Z="17.54654" />
						<Hotspot X="-87.7492" Y="-786.3683" Z="17.23514" />
						<Hotspot X="-101.6221" Y="-790.7941" Z="17.02438" />
						<Hotspot X="-114.8794" Y="-798.7469" Z="16.9225" />
						<Hotspot X="-124.5336" Y="-809.6588" Z="16.87215" />
						<Hotspot X="-122.9477" Y="-799.45" Z="16.78906" />
						<Hotspot X="-115.4625" Y="-787.9359" Z="17.27979" />
						<Hotspot X="-101.5201" Y="-781.2766" Z="22.11819" />
						<Hotspot X="-87.29786" Y="-778.5327" Z="26.74419" />
						<Hotspot X="-75.24685" Y="-785.9716" Z="26.14742" />
						<Hotspot X="-85.54771" Y="-787.5909" Z="26.17927" />
						<Hotspot X="-100.2489" Y="-790.4482" Z="28.03909" />
						<Hotspot X="-99.04527" Y="-804.2945" Z="30.69968" />
						<Hotspot X="-84.93843" Y="-798.5908" Z="37.32835" />
						<Hotspot X="-71.7127" Y="-790.9733" Z="39.27783" />
						<Hotspot X="-56.27118" Y="-791.6086" Z="38.85359" />
						<Hotspot X="-42.51555" Y="-796.2142" Z="39.34597" />
						<Hotspot X="-41.87161" Y="-798.449" Z="39.31561" />
						<Hotspot X="-66.47214" Y="-793.5493" Z="39.50296" />
						<Hotspot X="-90.60645" Y="-799.8885" Z="35.01756" />
						<Hotspot X="-98.99164" Y="-804.0187" Z="30.71152" />
						<Hotspot X="-104.687" Y="-793.3242" Z="28.14153" />
						<Hotspot X="-82.1254" Y="-782.1797" Z="26.52121" />
						<Hotspot X="-88.73714" Y="-777.5153" Z="26.28935" />
						<Hotspot X="-102.3766" Y="-780.2588" Z="22.19656" />
						<Hotspot X="-121.5953" Y="-793.8953" Z="16.9083" />
						<Hotspot X="-115.6697" Y="-800.1013" Z="16.93368" />
						<Hotspot X="-94.76049" Y="-787.6947" Z="17.11716" />
						<Hotspot X="-70.60361" Y="-782.7341" Z="17.61426" />
						<Hotspot X="-51.02776" Y="-785.3269" Z="18.23941" />
						<Hotspot X="-65.21016" Y="-782.4417" Z="17.76253" />
					</CustomBehavior>
					<MoveTo X="-65.21016" Y="-782.4417" Z="17.76253" />

					<!-- Tag the rafs -->
					<CustomBehavior File="Message" 
									Text="Tagging RAFs."  
									LogColor="Fuchsia" />
									
					<MoveTo X="-100.5887" Y="-668.5515" Z="7.422379" />
					
					<!-- If we are high enough to go to the next instance, do so -->
					<CustomBehavior File="Misc\LoadProfileOn" 
									MinLevel="17" 
									ProfileName="[QO-N][17-25]_blackfathom-deeps.xml" />	
									
					<CustomBehavior File="WaitTimer" 
									WaitTime="5000" />
					
					
					<!-- moving past the big cannon so we don't get stuck -->
					<MoveTo X="-99.6212" Y="-657.9174" Z="7.423793" />
					
					<!-- Move to the door at the top of the foundry -->						
					<MoveTo X="-241.175" Y="-579.0677" Z="51.14831" />
					
					<!-- opens the foundry door -->
					<CustomBehavior File="InteractWith" 
									MobId="17154" 
									ObjectType="Gameobject" 
									Range="4.75" 
									NumOfTimes="1"  
									WaitTime="1" 
									X="-244.5276" Y="-578.5715" Z="51.14911" />
					
					<CustomBehavior File="WaitTimer"
									WaitTime="1000" />
				</If> <!-- Deadmines -->
				
				<!-- If we are inside Deadmines, run out to reset -->
				<If Condition="Me.MapId == 36">
					<CustomBehavior File="Message" 
									Text="Deadmines detected. Running out to reset." 
									LogColor="Fuchsia" />					
						
					<!-- Run to the instance entrance -->
					<MoveTo X="-14.5732" Y="-385.475" Z="62.4561" />
						
					<!-- Go through the portal -->
					<CustomBehavior File="Misc\InInstance" X="-14.26271" Y="-400.0272" Z="62.67023" />
					
					<!-- Make sure we ran to the right spot outside the portal -->
					<MoveTo X="-11208" Y="1676.41" Z="24.5716" />
				</If> <!-- Deadmines -->
				
				<!-- If we are in the box -->
				<If Condition="Me.X &lt; -11195 &amp;&amp; Me.X &gt; -11220 &amp;&amp; Me.Y &gt; 1650 &amp;&amp; Me.Y &lt; 1690" >
					<!-- First reset isn't enough to get a fresh instance if toons are still inside -->
					<CustomBehavior File="Message" 
									Text="Resetting instance, 1 of 2." 
									LogColor="Fuchsia" />
					
					<CustomBehavior File="RunMacro" Macro="/script ResetInstances()" />
					<CustomBehavior File="RunMacro" Macro="/script SetDungeonDifficultyID(1)" />
					
					<!-- Allow for an Honorbuddy pulse -->
					<CustomBehavior File="WaitTimer" 
									WaitTime="200" />
					
					<!-- The second reset confirms we are safe to enter the instance -->
					<CustomBehavior File="Message" 
									Text="Resetting instance, 2 of 2." 
									LogColor="Fuchsia" />
					<CustomBehavior File="RunMacro" Macro="/script ResetInstances()" />
					<CustomBehavior File="RunMacro" Macro="/script SetDungeonDifficultyID(1)" />
					
					<CustomBehavior File="Message" 
									Text="Instance reset." 
									LogColor="Fuchsia" />
				</If> <!-- In box -->
			</While> <!-- Infinite loop -->
		</If> <!-- Booster -->
		
		<!-- *******************************************************  RAF Toons ************************************************************** -->
		<If Condition="Me.Level &lt;= 84">
			<CustomBehavior File="Message" 
							Text="We are a RAF." 
							LogColor="Fuchsia" />
		
			<If Condition="Me.IsAlliance">
				<If Condition="Me.HearthstoneAreaId != 5148">
					<CustomBehavior File="Message" 
									Text="Our Hearthstone isn't set in the Trade District in Stormwind. Stopping profile." 
									LogColor="Lime" />
									
					<CustomBehavior File="UserSettings" 
										StopBot="true" />
				</If>
				
				<ElseIf Condition="Me.IsHorde">
					<If Condition="Me.HearthstoneAreaId != 5170">
						<CustomBehavior File="Message" 
										Text="Our Hearthstone isn't set in the Valley of Strength in Orgrimmar. Stopping profile." 
										LogColor="Lime" />
										
						<CustomBehavior File="UserSettings" 
										StopBot="true" />
					</If>
				</ElseIf>
			</If>
		
			<!-- RAF User Settings -->
			<CustomBehavior File="UserSettings"
							AdvancedSettingsMode="True"
							GroundMountFarmingMode="False"
							HarvestHerbs="False"
							HarvestMinerals="False"
							KillBetweenHotspots="False"
							LogoutForInactivity="False"
							LogoutInactivityUseForceQuit="False"
							LootMobs="False"
							LootRadius="1"
							MountName=""
							NinjaSkin="False"
							ProfileDebuggingMode="False"
							PullDistance="1"
							RessAtSpiritHealers="False"
							SkinMobs="False"
							UseMount="True" 
							UseRandomMount="False" />
							
			<!-- Infinite loop -->
			<While Condition="true" >	
				<!-- If we are inside Deadmines, run out to reset -->
				<If Condition="Me.MapId == 36">
					<CustomBehavior File="Message" 
									Text="Deadmines detected. Running out." 
									LogColor="Fuchsia" />					
						
					<!-- Run to the instance entrance -->
					<MoveTo X="-14.45693" Y="-385.494" Z="62.4785" />
						
					<!-- Go through the portal -->
					<CustomBehavior File="Misc\InInstance" X="-14.26271" Y="-400.0272" Z="62.67023" />
					
					<!-- Make sure we ran to the right spot outside the portal -->
					<MoveTo X="-11208" Y="1676.41" Z="24.5716" />
				</If>
				
				<!-- If we aren't in the box, load movement profile -->
				<If Condition="Me.X &gt; -11195 || Me.X &lt; -11220 || Me.Y &lt; 1653.415 || Me.Y &gt; 1690 " >
					<CustomBehavior File="Message" 
									Text="Distance from portal is not within our proximity, initializing movement to get there." 
									LogColor="Fuchsia" />
									
					<CustomBehavior File="LoadProfile" 
									ProfileName="Movement\[QO-A-M][10-17]_deadmines" />
				</If> <!-- Not in box -->
			
				<!-- If we are in the box -->
				<If Condition="Me.X &lt; -11195 &amp;&amp; Me.X &gt; -11220 &amp;&amp; Me.Y &gt; 1650 &amp;&amp; Me.Y &lt; 1690" >
					<CustomBehavior File="Message" 
									Text="Portal detected nearby." 
									LogColor="Fuchsia" />	
					
					<While Condition="Me.MapId != 36">
						<!-- Make sure we run to the right spot outside the portal -->
						<MoveTo X="-11208" Y="1676.41" Z="24.5716" />
					
						<!-- Run back in the Deadmines portal -->
						<CustomBehavior File="Misc\InInstance" X="-11208" Y="1690.41" Z="24.5716" />
										
						<CustomBehavior File="Message" 
										Text="Waiting for the dungeon to load." 
										LogColor="Fuchsia" />
										
						<CustomBehavior File="WaitTimer" 
										WaitTime="10000" 
										VariantTime="2000" />
					
						<If Condition="Me.MapId != 36">	
							<CustomBehavior File="Message" 
											Text="We are locked out. Waiting and trying again." 
											LogColor="Fuchsia" />
						</If> <!-- Locked -->
					</While> <!-- While we aren't in the instance -->
				</If> <!-- In box -->
				
				<!-- If we are inside Deadmines and have checked our reset -->
				<If Condition="Me.MapId == 36" >
					<CustomBehavior File="Message" 
									Text="Avoiding instance lock from this point, do not touch." 
									LogColor="Yellow" />	
				
					<!-- Entrance -->
					<MoveTo X="-14.5732" Y="-385.475" Z="62.4561" />
				
					<!-- Disable combat -->
					<DisableBehavior Name="Combat" />
					
					<!-- Go to activate spot -->
					<MoveTo X="-28.71053" Y="-375.081" Z="59.46141" />
				
					<!-- Begin the instance once all party members are within range  -->
					<CustomBehavior File="Misc\LoadProfileOn" 
									CheckRange="2" />
									
					<CustomBehavior File="Misc\InstanceTimer" 
									Timer="Start" />
					
					<CustomBehavior File="Message" 
									Text="Deadmines initialized."  
									LogColor="Fuchsia" />
							
					<CustomBehavior File="Message" 
									Text="Moving to the safespot." 
									LogColor="Fuchsia" />		
							
					<!-- Run to a safe spot near entrance -->
					<MoveTo X="-62.90265" Y="-380.8474" Z="53.92384" />				
							
					<!-- Triggers RAFs to advance after Glubtok dies -->
					<CustomBehavior File="GetOutOfGroundEffectAndAuras" 
									EventCompleteWhen="SpecificMobsDead" EventCompleteDeadMobId="47162"
									EventX="-72.46748" EventY="-381.0429" EventZ="54.9753"
									MoveOutOfGroundEffectAuraId1="111111"
									MoveAwayFromMobCastingSpellId1="111111"
									MoveAwayFromMobWithAuraId1="111111">
						<Safespots>
							<Hotspot X="-72.46748" Y="-381.0429" Z="54.9753" />
						</Safespots>
					</CustomBehavior>

					<CustomBehavior File="Message" 
									Text="Moving to the next safespot." 
									LogColor="Fuchsia" />	
					
					<!-- Moving to Glubtok 's room -->
					<MoveTo X="-193.3947" Y="-442.2317" Z="53.67666" />
					
					<!-- Triggers RAFs to advance after Helix Gearbreaker dies -->
					<CustomBehavior File="GetOutOfGroundEffectAndAuras" 
									EventCompleteWhen="SpecificMobsDead" EventCompleteDeadMobId="47296"
									EventX="-191.8431" EventY="-451.9727" EventZ="54.43726"
									MoveOutOfGroundEffectAuraId1="111111"
									MoveAwayFromMobCastingSpellId1="111111"
									MoveAwayFromMobWithAuraId1="111111">
						<Safespots>
							<Hotspot X="-191.8431" Y="-451.9727" Z="54.43726" />
						</Safespots>
					</CustomBehavior>
					
					<!-- Ten second delay before entering Helix Gearbreaker's room -->
					<CustomBehavior File="WaitTimer" 
									WaitTime="10000" />
					
					<CustomBehavior File="Message" 
									Text="Moving to the next safespot." 
									LogColor="Fuchsia" />	
					
					<!-- Moving to Helix Gearbreaker's room -->
					<MoveTo X="-289.9657" Y="-526.7321" Z="49.70089" />
					
					<!-- Triggers RAFs to advance after Foe Reaper 5000 dies -->
					<CustomBehavior File="GetOutOfGroundEffectAndAuras" 
									EventCompleteWhen="SpecificMobsDead" EventCompleteDeadMobId="43778"
									EventX="-289.8125" EventY="-532.3017" EventZ="49.41389"
									MoveOutOfGroundEffectAuraId1="111111"
									MoveAwayFromMobCastingSpellId1="111111"
									MoveAwayFromMobWithAuraId1="111111">
						<Safespots>
							<Hotspot X="-289.8125" Y="-532.3017" Z="49.41389" />
						</Safespots>
					</CustomBehavior>
					
					<CustomBehavior File="Message" 
									Text="Moving to the next safespot." 
									LogColor="Fuchsia" />	
					
					 <!-- Moving to Foe Reaper 5000's room -  bottom door -->
					<MoveTo X="-176.0377" Y="-579.8438" Z="19.31051" />
					
					<!-- Profile message - Waiting 30 seconds for the Booster the clear the cave -->
					<CustomBehavior File="Message" 
									Text="Waiting 30 seconds for the Booster the clear the cave." 
									LogColor="Fuchsia" />
									
					<!-- Wait 30 seconds for Booster to clear to the big cannon -->
					<CustomBehavior File="WaitTimer" 
									WaitTime="30000" />
									
					<!-- Run to the big cannon -->
					<MoveTo X="-99.6212" Y="-657.9174" Z="7.423793" />
					<MoveTo X="-100.5887" Y="-668.5515" Z="7.422379" />
					
					<!-- Profile message - Waiting 30 seconds for the Booster the clear the cave -->
					<CustomBehavior File="Message" 
									Text="Waiting to be tagged by the Booster." 
									LogColor="Fuchsia" />
					
					<!-- When the booster tags us again, we can move forward -->
					<CustomBehavior File="Misc\LoadProfileOn" 
									CheckRange="5" />
													
					<!-- If we are high enough to go to the next instance, do so -->	
					<CustomBehavior File="Misc\LoadProfileOn" 
									MinLevel="17" 
									ProfileName="[QO-N][17-25]_blackfathom-deeps.xml"  />	
									
					<!-- Wait so the main can get away from us -->
					<CustomBehavior File="WaitTimer" 
									WaitTime="60000" />
										
					<!-- moving past the big cannon so we don't get stuck -->
					<MoveTo X="-99.6212" Y="-657.9174" Z="7.423793" />

					<CustomBehavior File="Misc\InstanceTimer" Timer="Check" />
					
					<!-- enableable combat -->
					<EnableBehavior Name="Combat" />
					
				</If> <!-- Deadmines -->
			</While> <!-- Infinite loop -->
		</If> <!-- RAF -->
	</QuestOrder>
</HBProfile>

