﻿<HBProfile creator="Botanist and Wigglez" version="1.0">
	<Name>[QO-N][71-73]_drak'tharon-keep</Name>
   
	<MinLevel>1</MinLevel>
	<MaxLevel>101</MaxLevel>
   
	<MinDurability>-1</MinDurability>
	<MinFreeBagSlots>-1</MinFreeBagSlots>
	
	<MailGrey>False</MailGrey>
	<MailWhite>False</MailWhite>
	<MailGreen>False</MailGreen>
	<MailBlue>False</MailBlue>
	<MailPurple>False</MailPurple>
   
	<SellGrey>True</SellGrey>
	<SellWhite>False</SellWhite>
	<SellGreen>False</SellGreen>
	<SellBlue>False</SellBlue>
	<SellPurple>False</SellPurple>
   
	<TargetElites>True</TargetElites>
	
	<AvoidMobs>		
		<Mob Name="Summon Enabler Stalker" Entry="53488" />
		<Mob Name="Drakkari Guardian" Entry="26620" />
	</AvoidMobs>
	
	<Blackspots>
		<Blackspot X="-295.7177" Y="-744.481" Z="29.66842" Radius="3" />
	</Blackspots>

	<Mailboxes>
	</Mailboxes>
 
	<Vendors>
	</Vendors>
	
	<ProtectedItems>
	</ProtectedItems>

	<Factions>16</Factions>
	
	<QuestOrder>
		<ClearVendor />
		<ClearMailbox />
		
		<!-- *******************************************************  Booster ************************************************************** -->
		<If Condition="Me.Level &gt;= 90">
			<CustomBehavior File="Message" 
							Text="We are a booster." 
							LogColor="Fuchsia" />
		
		 	<!-- Booster UserSettings -->
			<CustomBehavior File="UserSettings"
							AdvancedSettingsMode="True"
							GroundMountFarmingMode="False"
							HarvestHerbs="False"
							HarvestMinerals="False"
							KillBetweenHotspots="True"
							LogoutForInactivity="False"
							LogoutInactivityUseForceQuit="False"
							LootMobs="True"
							LootRadius="15"
							MountName=""
							NinjaSkin="False"
							ProfileDebuggingMode="False"
							PullDistance="25"
							RessAtSpiritHealers="False"
							SkinMobs="False"
							UseMount="True" 
							UseRandomMount="False" />
						
			<!-- Infinite loop -->
			<While Condition="true" >	
				<!-- Drak'Tharon Keep -->
				<If Condition="Me.ZoneId == 4196" >
					<CustomBehavior File="Message" 
									Text="Drak'Tharon Keep detected. Running out."
									LogColor="Fuchsia" />
									
									
					<!-- if we aren't at the quest givers, run to 3rd raised section -->				
					<If Condition="Me.Y &lt; -536.2922" > 
						<RunTo X="-531.3202" Y="-593.3092" Z="2.484553" />
						<CustomBehavior File="MyCTM" X="-540.0514" Y="-571.1459" Z="2.484182" />
						<CustomBehavior File="MyCTM" X="-540.216" Y="-554.3991" Z="2.485743" />
						<CustomBehavior File="MyCTM" X="-520.3536" Y="-528.2415" Z="11.01161" />
					</If>
					
					<!-- Make our way to the exit -->
					<RunTo X="-517.15" Y="-489.201" Z="11.01775" />

					<!-- Go through the portal -->
					<CustomBehavior File="Misc\InInstance" X="-518.2795" Y="-460.8023" Z="10.98073" />
					
					<!-- Make sure we run to the right spot outside the potral -->
					<RunTo X="4774.44" Y="-2030.03" Z="229.38" />	
				</If> <!-- DK -->
				
				<!-- If we are not in the box, load the movement profile -->
				<If Condition="Me.X &lt; 4700 || Me.X &gt; 4800 || Me.Y &lt; -2100 || Me.Y &gt; -2000" >
					<CustomBehavior File="Message" 
									Text="Distance from portal is not within our proximity, initializing movement to get there."
									LogColor="Fuchsia" />	
									
					<CustomBehavior File="LoadProfile" 
									ProfileName="Movement\[QO-N-M][71-73]_drak'tharon-keep" />
				</If> <!-- Not in box -->
				
				<!-- If we are in the box -->
				<If Condition="Me.X &gt; 4700 &amp;&amp; Me.X &lt; 4800 &amp;&amp; Me.Y &gt; -2100 &amp;&amp; Me.Y &lt; -2000" >
					<CustomBehavior File="Message" 
									Text="Portal detected nearby."
									LogColor="Fuchsia" />	
						
					<!-- If we didn't enter the instance, wait 20 seconds then attempt to enter again -->
					<While Condition="Me.ZoneId != 4196">
						<!-- Make sure we run to the right spot outside the portal -->
						<RunTo X="4774.44" Y="-2030.03" Z="229.38" />	

						<!-- Run back in the portal -->
						<CustomBehavior File="Misc\InInstance" X="4775.576" Y="-2010.473" Z="229.3535" />
										
						<CustomBehavior File="Message" 
										Text="Waiting for the dungeon to load." 
										LogColor="Fuchsia" />
									
						<CustomBehavior File="WaitTimer" 
										WaitTime="20000"
										VariantTime="20000" />
										
						<!-- If we still aren't in, we're locked out -->
						<If Condition="Me.ZoneId != 4196">
							<CustomBehavior File="Message" 
											Text="We are locked out. Waiting and trying again." 
											LogColor="Fuchsia" />
						</If> <!-- Locked -->
					</While> <!-- While we aren't in the instance -->
				</If> <!-- In box -->
				
				<!-- If we are inside and have checked our reset -->
				<If Condition="Me.ZoneId == 4196">
					<!-- Entrance -->
					
					<!-- Run macro to pass on loot -->
					<CustomBehavior File="RunMacro"
									Macro="/run SetOptOutOfLoot(1)" />
									
					<RunTo X="-517.15" Y="-489.201" Z="11.0179" />
				
					<!-- Run to quest giver -->
					<RunTo X="-524.327" Y="-527.0266" Z="11.00971" />
				
					<!-- Begin the instance once all party members are within range  -->
					<CustomBehavior File="Misc\LoadProfileOn" 
									CheckRange="1" />
									
					<CustomBehavior File="WaitTimer"
									WaitTime="5000" />
									
					<CustomBehavior File="Message" 
									Text="Drak'Tharon Keep initialized."  
									LogColor="Fuchsia" />
				
					<!-- kill first pack of mobs near the rafs -->
					<RunTo X="-542.0549" Y="-580.2903" Z="1.070249" />
				
					<!-- Clear to first boss -->
					<CustomBehavior File="RunLikeHell" 
									UseCTM="false" 
									NumOfTimes="1" 
									AllowCombat="false">
						<Hotspot X="-521.8157" Y="-600.897" Z="1.111856" />
						<Hotspot X="-483.0196" Y="-607.8966" Z="1.863342" />
						<Hotspot X="-467.8199" Y="-598.7207" Z="1.916696" />
						<Hotspot X="-416.4313" Y="-606.7646" Z="1.025609" />
						<Hotspot X="-398.7973" Y="-598.9605" Z="1.025609" />
						<Hotspot X="-357.4907" Y="-592.3278" Z="4.796331" />
						<Hotspot X="-364.6906" Y="-602.4348" Z="2.274251" />
						<Hotspot X="-347.9693" Y="-622.4708" Z="11.01171" />
						<Hotspot X="-293.344" Y="-660.4799" Z="10.92391" />
						<Hotspot X="-255.94" Y="-659.7068" Z="26.53073" />
						<Hotspot X="-327.3265" Y="-660.283" Z="10.92393" />
						<Hotspot X="-331.0493" Y="-638.2062" Z="11.78156" />
						<Hotspot X="-370.4904" Y="-601.4912" Z="2.274103" />
						<Hotspot X="-414.3878" Y="-602.2146" Z="1.02497" />
						<Hotspot X="-442.0265" Y="-602.5194" Z="2.482818" />
						<Hotspot X="-408.0646" Y="-601.3903" Z="1.025105" />
					</CustomBehavior>
					<RunTo X="-408.0646" Y="-601.3903" Z="1.025105" />
					
					<!-- Profile message - tag rafs at quest givers -->
					<CustomBehavior File="Message" 
									Text="Tagging the RAFs at the quest givers."
									LogColor="Fuchsia" />
									
					<!-- tag rafs at quest givers -->
					<RunTo X="-531.3202" Y="-593.3092" Z="2.484553" />
					<CustomBehavior File="MyCTM" X="-540.0514" Y="-571.1459" Z="2.484182" />
					<CustomBehavior File="MyCTM" X="-540.216" Y="-554.3991" Z="2.485743" />
					<CustomBehavior File="MyCTM" X="-520.3536" Y="-528.2415" Z="11.01161" />
					<RunTo X="-524.327" Y="-527.0266" Z="11.00971" />
					
					<!-- Wait 5 seconds -->
					<CustomBehavior File="WaitTimer"
									WaitTime="5000" />
									
					<!-- Profile message - RAF safe spot -->
					<CustomBehavior File="Message" 
									Text="Moving to the RAF safe spot."
									LogColor="Fuchsia" />				
									
					<!-- Move to the RAF safe spot -->	
					<CustomBehavior File="MyCTM" X="-520.3536" Y="-528.2415" Z="11.01161" />
					<CustomBehavior File="MyCTM" X="-540.216" Y="-554.3991" Z="2.485743" />
					<CustomBehavior File="MyCTM" X="-540.0514" Y="-571.1459" Z="2.484182" />
					<RunTo X="-408.0617" Y="-602.2345" Z="1.024964" />

					<!-- Profile message - RAF safe spot -->
					<CustomBehavior File="Message" 
									Text="Moving to Trollgore."
									LogColor="Fuchsia" />
					
					<!-- Move to Trollgore -->			
					<RunTo X="-268.2876" Y="-659.0545" Z="26.50841" />
					
					<!-- Move to the spider room door -->			
					<RunTo X="-259.9194" Y="-683.222" Z="26.52256" />
					
					<!-- Clear spider room and 2nd boss -->
					<CustomBehavior File="RunLikeHell" 
									UseCTM="false" 
									NumOfTimes="1" 
									AllowCombat="false">
						<Hotspot X="-259.3499" Y="-716.9747" Z="26.87413" />
						<Hotspot X="-244.0306" Y="-721.3815" Z="27.4628" />
						<Hotspot X="-254.0482" Y="-733.3594" Z="27.34737" />
						<Hotspot X="-263.0528" Y="-720.9879" Z="27.29211" />
						<Hotspot X="-287.7119" Y="-727.4046" Z="27.29311" />
						<Hotspot X="-281.5968" Y="-709.7533" Z="27.29191" />
						<Hotspot X="-291.2065" Y="-717.9401" Z="27.5164" />
						<Hotspot X="-311.6945" Y="-699.4586" Z="27.29193" />
						<Hotspot X="-321.2089" Y="-704.3054" Z="27.29193" />
						<Hotspot X="-346.9349" Y="-730.0336" Z="28.58102" />
						<Hotspot X="-362.3076" Y="-737.4802" Z="28.15213" />
						<Hotspot X="-376.4574" Y="-739.0514" Z="27.36148" />
					</CustomBehavior>
					<RunTo X="-376.4574" Y="-739.0514" Z="27.36148" />
					
					<!-- Run to the bat room -->
					<RunTo X="-403.5953" Y="-669.6186" Z="26.6433" />
					
					<!-- Run to the raptor pen entrance -->
					<RunTo X="-420.9976" Y="-653.9225" Z="28.57364" />
					
					<!-- Clear the court yard and raptor pens -->
					<CustomBehavior File="RunLikeHell" 
									UseCTM="false" 
									NumOfTimes="1" 
									AllowCombat="false">
						<Hotspot X="-449.7727" Y="-652.6895" Z="28.58741" />
						<Hotspot X="-506.9333" Y="-652.4597" Z="30.24639" />
						<Hotspot X="-498.7856" Y="-724.3376" Z="30.24639" />
						<Hotspot X="-513.7322" Y="-727.3583" Z="30.24639" />
						<Hotspot X="-530.3015" Y="-714.3569" Z="30.24639" />
						<Hotspot X="-536.9069" Y="-718.0137" Z="30.24639" />
						<Hotspot X="-527.9563" Y="-694.4902" Z="30.24639" />
						<Hotspot X="-527.0722" Y="-648.8193" Z="30.24708" />
						<Hotspot X="-532.189" Y="-659.5309" Z="30.24704" />
						<Hotspot X="-542.4528" Y="-661.7868" Z="30.26336" />
						<Hotspot X="-540.4228" Y="-671.2149" Z="30.28136" />
						<Hotspot X="-555.6962" Y="-682.506" Z="30.59302" />
						<Hotspot X="-553.4617" Y="-691.8896" Z="30.65157" />
					</CustomBehavior>
					<RunTo X="-553.4617" Y="-691.8896" Z="30.65157" />
					
					<!-- Clear all the trolls after the stairs -->
					<CustomBehavior File="RunLikeHell" 
									UseCTM="false" 
									NumOfTimes="1" 
									AllowCombat="false">
						<Hotspot X="-478.8665" Y="-703.3113" Z="30.24638" />
						<Hotspot X="-478.5811" Y="-628.3248" Z="72.6098" />
						<Hotspot X="-459.7407" Y="-613.7206" Z="72.60557" />
						<Hotspot X="-441.5468" Y="-613.6649" Z="72.60557" />
						<Hotspot X="-449.3318" Y="-603.9841" Z="72.60565" />
						<Hotspot X="-435.5531" Y="-609.7417" Z="72.60615" />
						<Hotspot X="-393.3585" Y="-609.5114" Z="72.60614" />
						<Hotspot X="-420.1687" Y="-594.7627" Z="72.60654" />
						<Hotspot X="-396.3507" Y="-610.1743" Z="72.60654" />
						<Hotspot X="-321.6499" Y="-610.272" Z="72.60627" />
						<Hotspot X="-344.3748" Y="-589.8085" Z="72.60754" />
						<Hotspot X="-339.2408" Y="-604.463" Z="72.60754" />
						<Hotspot X="-300.2365" Y="-612.9497" Z="72.58736" />
						<Hotspot X="-300.294" Y="-681.4894" Z="101.8736" />
						<Hotspot X="-279.3137" Y="-710.4179" Z="101.7833" />
						<Hotspot X="-277.0927" Y="-737.9231" Z="101.787" />
						<Hotspot X="-236.769" Y="-731.9543" Z="116.474" />
					</CustomBehavior>
					<RunTo X="-236.769" Y="-731.9543" Z="116.474" />
					
					<!-- stairs before The Prophet Tharon'ja -->
					<RunTo X="-237.2929" Y="-715.2191" Z="119.6006" />
					
					<!-- Wait timer to make sure all mobs are dead before initializing the getoutofgroundeffects QB -->
					<CustomBehavior File="Message" 
									Text="Waiting 10 second to ensure we don't have any aggro."
									LogColor="Fuchsia" />
									
					<CustomBehavior File="WaitTimer" 
									WaitTime="10000" />
					
					<!-- Forces kill of The Prophet Tharon'ja -->
					<CustomBehavior File="GetOutOfGroundEffectAndAuras" 
									EventCompleteWhen="SpecificMobsDead" EventCompleteDeadMobId="26632"
									EventX="-236.8264" EventY="-675.4053" EventZ="131.8646"
									MoveOutOfGroundEffectAuraId1="111111"
									MoveAwayFromMobCastingSpellId1="111111"
									MoveAwayFromMobWithAuraId1="111111">
						<Safespots>
							<Hotspot X="-236.8264" Y="-675.4053" Z="131.8646" />
						</Safespots>
					</CustomBehavior>
					
					<!-- Run to jump off -->
					<RunTo X="-241.2161" Y="-619.4562" Z="116.4731" />
					
					<CustomBehavior File="MyCTM" X="-270.8818" Y="-617.9888" Z="89.14006" />
					<CustomBehavior File="MyCTM" X="-252.4394" Y="-620.541" Z="90.78624" />
					
					<!-- Run to jump off -->
					<RunTo X="-239.8299" Y="-629.4651" Z="90.78271" />
					
					<CustomBehavior File="MyCTM" X="-240.2014" Y="-642.7293" Z="62.23345" />
					
					<!-- Run to jump off -->
					<CustomBehavior File="MyCTM" X="-240.137" Y="-619.55" Z="65.70298" />
					
					<CustomBehavior File="MyCTM" X="-240.0958" Y="-609.7836" Z="8.657261" />
					<CustomBehavior File="MyCTM" X="-237.7089" Y="-589.3581" Z="11.02358" />
					
					<!-- tag the RAF's at the safe spot -->
					<CustomBehavior File="Message" 
									Text="Tagging the RAFs at the safe spot."
									LogColor="Fuchsia" />
									
					<!-- tag rafs at the safe spot -->
					<RunTo X="-408.0617" Y="-602.2345" Z="1.024964" />				
									
					<CustomBehavior File="WaitTimer" 
									WaitTime="5000" />
					
					<!-- If we are high enough to go to the next instance, do so -->
					<CustomBehavior File="Misc\LoadProfileOn" 
									MinLevel="73" 
									ProfileName="[QO-N][73-75]_gundrak.xml"  />
				</If> <!-- DK -->
				
				<!-- Drak'Tharon Keep -->
				<If Condition="Me.ZoneId == 4196">
					<CustomBehavior File="Message" 
									Text="Drak'Tharon Keep detected. Running out to reset."
									LogColor="Fuchsia" />
				
					<!-- if we aren't at the quest givers, run to 3rd raised section -->				
					<If Condition="Me.Y &lt; -536.2922" > 
						<RunTo X="-531.3202" Y="-593.3092" Z="2.484553" />
						<CustomBehavior File="MyCTM" X="-540.0514" Y="-571.1459" Z="2.484182" />
						<CustomBehavior File="MyCTM" X="-540.216" Y="-554.3991" Z="2.485743" />
						<CustomBehavior File="MyCTM" X="-520.3536" Y="-528.2415" Z="11.01161" />
					</If>
				
					<!-- Make our way to the exit -->
					<RunTo X="-517.15" Y="-489.201" Z="11.01775" />

					<!-- Go through the portal -->
					<CustomBehavior File="Misc\InInstance" X="-518.2795" Y="-460.8023" Z="10.98073" />
					
					<!-- Make sure we run to the right spot outside the potral -->
					<RunTo X="4774.44" Y="-2030.03" Z="229.38" />	
				</If> <!-- DK -->
				
				<!-- If we are in the box -->
				<If Condition="Me.X &gt; 4700 &amp;&amp; Me.X &lt; 4800 &amp;&amp; Me.Y &gt; -2100 &amp;&amp; Me.Y &lt; -2000" >
					<!-- First reset isn't enough to get a fresh instance if toons are still inside -->
					<CustomBehavior File="Message" 
									Text="Resetting instance, 1 of 2." 
									LogColor="Fuchsia" />
					
					<CustomBehavior File="RunMacro" Macro="/script ResetInstances()" />
					<CustomBehavior File="RunMacro" Macro="/script SetDungeonDifficultyID(1)" />
					
					<!-- Allow for an Honorbuddy pulse -->
					<CustomBehavior File="WaitTimer" 
									WaitTime="200" />
					
					<!-- The second reset confirms we are safe to enter the instance -->
					<CustomBehavior File="Message" 
									Text="Resetting instance, 2 of 2." 
									LogColor="Fuchsia" />
					<CustomBehavior File="RunMacro" Macro="/script ResetInstances()" />
					<CustomBehavior File="RunMacro" Macro="/script SetDungeonDifficultyID(1)" />
					
					<CustomBehavior File="Message" 
									Text="Instance reset." 
									LogColor="Fuchsia" />
				</If> <!-- In box -->
			</While> <!-- Infinite loop -->
		</If> <!-- Booster -->	

		<!-- *******************************************************  RAF Toons ************************************************************** -->
		<If Condition="Me.Level &lt;= 85">
			<CustomBehavior File="Message" 
							Text="We are a RAF." 
							LogColor="Fuchsia" />
							
			<If Condition="Me.IsAlliance">
				<If Condition="Me.HearthstoneAreaId != 5148">
					<CustomBehavior File="Message" 
									Text="Our Hearthstone isn't set in the Trade District in Stormwind. Stopping profile." 
									LogColor="Fuchsia" />
									
					<CustomBehavior File="UserSettings" 
										StopBot="true" />
				</If>
				
				<ElseIf Condition="Me.IsHorde">
					<If Condition="Me.HearthstoneAreaId != 5170">
						<CustomBehavior File="Message" 
										Text="Our Hearthstone isn't set in the Valley of Strength in Orgrimmar. Stopping profile." 
										LogColor="Fuchsia" />
										
						<CustomBehavior File="UserSettings" 
										StopBot="true" />
					</If>
				</ElseIf>
			</If>

			<!-- RAF User Settings -->
			<CustomBehavior File="UserSettings"
							AdvancedSettingsMode="True"
							GroundMountFarmingMode="False"
							HarvestHerbs="False"
							HarvestMinerals="False"
							KillBetweenHotspots="False"
							LogoutForInactivity="False"
							LogoutInactivityUseForceQuit="False"
							LootMobs="False"
							LootRadius="1"
							MountName=""
							NinjaSkin="False"
							ProfileDebuggingMode="False"
							PullDistance="1"
							RessAtSpiritHealers="False"
							SkinMobs="False"
							UseMount="True" 
							UseRandomMount="False" />
		
			<!-- Infinite loop -->
			<While Condition="true" >	
				<!-- Drak'Tharon Keep -->
				<If Condition="Me.ZoneId == 4196">
					<CustomBehavior File="Message" 
									Text="Drak'Tharon Keep detected. Running out."
									LogColor="Fuchsia" />
				
					<!-- if we aren't at the quest givers, run to 3rd raised section -->				
					<If Condition="Me.Y &lt; -536.2922" > 
						<RunTo X="-531.3202" Y="-593.3092" Z="2.484553" />
						<CustomBehavior File="MyCTM" X="-540.0514" Y="-571.1459" Z="2.484182" />
						<CustomBehavior File="MyCTM" X="-540.216" Y="-554.3991" Z="2.485743" />
						<CustomBehavior File="MyCTM" X="-520.3536" Y="-528.2415" Z="11.01161" />
					</If>
				
					<!-- Make our way to the exit -->
					<RunTo X="-517.15" Y="-489.201" Z="11.01775" />

					<!-- Go through the portal -->
					<CustomBehavior File="Misc\InInstance" X="-518.2795" Y="-460.8023" Z="10.98073" />
					
					<!-- Make sure we run to the right spot outside the potral -->
					<RunTo X="4774.44" Y="-2030.03" Z="229.38" />	
				</If> <!-- DK -->
			
				<!-- If we are not in the box, load the movement profile -->
				<If Condition="Me.X &lt; 4700 || Me.X &gt; 4800 || Me.Y &lt; -2100 || Me.Y &gt; -2000" >
					<CustomBehavior File="Message" 
									Text="Distance from portal is not within our proximity, initializing movement to get there."
									LogColor="Fuchsia" />	
									
					<CustomBehavior File="LoadProfile" 
									ProfileName="Movement\[QO-N-M][71-73]_drak'tharon-keep" />
				</If> <!-- Not in box -->
				
				<!-- If we are in the box -->
				<If Condition="Me.X &gt; 4700 &amp;&amp; Me.X &lt; 4800 &amp;&amp; Me.Y &gt; -2100 &amp;&amp; Me.Y &lt; -2000" >
					<CustomBehavior File="Message" 
									Text="Portal detected nearby."
									LogColor="Fuchsia" />	
						
					<!-- If we didn't enter the instance, wait 20 seconds then attempt to enter again -->
					<While Condition="Me.ZoneId != 4196">
						<!-- Make sure we run to the right spot outside the portal -->
						<RunTo X="4774.44" Y="-2030.03" Z="229.38" />	

						<!-- Run back in the portal -->
						<CustomBehavior File="Misc\InInstance" X="4775.576" Y="-2010.473" Z="229.3535" />
										
						<CustomBehavior File="Message" 
										Text="Waiting for the dungeon to load." 
										LogColor="Fuchsia" />
									
						<CustomBehavior File="WaitTimer" 
										WaitTime="20000"
										VariantTime="20000" />
										
						<!-- If we still aren't in, we're locked out -->
						<If Condition="Me.ZoneId != 4196">
							<CustomBehavior File="Message" 
											Text="We are locked out. Waiting and trying again." 
											LogColor="Fuchsia" />
						</If> <!-- Locked -->
					</While> <!-- While we aren't in the instance -->
				</If> <!-- In box -->
				
				<!-- If we are inside and have checked our reset -->
				<If Condition="Me.ZoneId == 4196">
					<CustomBehavior File="Message" 
									Text="Avoiding instance lock from this point, do not touch." 
									LogColor="Yellow" />	
									
					<!-- Entrance -->
					<RunTo X="-517.15" Y="-489.201" Z="11.0179" />
				
					<!-- Disable combat -->
					<DisableBehavior Name="Combat" />
				
					<!-- Run to quest giver -->
					<RunTo X="-524.327" Y="-527.0266" Z="11.00971" />

					<!-- Begin the instance once all party members are within range  -->
					<CustomBehavior File="Misc\LoadProfileOn" 
									CheckRange="2" />
									
					<CustomBehavior File="Misc\InstanceTimer" Timer="Start" /> 
									
					<CustomBehavior File="Message" 
									Text="Drak'Tharon Keep initialized."  
									LogColor="Fuchsia" />
									
					<CustomBehavior File="WaitTimer" 
									WaitTime="60000" />
					
					<!-- Continue when tagged -->
					<CustomBehavior File="Misc\LoadProfileOn" 
									CheckRange="5" />
									
					<CustomBehavior File="WaitTimer" 
									WaitTime="20000" />				
									
					<!-- Profile message - RAF safe spot -->
					<CustomBehavior File="Message" 
									Text="Moving to the RAF safe spot."
									LogColor="Fuchsia" />				
									
					<!-- Move to the RAF safe spot -->
					<CustomBehavior File="MyCTM" X="-520.3536" Y="-528.2415" Z="11.01161" />
					<CustomBehavior File="MyCTM" X="-540.216" Y="-554.3991" Z="2.485743" />
					<CustomBehavior File="MyCTM" X="-540.0514" Y="-571.1459" Z="2.484182" />
					<RunTo X="-415.2246" Y="-602.2709" Z="1.02492" />
					
					<!-- Forces kill of The Prophet Tharon'ja -->
					<CustomBehavior File="GetOutOfGroundEffectAndAuras" 
									EventCompleteWhen="SpecificMobsDead" 
									EventCompleteDeadMobId="26632"
									EventX="-408.0617" EventY="-602.2345" EventZ="1.024964"
									MoveOutOfGroundEffectAuraId1="111111"
									MoveAwayFromMobCastingSpellId1="111111"
									MoveAwayFromMobWithAuraId1="111111">
						<Safespots>
							<Hotspot X="-408.0617" Y="-602.2345" Z="1.024964" />
						</Safespots>
					</CustomBehavior>
					
					<!-- Continue when tagged -->				
					<CustomBehavior File="Misc\LoadProfileOn" 
									CheckRange="5" />				

					<!-- If we are high enough to go to the next instance, do so -->
					<CustomBehavior File="Misc\LoadProfileOn" 
									MinLevel="73" 
									ProfileName="[QO-N][73-75]_gundrak.xml"  />
								
					<!-- Wait so the main can get away from us -->
					<CustomBehavior File="WaitTimer" 
									WaitTime="30000" />
									
					<CustomBehavior File="Misc\InstanceTimer" Timer="Check" />  
				</If> <!-- DK -->
				
				<!-- Drak'Tharon Keep -->
				<If Condition="Me.ZoneId == 4196">
					<CustomBehavior File="Message" 
									Text="Drak'Tharon Keep detected. Running out."
									LogColor="Fuchsia" />
				
					<!-- if we aren't at the quest givers, run to 3rd raised section -->				
					<If Condition="Me.Y &lt; -536.2922" > 
						<RunTo X="-531.3202" Y="-593.3092" Z="2.484553" />
						<CustomBehavior File="MyCTM" X="-540.0514" Y="-571.1459" Z="2.484182" />
						<CustomBehavior File="MyCTM" X="-540.216" Y="-554.3991" Z="2.485743" />
						<CustomBehavior File="MyCTM" X="-520.3536" Y="-528.2415" Z="11.01161" />
					</If>
				
					<!-- Make our way to the exit -->
					<RunTo X="-517.15" Y="-489.201" Z="11.01775" />

					<!-- enableable combat -->
					<EnableBehavior Name="Combat" />
					
					<!-- Go through the portal -->
					<CustomBehavior File="Misc\InInstance" X="-518.2795" Y="-460.8023" Z="10.98073" />
					
					<!-- Make sure we run to the right spot outside the potral -->
					<RunTo X="4774.44" Y="-2030.03" Z="229.38" />	
				</If> <!-- DK -->
			</While> <!-- Infinite loop -->
		</If> <!-- RAF -->
	</QuestOrder>
</HBProfile>