﻿<HBProfile creator="Botanist and Wigglez" version="1.0">
	<Name>[QO-N][75-77]_halls-of-lightning</Name>
   
	<MinLevel>1</MinLevel>
	<MaxLevel>101</MaxLevel>
   
	<MinDurability>-1</MinDurability>
	<MinFreeBagSlots>-1</MinFreeBagSlots>
	
	<MailGrey>False</MailGrey>
	<MailWhite>False</MailWhite>
	<MailGreen>False</MailGreen>
	<MailBlue>False</MailBlue>
	<MailPurple>False</MailPurple>
   
	<SellGrey>True</SellGrey>
	<SellWhite>False</SellWhite>
	<SellGreen>False</SellGreen>
	<SellBlue>False</SellBlue>
	<SellPurple>False</SellPurple>
   
	<TargetElites>True</TargetElites>
	
	<AvoidMobs>		
		<Mob Name="Summon Enabler Stalker" Entry="53488" />
	</AvoidMobs>
	
	<Blackspots>
	</Blackspots>

	<Mailboxes>
	</Mailboxes>
 
	<Vendors>
	</Vendors>
	
	<ProtectedItems>
	</ProtectedItems>

	<Factions>16</Factions>
	
	<QuestOrder>
		<ClearVendor />
		<ClearMailbox />

		<!-- *******************************************************  Booster ************************************************************** -->
		<If Condition="Me.Level &gt;= 90">
			<CustomBehavior File="Message" 
							Text="We are a booster." 
							LogColor="Fuchsia" />
		
		 	<!-- Booster UserSettings -->
			<CustomBehavior File="UserSettings"
							AdvancedSettingsMode="True"
							GroundMountFarmingMode="False"
							HarvestHerbs="False"
							HarvestMinerals="False"
							KillBetweenHotspots="True"
							LogoutForInactivity="False"
							LogoutInactivityUseForceQuit="False"
							LootMobs="True"
							LootRadius="15"
							MountName=""
							NinjaSkin="False"
							ProfileDebuggingMode="False"
							PullDistance="25"
							RessAtSpiritHealers="False"
							SkinMobs="False"
							UseMount="True" 
							UseRandomMount="False" />
							
			<!-- Infinite loop -->
			<While Condition="true" >	
				<!-- Halls of Lightning -->
				<If Condition="Me.ZoneId == 4272">
					<CustomBehavior File="Message" 
									Text="Halls of Lightning detected. Running out."
									LogColor="Fuchsia" />
						
					<!-- Make our way to the exit -->
					<RunTo X="1331.41" Y="241.904" Z="52.5046" />

					<!-- Go through the portal -->
					<CustomBehavior File="Misc\InInstance" X="1333.524" Y="290.7161" Z="52.81057" />
					
					<!-- Make sure we run to the right spot outside the potral -->
					<RunTo X="9175.68" Y="-1378.8" Z="1103.57" />
				</If> <!-- HoL -->
				
				<!-- If we are not in the box, load the movement profile -->
				<If Condition="Me.X &lt; 9100 || Me.X &gt; 9200 || Me.Y &lt; -1400 || Me.Y &gt; -1300" >
					<CustomBehavior File="Message" 
									Text="Distance from portal is not within our proximity, initializing movement to get there."
									LogColor="Fuchsia" />	
									
					<CustomBehavior File="LoadProfile" 
									ProfileName="Movement\[QO-N-M][75-77]_halls-of-lightning" />
				</If> <!-- Not in box -->
				
				<!-- If we are in the box -->
				<If Condition="Me.X &gt; 9100 &amp;&amp; Me.X &lt; 9200 &amp;&amp; Me.Y &gt; -1400 &amp;&amp; Me.Y &lt; -1300" >
					<CustomBehavior File="Message" 
									Text="Portal detected nearby."
									LogColor="Fuchsia" />	
						
					<!-- If we didn't enter the instance, wait 20 seconds then attempt to enter again -->
					<While Condition="Me.ZoneId != 4272">
						<!-- Make sure we run to the right spot outside the portal -->
						<RunTo X="9175.68" Y="-1378.8" Z="1103.57" />

						<!-- Run back in the portal -->
						<CustomBehavior File="Misc\InInstance" X="9195.854" Y="-1410.016" Z="1110.216" />
										
						<CustomBehavior File="Message" 
										Text="Waiting for the dungeon to load." 
										LogColor="Fuchsia" />
									
						<CustomBehavior File="WaitTimer" 
										WaitTime="20000"
										VariantTime="20000" />
										
						<!-- If we still aren't in, we're locked out -->
						<If Condition="Me.ZoneId != 4272">
							<CustomBehavior File="Message" 
											Text="We are locked out. Waiting and trying again." 
											LogColor="Fuchsia" />
						</If> <!-- Locked -->
					</While> <!-- While we aren't in the instance -->
				</If> <!-- In box -->
				
				<!-- If we are inside and have checked our reset -->
				<If Condition="Me.ZoneId == 4272">
					<!-- Entrance -->
					
					<!-- Run macro to pass on loot -->
					<CustomBehavior File="RunMacro"
									Macro="/run SetOptOutOfLoot(1)" />
									
					<RunTo X="1331.41" Y="241.904" Z="52.5046" />
				
					<!-- Run to quest giver -->
					<RunTo X="1331.359" Y="221.5716" Z="53.3982" />
				
					<!-- Begin the instance once all party members are within range  -->
					<CustomBehavior File="Misc\LoadProfileOn" 
									CheckRange="1" />
									
					<CustomBehavior File="WaitTimer"
									WaitTime="5000" />
									
					<CustomBehavior File="Message" 
									Text="Halls of Lightning initialized."  
									LogColor="Fuchsia" />
									
					<!-- Runlikehell to pull entrance to the back right corner -->
					<CustomBehavior File="RunLikeHell" 
									UseCTM="false" 
									NumOfTimes="1" 
									AllowCombat="false">
						<Hotspot X="1330.928" Y="191.5214" Z="53.16277" />
						<Hotspot X="1325.824" Y="163.2726" Z="53.70418" />
						<Hotspot X="1338.977" Y="163.0592" Z="53.70418" />
						<Hotspot X="1330.631" Y="93.76698" Z="40.18051" />
						<Hotspot X="1315.738" Y="94.10728" Z="40.18051" />
						<Hotspot X="1280.441" Y="94.56725" Z="33.5057" />
						<Hotspot X="1258.641" Y="106.4999" Z="33.50566" />
					</CustomBehavior>	
						<RunTo X="1258.641" Y="106.4999" Z="33.50566" />
						
					<!-- Runlikehell to pull front right corner to the back right corner -->
					<CustomBehavior File="RunLikeHell" 
									UseCTM="false" 
									NumOfTimes="1" 
									AllowCombat="false">	
						<Hotspot X="1269.714" Y="73.57873" Z="33.50554" />
						<Hotspot X="1254.295" Y="58.20074" Z="33.5056" />
						<Hotspot X="1271.316" Y="42.76962" Z="33.50558" />
						<Hotspot X="1253.993" Y="23.42127" Z="33.50569" />
						<Hotspot X="1270.521" Y="5.903249" Z="33.50577" />
						<Hotspot X="1259.842" Y="-32.71298" Z="33.50577" />
					</CustomBehavior>
					<RunTo X="1259.842" Y="-32.71298" Z="33.50577" />
						
					<!-- Loop back under Loken to be sure patrols are dead -->
					<RunTo X="1254.395" Y="-6.665033" Z="33.50566" />
					<RunTo X="1254.588" Y="80.73029" Z="33.50613" />
					<RunTo X="1269.798" Y="80.61652" Z="33.50613" />
					<RunTo X="1269.596" Y="-14.15509" Z="33.50613" />				
								
					<!-- Runlikehell to pull back right corner to the Iron Crucible -->
					<CustomBehavior File="RunLikeHell" 
									UseCTM="false" 
									NumOfTimes="1" 
									AllowCombat="false">
						<Hotspot X="1280.169" Y="-33.99865" Z="33.5058" />
						<Hotspot X="1326.478" Y="-33.9321" Z="40.1817" />
						<Hotspot X="1336.967" Y="-31.51172" Z="40.1817" />
					</CustomBehavior>
					<RunTo X="1336.967" Y="-31.51172" Z="40.1817" />	
						
					<!-- Runlikehell to pull the Iron Crucible to the Unyielding Garrison -->	
					<CustomBehavior File="RunLikeHell" 
									UseCTM="false" 
									NumOfTimes="1" 
									AllowCombat="false">
						<Hotspot X="1354.329" Y="5.261074" Z="43.15365" />
						<Hotspot X="1363.421" Y="-4.571633" Z="42.99044" />			
						<Hotspot X="1365.948" Y="17.78572" Z="48.46579" />
						<Hotspot X="1375.217" Y="7.435031" Z="48.22897" />
						<Hotspot X="1378.08" Y="18.51252" Z="50.03817" />
						<Hotspot X="1395.017" Y="36.47628" Z="50.03823" />
					</CustomBehavior>
					<RunTo X="1395.017" Y="36.47628" Z="50.03823" />						
						
					<!-- Runlikehell to pull the Unyielding Garrison to the first platform and back -->	
					<CustomBehavior File="RunLikeHell" 
									UseCTM="true" 
									NumOfTimes="1" 
									AllowCombat="false">
						<Hotspot X="1376.603" Y="45.38057" Z="50.0383" />
						<Hotspot X="1341.149" Y="81.93388" Z="40.17981" />
						<Hotspot X="1348.616" Y="89.87563" Z="40.17981" />
						<Hotspot X="1355.207" Y="85.64785" Z="40.17981" />
						<Hotspot X="1370.422" Y="68.28822" Z="46.5434" />   <!-- top left ramp -->
						<Hotspot X="1379.36" Y="51.26277" Z="50.03828" />   <!-- center top of the ramp -->
						<Hotspot X="1441.873" Y="28.89459" Z="56.66949" />	<!-- Top right -->
						<Hotspot X="1435.227" Y="44.53588" Z="56.66731" />	<!-- left of top platform -->
					</CustomBehavior>
					<RunTo X="1395.11" Y="36.16037" Z="50.03894" />						
					
					<!-- profile message - Going to tag the RAF toons at the entrance -->
					<CustomBehavior File="Message" 
									Text="Tagging the RAFs at the entrance."
									LogColor="Fuchsia" />
									
					<!-- tag rafs at the entrance -->
					<RunTo X="1331.708" Y="159.2112" Z="53.70435" />				
									
					<CustomBehavior File="WaitTimer" 
									WaitTime="5000" />

					<!-- Run to the entance of the Iron Crucible -->
					<RunTo X="1331.983" Y="-46.43424" Z="40.18056" />

					<!-- Runlikehell through the Iron Crucible -->
					<CustomBehavior File="RunLikeHell" 
									UseCTM="false" 
									NumOfTimes="1" 
									AllowCombat="false">
						<Hotspot X="1331.979" Y="-99.62247" Z="23.22626" />
						<Hotspot X="1332.758" Y="-123.8981" Z="23.22719" />
						<Hotspot X="1312.495" Y="-170.3559" Z="23.22576" />
						<Hotspot X="1321.518" Y="-186.2523" Z="23.22576" />
						<Hotspot X="1299.432" Y="-219.6101" Z="23.22576" />
						<Hotspot X="1314.561" Y="-197.4361" Z="23.22576" />
						<Hotspot X="1346.253" Y="-166.3262" Z="23.22576" />
						<Hotspot X="1337.932" Y="-146.5502" Z="23.22576" />
						<Hotspot X="1313.027" Y="-167.1767" Z="23.22576" />
						<Hotspot X="1350.126" Y="-198.0493" Z="23.22576" />
						<Hotspot X="1366.418" Y="-223.6453" Z="23.22576" />
						<Hotspot X="1343.533" Y="-190.0272" Z="23.22576" />
						<Hotspot X="1331.809" Y="-201.5576" Z="23.34989" />
						<Hotspot X="1331.48" Y="-230.4692" Z="37.78723" />
					</CustomBehavior>
					<RunTo X="1331.48" Y="-230.4692" Z="37.78723" />							
								
					<!-- Runlikehell from Iron Crucible to right before Volkhan -->
					<CustomBehavior File="RunLikeHell" 
									UseCTM="false" 
									NumOfTimes="1" 
									AllowCombat="false">
						<Hotspot X="1332.387" Y="-238.3228" Z="37.82282" />
						<Hotspot X="1290.294" Y="-238.3352" Z="37.8051" />
						<Hotspot X="1371.666" Y="-238.5405" Z="37.80714" />
						<Hotspot X="1353.948" Y="-238.0735" Z="37.80894" />
						<Hotspot X="1354.204" Y="-194.9131" Z="52.02685" />
						<Hotspot X="1367.762" Y="-177.4445" Z="52.02541" />
						<Hotspot X="1358.797" Y="-171.1923" Z="52.02398" />
						<Hotspot X="1337.909" Y="-189.5892" Z="52.02398" />
						<Hotspot X="1323.371" Y="-192.7129" Z="52.02398" />
						<Hotspot X="1309.993" Y="-176.9664" Z="52.02398" />
						<Hotspot X="1295.786" Y="-187.218" Z="52.02398" />
						<Hotspot X="1319.716" Y="-182.3077" Z="52.02398" />
						<Hotspot X="1306.378" Y="-163.5532" Z="52.02269" />
						<Hotspot X="1296.794" Y="-134.4696" Z="55.37402" />
						<Hotspot X="1308.698" Y="-164.2385" Z="52.02111" />
						<Hotspot X="1316.147" Y="-142.6103" Z="52.02751" />
						<Hotspot X="1334.379" Y="-139.9993" Z="53.04551" />
						<Hotspot X="1349.732" Y="-142.866" Z="52.02883" />
						<Hotspot X="1362.115" Y="-161.4371" Z="52.02435" />
						<Hotspot X="1367.033" Y="-133.9456" Z="56.06025" />
					</CustomBehavior>
					<RunTo X="1367.033" Y="-133.9456" Z="56.06025" />	
						
					<!-- Forces Booster to kill Volkhan -->
					<CustomBehavior File="GetOutOfGroundEffectAndAuras" 
									EventCompleteWhen="SpecificMobsDead" EventCompleteDeadMobId="28587"
									EventX="1332.382" EventY="-102.078" EventZ="56.71782"
									MoveOutOfGroundEffectAuraId1="111111"
									MoveAwayFromMobCastingSpellId1="111111"
									MoveAwayFromMobWithAuraId1="111111">
						<Safespots>
							<Hotspot X="1332.382" Y="-102.078" Z="56.71782" />
						</Safespots>
					</CustomBehavior>	
														
					<!-- Runlikehell from Volkhan to Ionar -->
					<CustomBehavior File="RunLikeHell" 
									UseCTM="false" 
									NumOfTimes="1" 
									AllowCombat="false">
						<Hotspot X="1323.208" Y="-127.011" Z="56.71666" />
						<Hotspot X="1280.654" Y="-163.9714" Z="52.02113" />
						<Hotspot X="1183.864" Y="-170.7721" Z="52.15198" />
						<Hotspot X="1176.803" Y="-238.1685" Z="52.36646" />
						<Hotspot X="1175.815" Y="-262.202" Z="52.3545" />
						<Hotspot X="1177.507" Y="-325.2932" Z="52.33775" />
						<Hotspot X="1175.874" Y="-261.8661" Z="52.35222" />
						<Hotspot X="1109.039" Y="-262.42" Z="56.87386" />
						<Hotspot X="1126.785" Y="-306.2316" Z="56.87439" />
						<Hotspot X="1126.697" Y="-326.1796" Z="56.87439" />
						<Hotspot X="1122.756" Y="-285.4101" Z="56.88467" />
						<Hotspot X="1112.092" Y="-262.2586" Z="56.87514" />
						<Hotspot X="1080.195" Y="-262.8038" Z="61.22322" />
						<Hotspot X="1059.196" Y="-261.6739" Z="61.2276" />
					</CustomBehavior>
					<RunTo X="1059.196" Y="-261.6739" Z="61.2276" />		
								
					<!-- Runlikehell from Ionar through The Terrestrial Watchtower -->
					<CustomBehavior File="RunLikeHell" 
									UseCTM="false" 
									NumOfTimes="1" 
									AllowCombat="false">
						<Hotspot X="1072.797" Y="-243.3667" Z="61.22775" />
						<Hotspot X="1082.424" Y="-208.6199" Z="61.19545" />
						<Hotspot X="1070.009" Y="-208.2739" Z="61.18303" />
						<Hotspot X="1088.561" Y="-172.0608" Z="56.64855" />
						<Hotspot X="1101.031" Y="-140.362" Z="61.22274" />
						<Hotspot X="1062.114" Y="-158.3543" Z="58.29954" />
						<Hotspot X="1055.725" Y="-175.954" Z="56.64872" />
					</CustomBehavior>
					<RunTo X="1055.725" Y="-175.954" Z="56.64872" />
					
					<CustomBehavior File="RunLikeHell" 
									UseCTM="false" 
									NumOfTimes="1" 
									AllowCombat="false">	
						<Hotspot X="1044.641" Y="-144.3857" Z="61.21116" />
						<Hotspot X="1049.295" Y="-124.631" Z="61.24968" />
						<Hotspot X="1030.777" Y="-111.7629" Z="61.22894" />
						<Hotspot X="1073.482" Y="-106.1046" Z="56.74245" />
						<Hotspot X="1115.266" Y="-112.6021" Z="61.25701" />
					</CustomBehavior>
					<RunTo X="1115.266" Y="-112.6021" Z="61.25701" />				
								
					<!-- Runlikehell from The Terrestrial Watchtower to   -->
					<CustomBehavior File="RunLikeHell" 
									UseCTM="false" 
									NumOfTimes="1" 
									AllowCombat="false">
						<Hotspot X="1101.464" Y="-101.1851" Z="61.20172" />
						<Hotspot X="1081.888" Y="-60.50219" Z="61.2561" />
						<Hotspot X="1080.822" Y="-40.98705" Z="61.19673" />
						<Hotspot X="1070.298" Y="-19.60738" Z="61.20455" />
						<Hotspot X="1034.851" Y="8.42579" Z="61.19508" />
						<Hotspot X="1027.746" Y="41.44652" Z="58.34364" />
						<Hotspot X="1045.498" Y="73.60362" Z="61.19511" />
						<Hotspot X="1077.682" Y="94.48407" Z="61.12906" />
						<Hotspot X="1051.499" Y="75.1795" Z="61.19318" />
						<Hotspot X="1034.409" Y="58.34495" Z="61.19369" />
						<Hotspot X="1034.216" Y="41.24269" Z="58.34371" />
						<Hotspot X="1045.779" Y="34.39465" Z="58.34371" />
						<Hotspot X="1061.254" Y="50.38601" Z="53.38707" />
						<Hotspot X="1083.28" Y="64.37502" Z="53.40649" />
						<Hotspot X="1103.162" Y="49.07713" Z="53.39999" />
						<Hotspot X="1104.067" Y="20.99123" Z="53.38685" />
						<Hotspot X="1089.446" Y="4.553705" Z="53.38301" />
						<Hotspot X="1065.083" Y="14.19411" Z="53.37931" />
					</CustomBehavior>
					<RunTo X="1065.083" Y="14.19411" Z="53.37931" />

					<!-- Run to safe spot in front of Loken -->
					<RunTo X="1117.443" Y="34.00689" Z="56.05835" />
					<RunTo X="1157.873" Y="-2.948992" Z="60.54504" />
					
					<!-- Avoid Loken -->
					<CustomBehavior File="MyCTM" X="1175.42" Y="1.121407" Z="60.71124" />
					<CustomBehavior File="MyCTM" X="1210.768" Y="26.30729" Z="60.728" />
										
					<!-- Run to the jump off behind Loken -->			
					<RunTo X="1249.04" Y="33.34788" Z="57.02382" />

					<!-- Jump off -->
					<CustomBehavior File="MyCTM" X="1267.815" Y="33.41695" Z="33.50579" />
								
					<!-- profile message - Going to tag the RAF toons at the safe spot below Loken -->
					<CustomBehavior File="Message" 
									Text="Tagging the RAFs at the safe spot below Loken."
									LogColor="Fuchsia" />
									
					<!-- tag rafs -->
					<RunTo X="1249.532" Y="-37.96432" Z="33.50579" />		
									
					<CustomBehavior File="WaitTimer" 
									WaitTime="5000" />
					
					<CustomBehavior File="Misc\LoadProfileOn" 
									MinLevel="77" 
									ProfileName="[QO-N][77-83]_blackrock-caverns.xml"  />
				</If> <!-- HoL -->
				
				<!-- Halls of Lightning -->
				<If Condition="Me.ZoneId == 4272">
					<CustomBehavior File="Message" 
									Text="Halls of Lightning detected. Running out to reset."
									LogColor="Fuchsia" />
						
					<!-- Make our way to the exit -->
					<RunTo X="1331.41" Y="241.904" Z="52.5046" />

					<!-- Go through the portal -->
					<CustomBehavior File="Misc\InInstance" X="1333.524" Y="290.7161" Z="52.81057" />
					
					<!-- Make sure we run to the right spot outside the potral -->
					<RunTo X="9175.68" Y="-1378.8" Z="1103.57" />
				</If> <!-- HoL -->
				
				<!-- If we are in the box -->
				<If Condition="Me.X &gt; 9100 &amp;&amp; Me.X &lt; 9200 &amp;&amp; Me.Y &gt; -1400 &amp;&amp; Me.Y &lt; -1300" >
					<!-- First reset isn't enough to get a fresh instance if toons are still inside -->
					<CustomBehavior File="Message" 
									Text="Resetting instance, 1 of 2." 
									LogColor="Fuchsia" />
					
					<CustomBehavior File="RunMacro" 
									Macro="/script ResetInstances()" />
					<CustomBehavior File="RunMacro"
									Macro="/script SetDungeonDifficulty(1)" />
					
					<!-- Allow for an Honorbuddy pulse -->
					<CustomBehavior File="WaitTimer" 
									WaitTime="200" />
					
					<!-- The second reset confirms we are safe to enter the instance -->
					<CustomBehavior File="Message" 
									Text="Resetting instance, 2 of 2." 
									LogColor="Fuchsia" />
					<CustomBehavior File="RunMacro" 
									Macro="/script ResetInstances()" />
					<CustomBehavior File="RunMacro" 
									Macro="/script SetDungeonDifficultyID(1);" />
					
					<CustomBehavior File="Message" 
									Text="Instance reset." 
									LogColor="Fuchsia" />
				</If> <!-- In box -->
			</While> <!-- Infinite loop -->
		</If> <!-- Booster -->	
		
		<!-- *******************************************************  RAF Toons ************************************************************** -->
		<If Condition="Me.Level &lt;= 85">
			<CustomBehavior File="Message" 
							Text="We are a RAF." 
							LogColor="Fuchsia" />
							
			<If Condition="Me.IsAlliance">
				<If Condition="Me.HearthstoneAreaId != 5148">
					<CustomBehavior File="Message" 
									Text="Our Hearthstone isn't set in the Trade District in Stormwind. Stopping profile." 
									LogColor="Fuchsia" />
									
					<CustomBehavior File="UserSettings" 
										StopBot="true" />
				</If>
				
				<ElseIf Condition="Me.IsHorde">
					<If Condition="Me.HearthstoneAreaId != 5170">
						<CustomBehavior File="Message" 
										Text="Our Hearthstone isn't set in the Valley of Strength in Orgrimmar. Stopping profile." 
										LogColor="Fuchsia" />
										
						<CustomBehavior File="UserSettings" 
										StopBot="true" />
					</If>
				</ElseIf>
			</If>

			<!-- RAF User Settings -->
			<CustomBehavior File="UserSettings"
							AdvancedSettingsMode="True"
							GroundMountFarmingMode="False"
							HarvestHerbs="False"
							HarvestMinerals="False"
							KillBetweenHotspots="False"
							LogoutForInactivity="False"
							LogoutInactivityUseForceQuit="False"
							LootMobs="False"
							LootRadius="1"
							MountName=""
							NinjaSkin="False"
							ProfileDebuggingMode="False"
							PullDistance="1"
							RessAtSpiritHealers="False"
							SkinMobs="False"
							UseMount="True" 
							UseRandomMount="False" />
							
			<!-- Infinite loop -->
			<While Condition="true" >	
				<!-- Halls of Lightning -->
				<If Condition="Me.ZoneId == 4272">
					<CustomBehavior File="Message" 
									Text="Halls of Lightning detected. Running out."
									LogColor="Fuchsia" />
						
					<!-- Make our way to the exit -->
					<RunTo X="1331.41" Y="241.904" Z="52.5046" />

					<!-- Go through the portal -->
					<CustomBehavior File="Misc\InInstance" X="1333.524" Y="290.7161" Z="52.81057" />
					
					<!-- Make sure we run to the right spot outside the potral -->
					<RunTo X="9175.68" Y="-1378.8" Z="1103.57" />
				</If> <!-- HoL -->
			
				<!-- If we are not in the box, load the movement profile -->
				<If Condition="Me.X &lt; 9100 || Me.X &gt; 9200 || Me.Y &lt; -1400 || Me.Y &gt; -1300" >
					<CustomBehavior File="Message" 
									Text="Distance from portal is not within our proximity, initializing movement to get there."
									LogColor="Fuchsia" />	
									
					<CustomBehavior File="LoadProfile" 
									ProfileName="Movement\[QO-N-M][75-77]_halls-of-lightning" />
				</If> <!-- Not in box -->
				
				<!-- If we are in the box -->
				<If Condition="Me.X &gt; 9100 &amp;&amp; Me.X &lt; 9200 &amp;&amp; Me.Y &gt; -1400 &amp;&amp; Me.Y &lt; -1300" >
					<CustomBehavior File="Message" 
									Text="Portal detected nearby."
									LogColor="Fuchsia" />	
						
					<!-- If we didn't enter the instance, wait 20 seconds then attempt to enter again -->
					<While Condition="Me.ZoneId != 4272">
						<!-- Make sure we run to the right spot outside the portal -->
						<RunTo X="9175.68" Y="-1378.8" Z="1103.57" />

						<!-- Run back in the portal -->
						<CustomBehavior File="Misc\InInstance" X="9195.854" Y="-1410.016" Z="1110.216" />
										
						<CustomBehavior File="Message" 
										Text="Waiting for the dungeon to load." 
										LogColor="Fuchsia" />
									
						<CustomBehavior File="WaitTimer" 
										WaitTime="20000"
										VariantTime="20000" />
										
						<!-- If we still aren't in, we're locked out -->
						<If Condition="Me.ZoneId != 4272">
							<CustomBehavior File="Message" 
											Text="We are locked out. Waiting and trying again." 
											LogColor="Fuchsia" />
						</If> <!-- Locked -->
					</While> <!-- While we aren't in the instance -->
				</If> <!-- In box -->
				
				<!-- If we are inside and have checked our reset -->
				<If Condition="Me.ZoneId == 4272">
				
					<!-- Profile message - Avoiding instance lock from this point, do not touch -->
					<CustomBehavior File="Message" 
									Text="Avoiding instance lock from this point, do not touch." 
									LogColor="Yellow" />
					<!-- Entrance -->
					<RunTo X="1331.41" Y="241.904" Z="52.5046" />
				
					<!-- Disable combat -->
					<DisableBehavior Name="Combat" />
					
					<!-- Run to quest giver -->
					<RunTo X="1331.359" Y="221.5716" Z="53.3982" />

					<!-- Begin the instance once all party members are within range  -->
					<CustomBehavior File="Misc\LoadProfileOn" 
									CheckRange="2" />
									
					<CustomBehavior File="Misc\InstanceTimer" Timer="Start" /> 
									
					<CustomBehavior File="Message" 
									Text="Halls of Lightning initialized."  
									LogColor="Fuchsia" />

					<CustomBehavior File="WaitTimer" 
									WaitTime="20000" />
									
					<!-- Move to RAF tag spot at the entrance -->
					<RunTo X="1331.708" Y="159.2112" Z="53.70435" />
					
					<!-- Continue when tagged -->
					<CustomBehavior File="Misc\LoadProfileOn" 
									CheckRange="5" />
									
					<!-- Wait 20 seconds for seperation -->				
					<CustomBehavior File="WaitTimer" 
									WaitTime="20000" />

					<!-- Profile message - RAF safe spot -->
					<CustomBehavior File="Message" 
									Text="Moving to the RAF safe spot below Loken."
									LogColor="Fuchsia" />				
									
					<!-- Run to the RAF safe spot below Loken -->				
					<RunTo X="1261.946" Y="-26.84857" Z="33.50579" />

					<!-- Print message, waiting to be tagged -->				
					<CustomBehavior File="Message" 
									Text="Waiting to be tagged by the Booster."
									LogColor="Fuchsia" />
										
					<!-- Forces RAF toons to stay put until after Ionar is dead -->
					<CustomBehavior File="GetOutOfGroundEffectAndAuras" 
									EventCompleteWhen="SpecificMobsDead" EventCompleteDeadMobId="28546"
									EventX="1249.532" EventY="-37.96432" EventZ="33.50579"
									MoveOutOfGroundEffectAuraId1="111111"
									MoveAwayFromMobCastingSpellId1="111111"
									MoveAwayFromMobWithAuraId1="111111">
						<Safespots>
							<Hotspot X="1249.532" Y="-37.96432" Z="33.50579" />
						</Safespots>
					</CustomBehavior>

					<!-- Print message, waiting to be tagged -->				
					<CustomBehavior File="Message" 
									Text="Waiting to be tagged by the Booster."
									LogColor="Fuchsia" />
									
					<!-- Continue when tagged -->
					<CustomBehavior File="Misc\LoadProfileOn" 
									CheckRange="5" />

					
					<!-- If we are high enough to go to the next instance, do so -->
					<CustomBehavior File="Misc\LoadProfileOn" 
									MinLevel="77" 
									ProfileName="[QO-N][77-83]_blackrock-caverns.xml"  />
				
					<!-- Wait so the main can get away from us -->
					<CustomBehavior File="WaitTimer" 
									WaitTime="30000" />
									
					<CustomBehavior File="Misc\InstanceTimer" Timer="Check" />  
				</If> <!-- HoL -->
				
				<!-- Halls of Lightning -->
				<If Condition="Me.ZoneId == 4272">
					<CustomBehavior File="Message" 
									Text="Halls of Lightning detected. Running out."
									LogColor="Fuchsia" />
						
					<!-- Make our way to the exit -->
					<RunTo X="1331.41" Y="241.904" Z="52.5046" />

					<!-- enableable combat -->
					<EnableBehavior Name="Combat" />
					
					<!-- Go through the portal -->
					<CustomBehavior File="Misc\InInstance" X="1333.524" Y="290.7161" Z="52.81057" />
					
					<!-- Make sure we run to the right spot outside the potral -->
					<RunTo X="9175.68" Y="-1378.8" Z="1103.57" />
				</If> <!-- HoL -->
			</While> <!-- Infinite loop -->
		</If> <!-- RAF -->
	</QuestOrder>
</HBProfile>