﻿<HBProfile creator="Botanist and Wigglez" version="1.0">
	<Name>[QO-N][17-25]_blackfathom-deeps</Name>
   
	<MinLevel>1</MinLevel>
	<MaxLevel>101</MaxLevel>
   
	<MinDurability>-1</MinDurability>
	<MinFreeBagSlots>-1</MinFreeBagSlots>
	
	<MailGrey>False</MailGrey>
	<MailWhite>False</MailWhite>
	<MailGreen>False</MailGreen>
	<MailBlue>False</MailBlue>
	<MailPurple>False</MailPurple>
   
	<SellGrey>False</SellGrey>
	<SellWhite>False</SellWhite>
	<SellGreen>False</SellGreen>
	<SellBlue>False</SellBlue>
	<SellPurple>False</SellPurple>
   
	<TargetElites>True</TargetElites>
	
	<AvoidMobs>
		<Mob Name="Summon Enabler Stalker" Entry="53488" />	
	</AvoidMobs>
	
	<Blackspots>
		<Blackspot X="3002.708" Y="-4146.23" Z="101.4122" Radius="5" />
		<Blackspot X="-311.9305" Y="73.58769" Z="-53.34798" Radius="6.041618" />
		<Blackspot X="-354.1103" Y="35.91866" Z="-59.80756" Radius="10" />
		<Blackspot X="-151.5376" Y="396.4401" Z="-37.62136" Radius="3" />
	</Blackspots>

	<Mailboxes>
	</Mailboxes>
 
	<Vendors>
	</Vendors>

	<Factions>
	</Factions>
	
	<ProtectedItems>	
	</ProtectedItems>
	
	<QuestOrder>
		<ClearVendor />
		<ClearMailbox />
		
		
		<!-- *******************************************************  Booster ************************************************************** -->
		<If Condition="Me.Level &gt;= 90">
			<CustomBehavior File="Message" 
							Text="We are a booster." 
							LogColor="Fuchsia" />
							
			<!-- Booster UserSettings -->
			<CustomBehavior File="UserSettings"
							AdvancedSettingsMode="True"
							GroundMountFarmingMode="False"
							HarvestHerbs="False"
							HarvestMinerals="False"
							KillBetweenHotspots="True"
							LogoutForInactivity="False"
							LogoutInactivityUseForceQuit="False"
							LootMobs="True"
							LootRadius="15"
							MountName=""
							NinjaSkin="False"
							ProfileDebuggingMode="False"
							PullDistance="25"
							RessAtSpiritHealers="False"
							SkinMobs="False"
							UseMount="True" 
							UseRandomMount="False" />
		 
			<!-- Infinite loop -->
			<While Condition="true" >	
				<!-- If we are inside Deadmines, run out to go to the next instance -->
				<If Condition="Me.MapId == 36">
					<If Condition="Me.HearthstoneAreaId == 108" >
						<CustomBehavior File="Message" 
										Text="Our Innkeeper is set at Sentinel Hill." 
										LogColor="Cyan" />
										
						<!-- Have hearthstone -->
						<If Condition="HasItem(6948)">
							<CustomBehavior File="Message" 
											Text="Using Hearthstone." 
											LogColor="Lime" />
											
							<CustomBehavior File="Misc\RunLua" 
											Lua="UseItemByName(6948)" 
											WaitTime="1000" />
											
							<CustomBehavior File="WaitTimer" 
											WaitTime="20000" />
						</If> <!-- Have hearthstone -->
					
						<!-- Have Innkeeper's Daughter -->
						<If Condition="HasItem(64488)">
							<CustomBehavior File="Message" 
											Text="Using Innkeeper's Daughter." 
											LogColor="Lime" />
												
							<CustomBehavior File="Misc\RunLua" 
											Lua="UseItemByName(64488)" 
											WaitTime="1000" />
								
							<CustomBehavior File="WaitTimer" 
											WaitTime="20000" />
						</If> <!-- Have Innkeeper's Daughter -->
					</If> <!-- Hearth check -->
				</If> <!-- Inside deadmines -->
				
				<!-- If we are inside Wailing Caverns, run out to go to the next instance -->
				<If Condition="Me.MapId == 43">
					<If Condition="Me.HearthstoneAreaId == 380" >
						<CustomBehavior File="Message" 
										Text="Our Innkeeper is set at The Crossroads." 
										LogColor="Cyan" />
										
						<!-- Have hearthstone -->
						<If Condition="HasItem(6948)">
							<CustomBehavior File="Message" 
											Text="Using Hearthstone." 
											LogColor="Lime" />
											
							<CustomBehavior File="Misc\RunLua" 
											Lua="UseItemByName(6948)" 
											WaitTime="1000" />
											
							<CustomBehavior File="WaitTimer" 
											WaitTime="20000" />
						</If> <!-- Have hearthstone -->
					
						<!-- Have Innkeeper's Daughter -->
						<If Condition="HasItem(64488)">
							<CustomBehavior File="Message" 
											Text="Using Innkeeper's Daughter." 
											LogColor="Lime" />
												
							<CustomBehavior File="Misc\RunLua" 
											Lua="UseItemByName(64488)" 
											WaitTime="1000" />
								
							<CustomBehavior File="WaitTimer" 
											WaitTime="20000" />
						</If> <!-- Have Innkeeper's Daughter -->
					</If> <!-- Hearth check -->
				</If> <!-- Wailing caverns -->
			
				<!-- If we are inside Blackfathom Deeps, run out to reset -->
				<If Condition="Me.MapId == 48">
					<CustomBehavior File="Message" 
									Text="Blackfathom Deeps detected. Running out." 
									LogColor="Fuchsia" />
						
					<If Condition="Me.X &lt; -270 &amp;&amp; Me.Y &gt;= 75" >
						<CustomBehavior File="Message" 
										Text="We are above the jumping platforms."
										LogColor="Fuchsia" />
										
						<!-- Run to the edge of the platform -->
						<RunTo X="-288.5186" Y="82.56316" Z="-52.22119" />
						
						<!-- Force ourselves to run off of it -->
						<CustomBehavior File="MyCTM" 
										X="-273.533" Y="71.30302" Z="-58.51636" />
					</If> <!-- Above jumps -->
					
					<!-- Run to the instance entrance -->
					<RunTo X="-150.234" Y="106.594" Z="-39.779" />
						
					<!-- Go through the portal -->									
					<CustomBehavior File="Misc\InInstance" X="-149.7285" Y="125.4777" Z="-40.73384" />				
					
					<!-- Make sure we run to the right spot outside the portal -->
					<RunTo X="4248.14" Y="745.047" Z="-24.4963" />
				
				</If> <!-- Inside BFD -->
				
				<!-- If we are not in the box, load the movement profile -->
				<If Condition="Me.X &lt; 4230 || Me.X &gt; 4270 || Me.Y &gt; 760 || Me.Y &lt; 720" >
					<CustomBehavior File="Message" 
									Text="Distance from portal is not within our proximity, initializing movement to get there."
									LogColor="Fuchsia" />
									
					<CustomBehavior File="LoadProfile" 
									ProfileName="Movement\[QO-N-M][17-25]_blackfathom-deeps" />
				
				</If> <!-- Not in box -->
				
				<!-- If we are in the box -->
				<If Condition="Me.X &gt; 4230 &amp;&amp; Me.X &lt; 4270 &amp;&amp; Me.Y &lt; 760 &amp;&amp; Me.Y &gt; 720" >
					<CustomBehavior File="Message" 
									Text="Portal detected nearby."
									LogColor="Fuchsia" />	
									
					<While Condition="Me.MapId != 48">
						<!-- Make sure we run to the right spot outside the portal -->
						<RunTo X="4248.14" Y="745.047" Z="-24.4963" />
					
						<!-- Run back in the Blackfathom Deeps portal -->
						<CustomBehavior File="Misc\InInstance" X="4249.571" Y="760.4624" Z="-23.82422" />

						<CustomBehavior File="Message" 
										Text="Waiting for the dungeon to load." 
										LogColor="Fuchsia" />			
									
						<CustomBehavior File="WaitTimer" 
										WaitTime="20000" 
										VariantTime="20000" />	
									
						<If Condition="Me.MapId != 48">
							<CustomBehavior File="Message" 
											Text="We are locked out. Waiting and trying again." 
											LogColor="Fuchsia" />
						</If> <!-- Locked -->
					</While> <!-- While we aren't in the instance -->
				</If> <!-- In box -->
				
				<!-- If we are inside Blackfathom Deeps and have checked our reset -->
				<If Condition="Me.MapId == 48">
					<!-- Run macro to pass on loot -->
					<CustomBehavior File="RunMacro"
									Macro="/run SetOptOutOfLoot(1)" />
				
					<!-- Entrance -->
					<RunTo X="-150.234" Y="106.594" Z="-39.779" />
					
					<!-- Go to quest givers -->
					<RunTo X="-160.0652" Y="77.27363" Z="-46.05556" />
					
					<!-- Begin the instance once all party members are within range  -->
					<CustomBehavior File="Misc\LoadProfileOn" 
									CheckRange="1" />
									
					<CustomBehavior File="WaitTimer"
									WaitTime="5000" />
					
					<CustomBehavior File="Message" 
									Text="Blackfathom Deeps initialized."  
									LogColor="Fuchsia" />
					
					<!-- Pull the whole area that the RAF will run through and make it safe -->
					<CustomBehavior File="RunLikeHell" 
									UseCTM="false" 
									NumOfTimes="1" 
									AllowCombat="false">	
						<Hotspot X="-162.2226" Y="77.74496" Z="-46.09991" />
						<Hotspot X="-178.6414" Y="51.10044" Z="-49.86693" />
						<Hotspot X="-180.1864" Y="57.98803" Z="-50.13209" />
						<Hotspot X="-202.7628" Y="44.08078" Z="-52.515" />
						<Hotspot X="-236.7738" Y="28.40125" Z="-54.44094" />
						<Hotspot X="-261.8488" Y="20.46928" Z="-56.31853" />
						<Hotspot X="-285.3141" Y="15.53012" Z="-57.26279" />
						<Hotspot X="-282.5669" Y="6.566112" Z="-56.90094" />
						<Hotspot X="-283.4402" Y="13.79" Z="-57.09724" />
						<Hotspot X="-266.0276" Y="23.12366" Z="-57.06292" />
						<Hotspot X="-251.8335" Y="41.66481" Z="-55.25898" />
						<Hotspot X="-250.9604" Y="56.55597" Z="-53.26148" />
						<Hotspot X="-270.5946" Y="76.88715" Z="-57.64729" />
						<Hotspot X="-259.8341" Y="45.30516" Z="-55.5802" />
						<Hotspot X="-254.6241" Y="31.26841" Z="-55.89838" />
						<Hotspot X="-218.8425" Y="36.71986" Z="-53.51281" />
						<Hotspot X="-183.9777" Y="54.45207" Z="-50.2688" />
						<Hotspot X="-189.6269" Y="72.41666" Z="-48.64544" />
					</CustomBehavior>
					<RunTo X="-189.6269" Y="72.41666" Z="-48.64544" />
										
					<!-- Profile message - tag rafs at quest givers -->
					<CustomBehavior File="Message" 
									Text="Tagging the RAFs at the quest givers."
									LogColor="Fuchsia" />					
										
					<!-- tag rafs at the quest givers -->
					<RunTo X="-160.0652" Y="77.27363" Z="-46.05556" />					
												
					<CustomBehavior File="WaitTimer" 
									WaitTime="5000" />
										
					<!-- Run to the sandy beach -->					
					<RunTo X="-273.7754" Y="73.3363" Z="-58.73845" />
 				
					<!-- Swim through the water -->
					<CustomBehavior File="MyCTM" 
									X="-281.1979" Y="46.98925" Z="-67.0153" />	
					<CustomBehavior File="MyCTM" 
									X="-310.6942" Y="63.39418" Z="-59.80751" />
					<CustomBehavior File="MyCTM" 
									X="-328.114" Y="70.66751" Z="-59.8075" />
					<CustomBehavior File="MyCTM" 
									X="-335.3923" Y="81.74883" Z="-59.79328" />
														
					<RunTo X="-330.1867" Y="95.93851" Z="-59.08392" />
					<RunTo X="-319.9561" Y="102.2125" Z="-58.65718" />
					<RunTo X="-311.1952" Y="95.12193" Z="-58.83924" />
					<RunTo X="-324.9161" Y="101.2409" Z="-58.74074" />
					<RunTo X="-331.5215" Y="94.29758" Z="-59.17643" />
					<RunTo X="-333.6324" Y="82.30185" Z="-59.43855" />

					<!-- Go up mountain -->
					<CustomBehavior File="MyCTM" 
									X="-356.6548" Y="73.96896" Z="-58.16689" />
					<CustomBehavior File="MyCTM" 
									X="-354.3861" Y="85.91518" Z="-50.8546" />
					<CustomBehavior File="MyCTM" 
									X="-350.4613" Y="90.59668" Z="-46.50981" />
					<CustomBehavior File="MyCTM"
									X="-351.8185" Y="96.67211" Z="-42.88773" />
					<CustomBehavior File="MyCTM" 
									X="-353.7418" Y="101.9532" Z="-45.69148" />
					<CustomBehavior File="MyCTM" 
									X="-343.1473" Y="109.0681" Z="-50.93742" />	
						
					<!-- Kill more to keep the RAFs safe -->
					<RunTo X="-340.3394" Y="110.7734" Z="-51.1693" />
					<RunTo X="-351.4738" Y="135.739" Z="-50.73345" />
					<RunTo X="-315.1967" Y="125.0679" Z="-49.27084" />
					<RunTo X="-294.4937" Y="112.0529" Z="-53.561" />
					<RunTo X="-290.2426" Y="88.24177" Z="-52.15187" />
					<RunTo X="-311.1655" Y="75.68527" Z="-53.24205" />
					<RunTo X="-290.2426" Y="88.24177" Z="-52.15187" />
					<RunTo X="-298.6885" Y="114.214" Z="-53.21594" />
					<RunTo X="-329.8088" Y="126.4282" Z="-48.91853" />
					
					<RunTo X="-327.5833" Y="122.4001" Z="-49.16407" />
					<RunTo X="-346.868" Y="128.8755" Z="-50.96721" />
					<RunTo X="-365.4253" Y="136.56" Z="-51.97074" />
					
					<!-- Kill Ghamoo-Ra -->
					<CustomBehavior File="GetOutOfGroundEffectAndAuras" 
									EventCompleteWhen="SpecificMobsDead" EventCompleteDeadMobId="4887"
									EventX="-445.5298" EventY="212.8439" EventZ="-52.81867"
									MoveOutOfGroundEffectAuraId1="111111"
									MoveAwayFromMobCastingSpellId1="111111"
									MoveAwayFromMobWithAuraId1="111111">
						<Safespots>
							<Hotspot X="-445.5298" Y="212.8439" Z="-52.81867" />	
						</Safespots>
					</CustomBehavior>				
						
					<RunTo X="-382.5011" Y="147.2178" Z="-55.66775" />
						
					<!-- Pull the instance -->
					<CustomBehavior File="RunLikeHell" 
									UseCTM="true"
									NumOfTimes="1" 
									AllowCombat="false">	
						<Hotspot X="-382.5011" Y="147.2178" Z="-55.66775" />
						<Hotspot X="-397.859" Y="160.9376" Z="-56.82362" />
						<Hotspot X="-405.8447" Y="170.1677" Z="-56.96679" />
						<Hotspot X="-391.0263" Y="179.8922" Z="-57.13927" />
						<Hotspot X="-376.6362" Y="193.5435" Z="-60.78188" />
						<Hotspot X="-342.0478" Y="215.2486" Z="-68.97625" />
						<Hotspot X="-341.7952" Y="204.7237" Z="-67.14297" />
						<Hotspot X="-355.5056" Y="220.1631" Z="-68.71721" />
						<Hotspot X="-372.066" Y="230.5597" Z="-67.20045" />
						<Hotspot X="-359.6273" Y="225.4049" Z="-67.17031" />
						<Hotspot X="-384.2318" Y="261.1231" Z="-69.39056" />
						<Hotspot X="-378.8496" Y="267.6099" Z="-73.60326" />
						<Hotspot X="-346.8972" Y="298.5551" Z="-70.67541" />
						<Hotspot X="-327.0785" Y="338.1525" Z="-54.19985" />
						<Hotspot X="-306.0241" Y="341.3563" Z="-53.56786" />
						<Hotspot X="-335.8118" Y="344.2642" Z="-53.61103" />
						<Hotspot X="-348.6687" Y="356.4886" Z="-54.20319" />
						<Hotspot X="-349.9439" Y="401.3788" Z="-53.82368" />
						<Hotspot X="-294.3736" Y="416.3983" Z="-57.77087" />
						<Hotspot X="-326.1056" Y="393.9437" Z="-54.18341" />
						<Hotspot X="-345.1388" Y="366.7375" Z="-54.40678" />
						<Hotspot X="-337.0511" Y="334.6008" Z="-54.52965" />
						<Hotspot X="-332.5522" Y="327.7259" Z="-57.5281" />
						<Hotspot X="-342.1176" Y="310.6595" Z="-62.35714" />
						<Hotspot X="-352.3387" Y="297.3265" Z="-73.37648" />
						<Hotspot X="-366.4686" Y="283.4921" Z="-78.03474" />
						<Hotspot X="-384.1498" Y="274.8434" Z="-73.83816" />
						<Hotspot X="-402.6326" Y="279.8961" Z="-67.96461" />
						<Hotspot X="-406.8004" Y="299.425" Z="-66.70038" />
						<Hotspot X="-409.71" Y="319.3073" Z="-65.56842" />
						<Hotspot X="-420.405" Y="302.1666" Z="-64.15517" />
						<Hotspot X="-428.0914" Y="283.789" Z="-67.53373" />
						<Hotspot X="-448.0499" Y="285.7845" Z="-64.55667" />
						<Hotspot X="-467.0006" Y="292.2437" Z="-62.90928" />
						<Hotspot X="-476.8033" Y="274.3704" Z="-62.90928" />
						<Hotspot X="-487.1793" Y="257.1752" Z="-62.88517" />
						<Hotspot X="-489.6167" Y="237.3469" Z="-59.99189" />
						<Hotspot X="-482.1587" Y="218.7073" Z="-54.42938" />
						<Hotspot X="-494.2671" Y="202.7937" Z="-57.53446" />
						<Hotspot X="-514.2162" Y="201.2292" Z="-62.25624" />
						<Hotspot X="-525.9652" Y="217.8859" Z="-62.88071" />
						<Hotspot X="-542.6243" Y="229.2539" Z="-61.9188" />
						<Hotspot X="-561.8955" Y="223.8149" Z="-58.98886" />
						<Hotspot X="-580.4418" Y="230.0295" Z="-53.49062" />
						<Hotspot X="-600.2985" Y="228.0946" Z="-50.93115" />
						<Hotspot X="-612.8848" Y="244.2369" Z="-51.02195" />
						<Hotspot X="-614.447" Y="250.7469" Z="-49.83864" />
						<Hotspot X="-621.7445" Y="245.2186" Z="-48.7846" />
						<Hotspot X="-615.8605" Y="224.1336" Z="-51.63162" />
						<Hotspot X="-619.2125" Y="203.8866" Z="-51.58895" />
						<Hotspot X="-608.8752" Y="186.1996" Z="-53.68069" />
						<Hotspot X="-607.6176" Y="179.9964" Z="-54.29869" />
						<Hotspot X="-619.8871" Y="187.4615" Z="-53.4468" />
						<Hotspot X="-625.437" Y="175.0221" Z="-54.90476" />
						<Hotspot X="-633.7138" Y="156.8025" Z="-57.24603" />
						<Hotspot X="-642.2729" Y="139.8975" Z="-58.14999" />
						<Hotspot X="-639.4279" Y="137.4077" Z="-58.25492" />
						<Hotspot X="-628.3788" Y="137.3823" Z="-57.7889" />
						<Hotspot X="-632.5801" Y="118.0504" Z="-58.07367" />
						<Hotspot X="-634.2813" Y="98.10284" Z="-57.22771" />
						<Hotspot X="-626.8201" Y="78.86579" Z="-56.31728" />
						<Hotspot X="-618.6261" Y="60.59105" Z="-55.78951" />
						<Hotspot X="-613.6395" Y="41.07035" Z="-54.1707" />
						<Hotspot X="-610.5458" Y="31.98048" Z="-52.8478" />
						<Hotspot X="-593.5461" Y="43.45551" Z="-52.30119" />
						<Hotspot X="-586.4813" Y="49.27845" Z="-51.5985" />
						<Hotspot X="-599.6088" Y="24.41575" Z="-50.73453" />
						<Hotspot X="-603.7227" Y="22.19736" Z="-50.27949" />
						<Hotspot X="-581.199" Y="16.55901" Z="-48.99676" />
						<Hotspot X="-568.9821" Y="0.1875417" Z="-46.83049" />
						<Hotspot X="-549.345" Y="-2.962649" Z="-42.97119" />
						<Hotspot X="-529.3085" Y="-4.613152" Z="-41.00968" />
						<Hotspot X="-510.0291" Y="-0.7156522" Z="-44.84879" />
						<Hotspot X="-510.0381" Y="-0.484828" Z="-44.82487" />
						<Hotspot X="-511.0934" Y="19.66905" Z="-45.39195" />
						<Hotspot X="-515.0363" Y="35.11009" Z="-46.26384" />
						<Hotspot X="-510.7085" Y="-1.067735" Z="-44.83783" />
						<Hotspot X="-510.2899" Y="-8.100794" Z="-44.74226" />
						<Hotspot X="-490.9069" Y="-5.842477" Z="-46.86916" />
						<Hotspot X="-476.1993" Y="-4.128897" Z="-48.02539" />
						<Hotspot X="-471.5341" Y="1.156939" Z="-48.07458" />
						<Hotspot X="-454.4733" Y="13.25525" Z="-48.09761" />
						<Hotspot X="-449.8034" Y="16.85813" Z="-48.08226" />
						<Hotspot X="-434.5764" Y="8.497609" Z="-48.1244" />
						<Hotspot X="-422.1978" Y="1.700977" Z="-47.87806" />
						<Hotspot X="-414.9009" Y="13.53897" Z="-48.20502" />
						<Hotspot X="-401.8655" Y="29.57752" Z="-48.38131" />
						<Hotspot X="-401.7128" Y="29.76104" Z="-48.36238" />
						<Hotspot X="-410.749" Y="41.75969" Z="-48.08351" />
						<Hotspot X="-420.3495" Y="37.88266" Z="-48.33583" />
						<Hotspot X="-439.462" Y="31.51571" Z="-48.16504" />
						<Hotspot X="-439.462" Y="31.51571" Z="-48.16504" />
						<Hotspot X="-439.4286" Y="12.09748" Z="-48.00719" />
						<Hotspot X="-446.6178" Y="12.63395" Z="-48.00198" />
						<Hotspot X="-466.2735" Y="10.81506" Z="-48.17719" />
						<Hotspot X="-466.5894" Y="10.46748" Z="-48.17111" />
						<Hotspot X="-483.6592" Y="-1.32939" Z="-47.45498" />
						<Hotspot X="-502.0204" Y="-9.132942" Z="-45.76598" />
						<Hotspot X="-510.9707" Y="-12.93683" Z="-44.21662" />
						<Hotspot X="-509.8412" Y="-27.94017" Z="-44.00001" />
						<Hotspot X="-509.6953" Y="-38.00039" Z="-43.13609" />
						<Hotspot X="-496.0836" Y="-36.27315" Z="-43.65903" />
						<Hotspot X="-492.1148" Y="-37.41376" Z="-44.10452" />
						<Hotspot X="-473.4987" Y="-42.22406" Z="-38.30727" />
						<Hotspot X="-454.6587" Y="-38.75383" Z="-32.55341" />
						<Hotspot X="-453.9601" Y="-38.69903" Z="-32.40734" />
						<Hotspot X="-474.5188" Y="-40.56186" Z="-38.9991" />
						<Hotspot X="-488.4326" Y="-45.53078" Z="-43.59285" />
						<Hotspot X="-493.2251" Y="-46.35929" Z="-43.7565" />
						<Hotspot X="-506.6868" Y="-49.72206" Z="-42.22058" />
						<Hotspot X="-506.6868" Y="-49.72206" Z="-42.22063" />
						<Hotspot X="-505.3546" Y="-62.5301" Z="-42.70716" />
						<Hotspot X="-505.3094" Y="-73.33538" Z="-44.12123" />
						<Hotspot X="-498.6445" Y="-81.57483" Z="-44.15172" />
						<Hotspot X="-495.6682" Y="-84.88381" Z="-44.14283" />
						<Hotspot X="-479.2315" Y="-86.25004" Z="-40.84616" />
						<Hotspot X="-475.2571" Y="-86.58586" Z="-40.0644" />
						<Hotspot X="-498.4599" Y="-83.58912" Z="-44.15122" />
						<Hotspot X="-498.9901" Y="-82.52844" Z="-44.15122" />
						<Hotspot X="-508.0358" Y="-63.70329" Z="-42.68887" />
						<Hotspot X="-516.4438" Y="-44.82257" Z="-41.97769" />
						<Hotspot X="-518.2134" Y="-41.48156" Z="-41.76586" />
						<Hotspot X="-536.9774" Y="-42.74113" Z="-39.46895" />
						<Hotspot X="-556.9379" Y="-42.74475" Z="-38.0577" />
						<Hotspot X="-576.7816" Y="-40.59399" Z="-34.14675" />
						<Hotspot X="-596.4385" Y="-36.19413" Z="-28.66779" />
						<Hotspot X="-612.0609" Y="-23.8317" Z="-23.782" />
						<Hotspot X="-622.5805" Y="-10.22657" Z="-22.82474" />
						<Hotspot X="-626.067" Y="-22.38712" Z="-21.58135" />
						<Hotspot X="-631.8722" Y="-20.49907" Z="-19.68272" />
						<Hotspot X="-651.2713" Y="-15.0174" Z="-17.68825" />
						<Hotspot X="-661.1119" Y="-8.186028" Z="-19.47647" />
						<Hotspot X="-665.5882" Y="-0.1282422" Z="-21.15705" />
						<Hotspot X="-675.8856" Y="16.1514" Z="-27.8271" />
						<Hotspot X="-687.5208" Y="32.40243" Z="-30.88104" />
						<Hotspot X="-693.1757" Y="39.63187" Z="-30.77962" />
						<Hotspot X="-706.0556" Y="40.71097" Z="-30.80155" />
						<Hotspot X="-717.2614" Y="42.07203" Z="-29.94193" />
						<Hotspot X="-725.2815" Y="35.20122" Z="-30.09518" />
						<Hotspot X="-741.9103" Y="22.52018" Z="-30.25619" />
						<Hotspot X="-757.6467" Y="10.25181" Z="-28.845" />
						<Hotspot X="-769.3355" Y="-0.3451681" Z="-29.31828" />
						<Hotspot X="-748.442" Y="8.167184" Z="-30.03243" />
						<Hotspot X="-737.4288" Y="7.627631" Z="-30.0145" />
						<Hotspot X="-720.9958" Y="6.54531" Z="-30.03256" />
						<Hotspot X="-721.0962" Y="-3.810705" Z="-32.96499" />
						<Hotspot X="-720.8563" Y="-23.99659" Z="-37.73828" />
						<Hotspot X="-720.5463" Y="-29.1154" Z="-37.73469" />
						<Hotspot X="-701.5228" Y="-28.74244" Z="-31.64285" />
						<Hotspot X="-693.0733" Y="-28.6327" Z="-30.03311" />
						<Hotspot X="-693.6132" Y="-46.70656" Z="-30.03452" />
						<Hotspot X="-694.1664" Y="-28.71814" Z="-30.03452" />
						<Hotspot X="-721.0512" Y="-29.03846" Z="-37.73427" />
						<Hotspot X="-721.2899" Y="-29.0413" Z="-37.73427" />
						<Hotspot X="-719.998" Y="-49.02633" Z="-37.73427" />
						<Hotspot X="-720.7468" Y="-69.37416" Z="-37.73427" />
						<Hotspot X="-721.4407" Y="-89.3577" Z="-36.41806" />
						<Hotspot X="-721.4823" Y="-106.8874" Z="-30.08043" />
						<Hotspot X="-730.3805" Y="-106.1109" Z="-30.09565" />
						<Hotspot X="-743.5222" Y="-105.7721" Z="-30.06392" />
						<Hotspot X="-719.8024" Y="-105.874" Z="-30.09082" />
						<Hotspot X="-720.492" Y="-89.03944" Z="-36.57817" />
						<Hotspot X="-720.4114" Y="-68.37521" Z="-37.73444" />
						<Hotspot X="-721.3064" Y="-57.73928" Z="-37.73444" />
						<Hotspot X="-737.364" Y="-58.49867" Z="-33.36044" />
						<Hotspot X="-757.2581" Y="-57.77052" Z="-29.92953" />
						<Hotspot X="-778.1656" Y="-57.28059" Z="-29.86603" />
						<Hotspot X="-799.0057" Y="-57.09181" Z="-29.6824" />
						<Hotspot X="-819.6426" Y="-57.50482" Z="-29.68277" />
						<Hotspot X="-819.8735" Y="-57.49995" Z="-29.68277" />
						<Hotspot X="-815.8597" Y="-76.29122" Z="-29.72491" />
						<Hotspot X="-815.5303" Y="-77.16273" Z="-29.32016" />
						<Hotspot X="-813.0611" Y="-97.31849" Z="-25.69894" />
						<Hotspot X="-812.6408" Y="-99.86335" Z="-25.77365" />
						<Hotspot X="-818.8177" Y="-101.1839" Z="-25.84434" />
						<Hotspot X="-818.822" Y="-108.1332" Z="-25.87007" />
						<Hotspot X="-830.368" Y="-107.9432" Z="-25.87007" />
						<Hotspot X="-835.5899" Y="-108.2025" Z="-25.87007" />
						<Hotspot X="-835.905" Y="-126.9361" Z="-25.87007" />
						<Hotspot X="-837.0969" Y="-126.8754" Z="-25.87007" />
						<Hotspot X="-843.8567" Y="-126.907" Z="-25.87007" />
						<Hotspot X="-840.5986" Y="-145.5687" Z="-25.87007" />
						<Hotspot X="-844.8885" Y="-145.3326" Z="-25.87007" />
						<Hotspot X="-857.1419" Y="-146.6189" Z="-25.87007" />
						<Hotspot X="-856.5854" Y="-161.9452" Z="-25.87007" />
						<Hotspot X="-856.2674" Y="-177.4147" Z="-25.87007" />
						<Hotspot X="-844.1687" Y="-177.5081" Z="-25.87008" />
						<Hotspot X="-843.997" Y="-177.674" Z="-25.87008" />
						<Hotspot X="-827.709" Y="-190.3144" Z="-25.87008" />
						<Hotspot X="-819.7233" Y="-196.0383" Z="-25.90872" />
						<Hotspot X="-807.9282" Y="-194.3202" Z="-25.87146" />
						<Hotspot X="-803.9343" Y="-194.1203" Z="-25.87146" />
						<Hotspot X="-802.9183" Y="-185.409" Z="-25.87146" />
						<Hotspot X="-793.5223" Y="-180.4136" Z="-25.87146" />
						<Hotspot X="-781.7201" Y="-173.0783" Z="-25.87146" />
						<Hotspot X="-782.1458" Y="-163.9252" Z="-25.87146" />
						<Hotspot X="-783.0059" Y="-144.6806" Z="-25.87146" />
						<Hotspot X="-786.4961" Y="-144.2318" Z="-25.87146" />
						<Hotspot X="-794.1714" Y="-143.2449" Z="-25.87146" />
						<Hotspot X="-794.3851" Y="-129.0307" Z="-25.87146" />
						<Hotspot X="-799.0802" Y="-128.6804" Z="-25.87146" />
						<Hotspot X="-819.0831" Y="-127.1879" Z="-25.87146" />
						<Hotspot X="-837.1433" Y="-125.8403" Z="-25.87146" />
						<Hotspot X="-836.8412" Y="-117.63" Z="-25.87146" />
						<Hotspot X="-836.5034" Y="-108.4501" Z="-25.87146" />
						<Hotspot X="-818.5681" Y="-108.3195" Z="-25.87146" />
						<Hotspot X="-800.0113" Y="-108.2441" Z="-25.87146" />
						<Hotspot X="-817.8595" Y="-108.5572" Z="-25.87146" />
						<Hotspot X="-817.585" Y="-91.68867" Z="-25.68278" />
						<Hotspot X="-816.2846" Y="-87.91798" Z="-26.28648" />
						<Hotspot X="-815.991" Y="-67.86539" Z="-29.69448" />
						<Hotspot X="-814.9894" Y="-57.1138" Z="-29.68658" />
						<Hotspot X="-798.0923" Y="-57.95984" Z="-29.68273" />
						<Hotspot X="-777.7756" Y="-57.09532" Z="-29.8772" />
						<Hotspot X="-757.0208" Y="-58.03175" Z="-29.93039" />
						<Hotspot X="-736.9912" Y="-58.51679" Z="-33.54683" />
						<Hotspot X="-720.7798" Y="-58.90937" Z="-37.73492" />
						<Hotspot X="-721.144" Y="-46.43649" Z="-37.73492" />
						<Hotspot X="-720.5383" Y="-25.81927" Z="-37.73492" />
						<Hotspot X="-721.275" Y="-5.654402" Z="-33.88733" />
						<Hotspot X="-721.5214" Y="2.781204" Z="-30.03327" />
						<Hotspot X="-725.0285" Y="13.78313" Z="-30.03327" />
						<Hotspot X="-727.5768" Y="31.08633" Z="-30.36414" />
						<Hotspot X="-722.5059" Y="34.01265" Z="-30.40612" />
						<Hotspot X="-702.8819" Y="41.22632" Z="-31.13801" />
						<Hotspot X="-685.0785" Y="30.60188" Z="-30.76167" />
						<Hotspot X="-673.2425" Y="14.62221" Z="-27.00843" />
						<Hotspot X="-663.0826" Y="-1.733817" Z="-20.68527" />
						<Hotspot X="-654.8198" Y="-15.96845" Z="-17.73549" />
						<Hotspot X="-650.6505" Y="-17.55449" Z="-17.78784" />
						<Hotspot X="-631.9746" Y="-24.65892" Z="-20.21827" />
						<Hotspot X="-626.9008" Y="-26.58902" Z="-21.51035" />
						<Hotspot X="-621.3458" Y="-41.82409" Z="-22.49162" />
						<Hotspot X="-621.1902" Y="-42.2509" Z="-22.56201" />
						<Hotspot X="-603.3313" Y="-32.19088" Z="-25.57931" />
						<Hotspot X="-603.1301" Y="-32.0775" Z="-25.59955" />
						<Hotspot X="-586.1553" Y="-40.83875" Z="-31.86065" />
						<Hotspot X="-567.2289" Y="-47.34044" Z="-35.92059" />
						<Hotspot X="-547.3436" Y="-45.55873" Z="-38.72718" />
						<Hotspot X="-527.408" Y="-43.56086" Z="-40.07124" />
						<Hotspot X="-507.2503" Y="-41.54073" Z="-43.62271" />
						<Hotspot X="-506.7906" Y="-41.49467" Z="-43.69669" />
						<Hotspot X="-510.9151" Y="-21.57386" Z="-44.3627" />
						<Hotspot X="-510.3391" Y="-5.575928" Z="-44.92999" />
						<Hotspot X="-521.7884" Y="-4.839118" Z="-42.92921" />
						<Hotspot X="-541.7824" Y="-3.552421" Z="-41.72627" />
						<Hotspot X="-561.3868" Y="-0.5420393" Z="-45.59109" />
						<Hotspot X="-578.2703" Y="10.18791" Z="-48.95976" />
						<Hotspot X="-593.8597" Y="22.94525" Z="-49.45999" />
						<Hotspot X="-608.013" Y="37.02817" Z="-53.02232" />
						<Hotspot X="-616.7124" Y="54.80703" Z="-56.46168" />
						<Hotspot X="-626.3297" Y="72.47618" Z="-55.26154" />
						<Hotspot X="-634.4843" Y="90.70085" Z="-57.0517" />
						<Hotspot X="-639.6581" Y="110.0675" Z="-57.67274" />
						<Hotspot X="-640.1034" Y="130.6826" Z="-58.26953" />
						<Hotspot X="-638.3621" Y="150.82" Z="-57.83282" />
						<Hotspot X="-628.7894" Y="169.0866" Z="-55.75471" />
						<Hotspot X="-618.7449" Y="186.3271" Z="-53.52849" />
						<Hotspot X="-611.1862" Y="199.9033" Z="-50.90494" />
						<Hotspot X="-618.7333" Y="206.9869" Z="-51.35625" />
						<Hotspot X="-623.7183" Y="215.4893" Z="-51.06147" />
						<Hotspot X="-612.2726" Y="226.3596" Z="-51.52569" />
						<Hotspot X="-603.2221" Y="234.955" Z="-51.09636" />
						<Hotspot X="-592.8839" Y="231.8736" Z="-51.39608" />
						<Hotspot X="-573.0922" Y="229.3405" Z="-55.99643" />
						<Hotspot X="-572.186" Y="229.2051" Z="-56.26571" />
						<Hotspot X="-553.4963" Y="225.366" Z="-58.91701" />
						<Hotspot X="-533.5269" Y="221.9239" Z="-57.66763" />
						<Hotspot X="-514.1608" Y="216.4173" Z="-57.66763" />
						<Hotspot X="-495.5557" Y="208.6672" Z="-57.66763" />
						<Hotspot X="-480.1372" Y="202.3668" Z="-54.01929" />
						<Hotspot X="-477.1117" Y="201.1404" Z="-53.86381" />
						<Hotspot X="-457.9585" Y="193.3768" Z="-53.17417" />
						<Hotspot X="-455.5608" Y="192.405" Z="-53.16113" />
						<Hotspot X="-445.7117" Y="209.8524" Z="-52.70795" />
						<Hotspot X="-435.787" Y="227.434" Z="-53.11341" />
						<Hotspot X="-434.4054" Y="229.8814" Z="-53.17725" />
						<Hotspot X="-423.4724" Y="210.6321" Z="-52.95886" />
						<Hotspot X="-412.8685" Y="193.4555" Z="-53.78661" />	
					</CustomBehavior>
					
					<!-- Profile message - tag rafs  -->
					<CustomBehavior File="Message" 
									Text="Tagging the RAFs."
									LogColor="Fuchsia" />			

					<RunTo X="-344.8963" Y="130.5512" Z="-50.45934" />
					
					<CustomBehavior File="WaitTimer" 
									WaitTime="5000" />	
																			
					<If Condition="Me.X &lt; -270 &amp;&amp; Me.Y &gt;= 75" >
						<CustomBehavior File="Message" 
										Text="We are above the jumping platforms."
										LogColor="Fuchsia" />
								
						<!-- Run to the edge of the platform -->
						<RunTo X="-288.5186" Y="82.56316" Z="-52.22119" />
						
						<!-- Force ourselves to run off of it -->
						<CustomBehavior File="MyCTM" 
										X="-273.533" Y="71.30302" Z="-58.51636" />
					</If> <!-- Above jumps -->
					
					<!-- If we are high enough to go to the next instance, do so -->
					<CustomBehavior File="Misc\LoadProfileOn" 
									MinLevel="25" 
									ProfileName="[QO-N][25-37]_razorfen-kraul.xml"  />
				</If> <!-- Inside BFD -->
				
				<!-- If we are inside Blackfathom Deeps, run out to reset -->
				<If Condition="Me.MapId == 48">
					<CustomBehavior File="Message" 
									Text="Blackfathom Deeps detected. Running out to reset." 
									LogColor="Fuchsia" />
						
					<If Condition="Me.X &lt; -270 &amp;&amp; Me.Y &gt;= 75" >
						<CustomBehavior File="Message" 
										Text="We are above the jumping platforms."
										LogColor="Fuchsia" />
										
						<!-- Run to the edge of the platform -->
						<RunTo X="-288.5186" Y="82.56316" Z="-52.22119" />
						
						<!-- Force ourselves to run off of it -->
						<CustomBehavior File="MyCTM" 
										X="-273.533" Y="71.30302" Z="-58.51636" />
					</If> <!-- Above jumps -->
					
					<!-- Run to the instance entrance -->
					<RunTo X="-150.234" Y="106.594" Z="-39.779" />
					
					<!-- Go through the portal -->									
					<CustomBehavior File="Misc\InInstance" X="-149.7285" Y="125.4777" Z="-40.73384" />				
					
					<!-- Make sure we run to the right spot outside the portal -->
					<RunTo X="4248.14" Y="745.047" Z="-24.4963" />
				</If> <!-- BFD -->
				
				<!-- If we are in the box -->
				<If Condition="Me.X &gt; 4230 &amp;&amp; Me.X &lt; 4270 &amp;&amp; Me.Y &lt; 760 &amp;&amp; Me.Y &gt; 720" >
					<!-- First reset isn't enough to get a fresh instance if toons are still inside -->
					<CustomBehavior File="Message" 
									Text="Resetting instance, 1 of 2." 
									LogColor="Fuchsia" />
					
					<CustomBehavior File="RunMacro" Macro="/script ResetInstances()" />
					<CustomBehavior File="RunMacro" Macro="/script SetDungeonDifficultyID(1)" />
					
					<!-- Allow for an Honorbuddy pulse -->
					<CustomBehavior File="WaitTimer" 
									WaitTime="200" />
					
					<!-- The second reset confirms we are safe to enter the instance -->
					<CustomBehavior File="Message" 
									Text="Resetting instance, 2 of 2." 
									LogColor="Fuchsia" />
					<CustomBehavior File="RunMacro" Macro="/script ResetInstances()" />
					<CustomBehavior File="RunMacro" Macro="/script SetDungeonDifficultyID(1)" />
					
					<CustomBehavior File="Message" 
									Text="Instance reset." 
									LogColor="Fuchsia" />
				</If> <!-- In box -->
			</While> <!-- Infinite loop -->
		</If> <!-- Booster -->
		
		<!-- *******************************************************  RAF Toons ************************************************************** -->
		<If Condition="Me.Level &lt;= 85">
			<CustomBehavior File="Message" 
							Text="We are a RAF." 
							LogColor="Fuchsia" />
							
			<If Condition="Me.IsAlliance">
				<If Condition="Me.HearthstoneAreaId != 5148">
					<CustomBehavior File="Message" 
									Text="Our Hearthstone isn't set in the Trade District in Stormwind. Stopping profile." 
									LogColor="Lime" />
									
					<CustomBehavior File="UserSettings" 
										StopBot="true" />
				</If>
				
				<ElseIf Condition="Me.IsHorde">
					<If Condition="Me.HearthstoneAreaId != 5170">
						<CustomBehavior File="Message" 
										Text="Our Hearthstone isn't set in the Valley of Strength in Orgrimmar. Stopping profile." 
										LogColor="Lime" />
										
						<CustomBehavior File="UserSettings" 
										StopBot="true" />
					</If>
				</ElseIf>
			</If>
		
			<!-- RAF User Settings -->
			<CustomBehavior File="UserSettings"
							AdvancedSettingsMode="True"
							GroundMountFarmingMode="False"
							HarvestHerbs="False"
							HarvestMinerals="False"
							KillBetweenHotspots="False"
							LogoutForInactivity="False"
							LogoutInactivityUseForceQuit="False"
							LootMobs="False"
							LootRadius="1"
							MountName=""
							NinjaSkin="False"
							ProfileDebuggingMode="False"
							PullDistance="1"
							RessAtSpiritHealers="False"
							SkinMobs="False"
							UseMount="True" 
							UseRandomMount="False" />
									
			<!-- Infinite loop -->
			<While Condition="true" >	
				<!-- If we are inside Deadmines or Wailing Caverns, run out to go to the next instance -->
				<If Condition="Me.MapId == 36 || Me.MapId == 43">
					<If Condition="(Me.HearthstoneAreaId == 5148) || (Me.HearthstoneAreaId == 5170)" >
						<CustomBehavior File="Message" 
										Text="Our Innkeeper is set at Stormwind City or Orgrimmar." 
										LogColor="Cyan" />
										
						<!-- Have hearthstone -->
						<If Condition="HasItem(6948)">
							<CustomBehavior File="Message" 
											Text="Using Hearthstone." 
											LogColor="Lime" />
											
							<CustomBehavior File="Misc\RunLua" 
											Lua="UseItemByName(6948)" 
											WaitTime="1000" />
											
							<CustomBehavior File="WaitTimer" 
											WaitTime="20000" />
						</If> <!-- Have hearthstone -->
					
						<!-- Have Innkeeper's Daughter -->
						<If Condition="HasItem(64488)">
							<CustomBehavior File="Message" 
											Text="Using Innkeeper's Daughter." 
											LogColor="Lime" />
												
							<CustomBehavior File="Misc\RunLua" 
											Lua="UseItemByName(64488)" 
											WaitTime="1000" />
								
							<CustomBehavior File="WaitTimer" 
											WaitTime="20000" />
						</If> <!-- Have Innkeeper's Daughter -->
					</If> <!-- Hearth check -->
				</If>
				
				<!-- If we are inside Blackfathom Deeps, run out to reset -->
				<If Condition="Me.MapId == 48">
					<CustomBehavior File="Message" 
									Text="Blackfathom Deeps detected. Running out." 
									LogColor="Fuchsia" />
						
					<If Condition="Me.X &lt; -270 &amp;&amp; Me.Y &gt;= 75" >
						<CustomBehavior File="Message" 
										Text="We are above the jumping platforms."
										LogColor="Fuchsia" />
										
						<!-- Run to the edge of the platform -->
						<RunTo X="-288.5186" Y="82.56316" Z="-52.22119" />
						
						<!-- Force ourselves to run off of it -->
						<CustomBehavior File="MyCTM" 
										X="-273.533" Y="71.30302" Z="-58.51636" />
					</If> <!-- Above jumps -->
					
					<!-- Run to the instance entrance -->
					<RunTo X="-150.234" Y="106.594" Z="-39.779" />
					
					<!-- Go through the portal -->									
					<CustomBehavior File="Misc\InInstance" X="-149.7285" Y="125.4777" Z="-40.73384" />				
					
					<!-- Make sure we run to the right spot outside the portal -->
					<RunTo X="4248.14" Y="745.047" Z="-24.4963" />
				</If> <!-- BFD -->
				
				<!-- If we are not in the box, load the movement profile -->
				<If Condition="Me.X &lt; 4230 || Me.X &gt; 4270 || Me.Y &gt; 760 || Me.Y &lt; 720" >
					<CustomBehavior File="Message" 
									Text="Distance from portal is not within our proximity, initializing movement to get there." 
									LogColor="Fuchsia" />	
									
					<CustomBehavior File="LoadProfile" 
									ProfileName="Movement\[QO-N-M][17-25]_blackfathom-deeps" />
				</If> <!-- Not in box -->
				
				<!-- If we are in the box -->
				<If Condition="Me.X &gt; 4230 &amp;&amp; Me.X &lt; 4270 &amp;&amp; Me.Y &lt; 760 &amp;&amp; Me.Y &gt; 720" >
					<CustomBehavior File="Message" 
									Text="Portal detected nearby." 
									LogColor="Fuchsia" />	
				
					<While Condition="Me.MapId != 48">
						<!-- Make sure we run to the right spot outside the portal -->
						<RunTo X="4248.14" Y="745.047" Z="-24.4963" />
					
						<!-- Go inside the Blackfathom Deeps portal -->
						<CustomBehavior File="Misc\InInstance" X="4249.571" Y="760.4624" Z="-23.82422" />
						
						<CustomBehavior File="Message" 
										Text="Waiting for the dungeon to load." 
										LogColor="Fuchsia" />
										
						<CustomBehavior File="WaitTimer" 
										WaitTime="20000" 
										VariantTime="20000" />	
						
						<!-- If we still aren't in, we're locked out -->
						<If Condition="Me.MapId != 48">
							<CustomBehavior File="Message" 
											Text="We are locked out. Waiting and trying again." 
											LogColor="Fuchsia" />
						</If> <!-- Locked -->
					</While> <!-- While we aren't in the instance -->
				</If> <!-- In box -->	
				
				<!-- If we are inside Blackfathom Deeps and have checked our reset -->
				<If Condition="Me.MapId == 48" >
					<CustomBehavior File="Message" 
									Text="Avoiding instance lock from this point, do not touch." 
									LogColor="Yellow" />	
					
					<!-- Entrance -->
					<RunTo X="-150.234" Y="106.594" Z="-39.779" />
					
					<!-- Disable combat -->
					<DisableBehavior Name="Combat" />
					
					<!-- Go to quest givers -->
					<RunTo X="-160.0652" Y="77.27363" Z="-46.05556" />
					
					<!-- Begin the instance once all party members are within range  -->
					<CustomBehavior File="Misc\LoadProfileOn" 
									CheckRange="2" />
									
					<CustomBehavior File="Misc\InstanceTimer" 
									Timer="Start" />
									
					<CustomBehavior File="Message" 
									Text="Blackfathom Deeps initialized."  
									LogColor="Fuchsia" />
									
					<!-- Let the booster clear the entrance for us -->
					<CustomBehavior File="WaitTimer" 
									WaitTime="20000" />
									
					<!-- Continue when tagged  -->
					<CustomBehavior File="Misc\LoadProfileOn" 
									CheckRange="5" />
									
					<!-- Let the booster clear the entrance for us -->
					<CustomBehavior File="WaitTimer" 
									WaitTime="70000" />				
									
					<!-- move to the sandy beach -->
					<RunTo X="-260.1388" Y="58.08689" Z="-55.31565" />			
					
					<!-- Trigger after Ghamoo-Ra -->
					<CustomBehavior File="GetOutOfGroundEffectAndAuras" 
									EventCompleteWhen="SpecificMobsDead" EventCompleteDeadMobId="4887"
									EventX="-260.1388" EventY="58.08689" EventZ="-55.31565"
									MoveOutOfGroundEffectAuraId1="111111"
									MoveAwayFromMobCastingSpellId1="111111"
									MoveAwayFromMobWithAuraId1="111111">
						<Safespots>
							<Hotspot X="-260.1388" Y="58.08689" Z="-55.31565" />		
						</Safespots>
					</CustomBehavior>		
					
					<CustomBehavior File="RunLikeHell" 
									UseCTM="true"
									NumOfTimes="1" 
									AllowCombat="false">			
									
						<!-- In water -->
						<Hotspot X="-299.6261" Y="65.33854" Z="-59.68586" />
						<Hotspot X="-317.8293" Y="64.4877" Z="-59.73279" />
						<Hotspot X="-337.0407" Y="68.17602" Z="-59.77076" />
						
						<!-- on land -->
						<Hotspot X="-359.8245" Y="72.11115" Z="-57.74928" />
						<Hotspot X="-356.6548" Y="73.96896" Z="-58.16689" />
						<Hotspot X="-354.3861" Y="85.91518" Z="-50.8546" />
						<Hotspot X="-350.4613" Y="90.59668" Z="-46.50981" />
						<Hotspot X="-351.8185" Y="96.67211" Z="-42.88773" />
						<Hotspot X="-353.7418" Y="101.9532" Z="-45.69148" />
						<Hotspot X="-343.1473" Y="109.0681" Z="-50.93742" />	
						
					</CustomBehavior>
					
					<RunTo X="-344.8963" Y="130.5512" Z="-50.45934" />
					
					<!-- Continue when tagged  -->
					<CustomBehavior File="Misc\LoadProfileOn" 
									CheckRange="5" />
									
					<!-- If we are high enough to go to the next instance, do so -->
					<CustomBehavior File="Misc\LoadProfileOn" 
									MinLevel="25" 
									ProfileName="[QO-N][25-37]_razorfen-kraul.xml"  />
												
					<CustomBehavior File="WaitTimer"
									WaitTime="60000" />			
									
					<CustomBehavior File="Misc\InstanceTimer" Timer="Check" />

					<!-- enableable combat -->
					<EnableBehavior Name="Combat" />
				</If> <!-- Inside BFD -->	
			</While> <!-- Infinite loop -->
		</If> <!-- RAF -->
	</QuestOrder>
</HBProfile>

