﻿<HBProfile creator="Botanist and Wigglez" version="1.0">
	<Name>[QO-N][58-60][DK]_hellfire-ramparts</Name>
   
	<MinLevel>1</MinLevel>
	<MaxLevel>101</MaxLevel>
   
	<MinDurability>-1</MinDurability>
	<MinFreeBagSlots>-1</MinFreeBagSlots>
	
	<MailGrey>False</MailGrey>
	<MailWhite>False</MailWhite>
	<MailGreen>False</MailGreen>
	<MailBlue>False</MailBlue>
	<MailPurple>False</MailPurple>
   
	<SellGrey>False</SellGrey>
	<SellWhite>False</SellWhite>
	<SellGreen>False</SellGreen>
	<SellBlue>False</SellBlue>
	<SellPurple>False</SellPurple>
   
	<TargetElites>True</TargetElites>
	
	<AvoidMobs>	
		<Mob Name="Summon Enabler Stalker" Entry="53488" />
	</AvoidMobs>
	
	<Blackspots>
	</Blackspots>

	<Mailboxes>
	</Mailboxes>
 
	<Vendors>
	</Vendors>
	
	<ProtectedItems>
	</ProtectedItems>

	<Factions></Factions>
	
	<QuestOrder>
		<ClearVendor />
		<ClearMailbox />

		
		<!-- *******************************************************  Booster ************************************************************** -->
		<If Condition="Me.Level &gt;= 90">
			<CustomBehavior File="Message" 
							Text="We are a booster." 
							LogColor="Fuchsia" />
		
		 	<!-- Booster UserSettings -->
			<CustomBehavior File="UserSettings"
							AdvancedSettingsMode="True"
							GroundMountFarmingMode="False"
							HarvestHerbs="False"
							HarvestMinerals="False"
							KillBetweenHotspots="True"
							LogoutForInactivity="False"
							LogoutInactivityUseForceQuit="False"
							LootMobs="True"
							LootRadius="15"
							MountName=""
							NinjaSkin="False"
							ProfileDebuggingMode="False"
							PullDistance="25"
							RessAtSpiritHealers="False"
							SkinMobs="False"
							UseMount="True" 
							UseRandomMount="False" />
							
			<!-- Infinite loop -->
			<While Condition="true" >
				<!-- BRS -->
				<If Condition="Me.ZoneId == 1583">
					<If Condition="Me.HearthstoneAreaId == 5628" >
						<CustomBehavior File="Message" 
										Text="Our Innkeeper is set at Iron Summit." 
										LogColor="Cyan" />
										
						<!-- Have hearthstone -->
						<If Condition="HasItem(6948)">
							<CustomBehavior File="Message" 
											Text="Using Hearthstone." 
											LogColor="Lime" />
											
							<CustomBehavior File="Misc\RunLua" 
											Lua="UseItemByName(6948)" 
											WaitTime="1000" />
											
							<CustomBehavior File="WaitTimer" 
											WaitTime="20000" />				
						</If> <!-- Have hearthstone -->
					
						<!-- Have Innkeeper's Daughter -->
						<If Condition="HasItem(64488)">
							<CustomBehavior File="Message" 
											Text="Using Innkeeper's Daughter." 
											LogColor="Lime" />
												
							<CustomBehavior File="Misc\RunLua" 
											Lua="UseItemByName(64488)" 
											WaitTime="1000" />
								
							<CustomBehavior File="WaitTimer" 
											WaitTime="20000" />
						</If> <!-- Have Innkeeper's Daughter -->
					</If> <!-- Hearth check -->
				</If> <!-- BRS -->		
			
				<!-- If we are inside -->
				<If Condition="Me.ZoneId == 3562">
					<CustomBehavior File="Message" 
									Text="Hellfire Ramparts detected. Running out."
									LogColor="Fuchsia" />
									
					<RunTo X="-1355.28" Y="1641.57" Z="68.274" />
					
					<!-- Go through the portal -->
					<CustomBehavior File="Misc\InInstance" X="-1358.403" Y="1629.539" Z="68.55495" />
					
					<!-- Make sure we run to the right spot outside the portal -->
					<RunTo X="-363.436" Y="3078.43" Z="-15.0013" />
				</If> <!-- HR -->
				
				<!-- If we are not in the box, load the movement profile -->
				<If Condition="Me.X &lt; -400 || Me.X &gt; -300 || Me.Y &lt; 3000 || Me.Y &gt; 3100" >
					<CustomBehavior File="Message" 
									Text="Distance from portal is not within our proximity, initializing movement to get there."
									LogColor="Fuchsia" />	
									
					<CustomBehavior File="LoadProfile" 
									ProfileName="Movement\[QO-N-M][58-60][DK]_hellfire-ramparts" />
				</If> <!-- Not in box -->
				
				<!-- If we are in the box -->
				<If Condition="Me.X &gt; -400 &amp;&amp; Me.X &lt; -300 &amp;&amp; Me.Y &gt; 3000 &amp;&amp; Me.Y &lt; 3100" >
					<CustomBehavior File="Message" 
									Text="Portal detected nearby."
									LogColor="Fuchsia" />	
						
					<!-- If we didn't enter the instance, wait 20 seconds then attempt to enter again -->
					<While Condition="Me.ZoneId != 3562">
						<!-- Make sure we run to the right spot outside the portal -->
						<RunTo X="-363.436" Y="3078.43" Z="-15.00165" />

						<!-- Run back in the portal -->
						<CustomBehavior File="Misc\InInstance" X="-364.514" Y="3088.31" Z="-15.02338" />
										
						<CustomBehavior File="Message" 
										Text="Waiting for the dungeon to load." 
										LogColor="Fuchsia" />
									
						<CustomBehavior File="WaitTimer" 
										WaitTime="20000" 
										VariantTime="20000" />
										
						<!-- If we still aren't in, we're locked out -->
						<If Condition="Me.ZoneId != 3562">
							<CustomBehavior File="Message" 
											Text="We are locked out. Waiting and trying again." 
											LogColor="Fuchsia" />
						</If> <!-- Locked -->
					</While> <!-- While we aren't in the instance -->
				</If> <!-- In box -->
				
				<!-- If we are inside Hellfire Ramparts and have checked our reset -->
				<If Condition="Me.ZoneId == 3562">
						<!-- Run macro to pass on loot -->
					<CustomBehavior File="RunMacro" Macro="/run SetOptOutOfLoot(1)" />
									
					<!-- Entrance -->
					<RunTo X="-1355.28" Y="1641.57" Z="68.274" />
				
					<!-- Run to side -->
					<RunTo X="-1362.575" Y="1653.438" Z="68.40146" />

					<!-- Begin the instance once all party members are within range  -->
					<CustomBehavior File="Misc\LoadProfileOn" 
									CheckRange="1" />
									
					<CustomBehavior File="WaitTimer"
									WaitTime="5000" />
									
					<CustomBehavior File="Message" 
									Text="Hellfire Ramparts initialized."  
									LogColor="Fuchsia" />
									
					<!-- Kill early packs for RAF safety -->
					<RunTo X="-1344.766" Y="1653.25" Z="68.86888" />
					<RunTo X="-1326.888" Y="1659.297" Z="69.01428" />
					<RunTo X="-1328.949" Y="1665.482" Z="68.71418" />
					<RunTo X="-1325.499" Y="1663.362" Z="68.69312" />
					<RunTo X="-1302.301" Y="1670.512" Z="66.0277" />
					<RunTo X="-1284.931" Y="1677.782" Z="68.54573" />
					<RunTo X="-1285.857" Y="1670.925" Z="68.81026" />
					<RunTo X="-1273.917" Y="1656.696" Z="69.07306" />
					<RunTo X="-1245.19" Y="1647.236" Z="67.61657" />
					<RunTo X="-1256.412" Y="1628.972" Z="68.58859" />
						
					<CustomBehavior File="RunLikeHell"
									UseCTM="true"
									NumOfTimes="1"
									AllowCombat="false">	
						<Hotspot X="-1242.876" Y="1616.946" Z="68.50874" />
						<Hotspot X="-1256.954" Y="1585.761" Z="68.56223" />
						<Hotspot X="-1265.318" Y="1560.76" Z="68.57436" />
						<Hotspot X="-1277.561" Y="1535.495" Z="68.56645" />
						<Hotspot X="-1280.313" Y="1552.1" Z="68.58364" />
						<Hotspot X="-1294.451" Y="1525.285" Z="68.5917" />
						<Hotspot X="-1277.787" Y="1494.741" Z="68.57449" />
						<Hotspot X="-1227.532" Y="1471.552" Z="68.5621" />
						<Hotspot X="-1189.371" Y="1458.148" Z="68.45145" />
						<Hotspot X="-1178.249" Y="1476.704" Z="68.44762" />
						<Hotspot X="-1182.276" Y="1487.304" Z="68.46307" />
						<Hotspot X="-1172.442" Y="1495.46" Z="68.45762" />
						<Hotspot X="-1216.23" Y="1545" Z="68.55325" />
						<Hotspot X="-1147.292" Y="1507.029" Z="68.39722" />
						<Hotspot X="-1153.61" Y="1503.936" Z="68.41061" />
						<Hotspot X="-1154.117" Y="1482.467" Z="68.41945" />
						<Hotspot X="-1169.788" Y="1458.07" Z="68.42177" />
						<Hotspot X="-1180.135" Y="1440.294" Z="68.42554" />
						<Hotspot X="-1208.907" Y="1439.131" Z="68.55933" />
						<Hotspot X="-1240.705" Y="1446.83" Z="68.5974" />
					</CustomBehavior>
					<RunTo X="-1240.705" Y="1446.83" Z="68.5974" />
					
					<RunTo X="-1236.788" Y="1541.511" Z="90.32333" />
					
					<CustomBehavior File="RunLikeHell" 
									UseCTM="true"
									NumOfTimes="1" 
									AllowCombat="false">
						<Hotspot X="-1241.226" Y="1570.434" Z="91.27397" />
						<Hotspot X="-1258.31" Y="1596.797" Z="91.95538" />
						<Hotspot X="-1261.923" Y="1594.38" Z="92.16961" />
						<Hotspot X="-1282.059" Y="1597.541" Z="91.75027" />
						<Hotspot X="-1297.189" Y="1589.679" Z="91.77014" />
						<Hotspot X="-1316.828" Y="1616.842" Z="91.7486" />
						<Hotspot X="-1311.586" Y="1632.609" Z="91.74809" />
						<Hotspot X="-1319.655" Y="1653.462" Z="91.62841" />
						<Hotspot X="-1344.531" Y="1681.932" Z="90.60447" />
						<Hotspot X="-1307.892" Y="1638.273" Z="91.74696" />
						<Hotspot X="-1285.227" Y="1633.888" Z="91.73592" />
						<Hotspot X="-1271.261" Y="1625.002" Z="91.67666" />
						<Hotspot X="-1272.468" Y="1640.998" Z="91.6504" />
						<Hotspot X="-1168.66" Y="1697.98" Z="91.51431" />
						<Hotspot X="-1121.133" Y="1721.539" Z="89.32458" />
						<Hotspot X="-1161.369" Y="1696.875" Z="91.4279" />
					</CustomBehavior>
					<RunTo X="-1161.369" Y="1696.875" Z="91.4279" />
					
					<CustomBehavior File="WaitTimer" WaitTime="5000" />
					
					<CustomBehavior File="Message" 
									Text="Tagging RAFs." 
									LogColor="Fuchsia" />
									
					<!-- Run to ledge -->
					<RunTo X="-1319.639" Y="1648.569" Z="91.65906" />
						
					<!-- jump down -->
					<CustomBehavior File="MyCTM" X="-1346.896" Y="1651.415" Z="68.86491" />
					
					<!-- Tag rafs -->
					<RunTo X="-1346.896" Y="1651.415" Z="68.86491" />
					
					<CustomBehavior File="Misc\LoadProfileOn" 
									CheckRange="1" />
									
					<!-- If we are high enough to go to the next instance, do so -->
					<CustomBehavior File="Misc\LoadProfileOn" 
									MinLevel="60" 
									ProfileName="[QO-N][60-63]_blood-furnace.xml"  />
									
					<CustomBehavior File="WaitTimer" 
									WaitTime="5000" />
					<!-- Run out -->
				</If> <!-- HR -->
				
				<!-- If we are inside -->
				<If Condition="Me.ZoneId == 3562">
					<CustomBehavior File="Message" 
									Text="Hellfire Ramparts detected. Running out to reset."
									LogColor="Fuchsia" />
									
					<RunTo X="-1355.28" Y="1641.57" Z="68.274" />
					
					<!-- Go through the portal -->
					<CustomBehavior File="Misc\InInstance" X="-1358.403" Y="1629.539" Z="68.55495" />
					
					<!-- Make sure we run to the right spot outside the portal -->
					<RunTo X="-363.436" Y="3078.43" Z="-15.0013" />
				</If> <!-- HR -->
				
				<!-- If we are in the box -->
				<If Condition="Me.X &gt; -400 &amp;&amp; Me.X &lt; -300 &amp;&amp; Me.Y &gt; 3000 &amp;&amp; Me.Y &lt; 3100" >
					<!-- First reset isn't enough to get a fresh instance if toons are still inside -->
					<CustomBehavior File="Message" 
									Text="Resetting instance, 1 of 2." 
									LogColor="Fuchsia" />
					
					<CustomBehavior File="RunMacro" Macro="/script ResetInstances()" />
					<CustomBehavior File="RunMacro" Macro="/script SetDungeonDifficultyID(1)" />
					
					<!-- Allow for an Honorbuddy pulse -->
					<CustomBehavior File="WaitTimer" 
									WaitTime="200" />
					
					<!-- The second reset confirms we are safe to enter the instance -->
					<CustomBehavior File="Message" 
									Text="Resetting instance, 2 of 2." 
									LogColor="Fuchsia" />
					<CustomBehavior File="RunMacro" Macro="/script ResetInstances()" />
					<CustomBehavior File="RunMacro" Macro="/script SetDungeonDifficultyID(1)" />
					
					<CustomBehavior File="Message" 
									Text="Instance reset." 
									LogColor="Fuchsia" />
				</If> <!-- In box -->
			</While> <!-- Infinite loop -->
		</If> <!-- Booster -->
		
				
		<!-- *******************************************************  RAF Toons ************************************************************** -->
		<If Condition="Me.Level &lt;= 85">
			<CustomBehavior File="Message" 
							Text="We are a RAF." 
							LogColor="Fuchsia" />
							
			<If Condition="Me.IsAlliance">
				<If Condition="Me.HearthstoneAreaId != 5148">
					<CustomBehavior File="Message" 
									Text="Our Hearthstone isn't set in the Trade District in Stormwind. Stopping profile." 
									LogColor="Fuchsia" />
									
					<CustomBehavior File="UserSettings" 
										StopBot="true" />
				</If>
				
				<ElseIf Condition="Me.IsHorde">
					<If Condition="Me.HearthstoneAreaId != 5170">
						<CustomBehavior File="Message" 
										Text="Our Hearthstone isn't set in the Valley of Strength in Orgrimmar. Stopping profile." 
										LogColor="Fuchsia" />
										
						<CustomBehavior File="UserSettings" 
										StopBot="true" />
					</If>
				</ElseIf>
			</If>

			<!-- RAF User Settings -->
			<CustomBehavior File="UserSettings"
							AdvancedSettingsMode="True"
							GroundMountFarmingMode="False"
							HarvestHerbs="False"
							HarvestMinerals="False"
							KillBetweenHotspots="False"
							LogoutForInactivity="False"
							LogoutInactivityUseForceQuit="False"
							LootMobs="False"
							LootRadius="1"
							MountName=""
							NinjaSkin="False"
							ProfileDebuggingMode="False"
							PullDistance="1"
							RessAtSpiritHealers="False"
							SkinMobs="False"
							UseMount="True" 
							UseRandomMount="False" />
		
			<!-- Infinite loop -->
			<While Condition="true" >	
				<!-- BRS -->
				<If Condition="Me.ZoneId == 1583">
					<If Condition="(Me.HearthstoneAreaId == 5148) || (Me.HearthstoneAreaId == 5170)" >
						<CustomBehavior File="Message" 
										Text="Our Innkeeper is set at Stormwind City or Orgrimmar." 
										LogColor="Cyan" />
										
						<!-- Have hearthstone -->
						<If Condition="HasItem(6948)">
							<CustomBehavior File="Message" 
											Text="Using Hearthstone." 
											LogColor="Lime" />
											
							<CustomBehavior File="Misc\RunLua" 
											Lua="UseItemByName(6948)" 
											WaitTime="1000" />
											
							<CustomBehavior File="WaitTimer" 
											WaitTime="20000" />				
						</If> <!-- Have hearthstone -->
					
						<!-- Have Innkeeper's Daughter -->
						<If Condition="HasItem(64488)">
							<CustomBehavior File="Message" 
											Text="Using Innkeeper's Daughter." 
											LogColor="Lime" />
												
							<CustomBehavior File="Misc\RunLua" 
											Lua="UseItemByName(64488)" 
											WaitTime="1000" />
								
							<CustomBehavior File="WaitTimer" 
											WaitTime="20000" />
						</If> <!-- Have Innkeeper's Daughter -->
					</If> <!-- Hearth check -->
				</If> <!-- BRS -->		
				
				<!-- If we are inside -->
				<If Condition="Me.ZoneId == 3562">
					<CustomBehavior File="Message" 
									Text="Hellfire Ramparts detected. Running out."
									LogColor="Fuchsia" />
									
					<RunTo X="-1355.28" Y="1641.57" Z="68.274" />
					
					<!-- Go through the portal -->
					<CustomBehavior File="Misc\InInstance" X="-1358.403" Y="1629.539" Z="68.55495" />
					
					<!-- Make sure we run to the right spot outside the portal -->
					<RunTo X="-363.436" Y="3078.43" Z="-15.0013" />
				</If> <!-- HR -->
			
				<!-- If we are not in the box, load the movement profile -->
				<If Condition="Me.X &lt; -400 || Me.X &gt; -300 || Me.Y &lt; 3000 || Me.Y &gt; 3100" >
					<CustomBehavior File="Message" 
									Text="Distance from portal is not within our proximity, initializing movement to get there."
									LogColor="Fuchsia" />	
									
					<CustomBehavior File="LoadProfile" 
									ProfileName="Movement\[QO-N-M][58-60][DK]_hellfire-ramparts" />
				</If> <!-- Not in box -->
				
				<!-- If we are in the box -->
				<If Condition="Me.X &gt; -400 &amp;&amp; Me.X &lt; -300 &amp;&amp; Me.Y &gt; 3000 &amp;&amp; Me.Y &lt; 3100" >
					<CustomBehavior File="Message" 
									Text="Portal detected nearby."
									LogColor="Fuchsia" />	
						
					<!-- If we didn't enter the instance, wait 20 seconds then attempt to enter again -->
					<While Condition="Me.ZoneId != 3562">
						<!-- Make sure we run to the right spot outside the portal -->
						<RunTo X="-363.436" Y="3078.43" Z="-15.00165" />

						<!-- Run back in the portal -->
						<CustomBehavior File="Misc\InInstance" X="-364.514" Y="3088.31" Z="-15.02338" />
										
						<CustomBehavior File="Message" 
										Text="Waiting for the dungeon to load." 
										LogColor="Fuchsia" />
									
						<CustomBehavior File="WaitTimer" 
										WaitTime="20000" 
										VariantTime="20000" />
										
						<!-- If we still aren't in, we're locked out -->
						<If Condition="Me.ZoneId != 3562">
							<CustomBehavior File="Message" 
											Text="We are locked out. Waiting and trying again." 
											LogColor="Fuchsia" />
						</If> <!-- Locked -->
					</While> <!-- While we aren't in the instance -->
				</If> <!-- In box -->
				
				<!-- If we are inside Hellfire Ramparts and have checked our reset -->
				<If Condition="Me.ZoneId == 3562">
					<CustomBehavior File="Message" 
									Text="Avoiding instance lock from this point, do not touch." 
									LogColor="Yellow" />	
				
					<!-- Entrance -->
					<RunTo X="-1355.28" Y="1641.57" Z="68.274" />
				
					<!-- Disable combat -->
					<DisableBehavior Name="Combat" />
					
					<!-- Run to side -->
					<RunTo X="-1362.575" Y="1653.438" Z="68.40146" />

					<!-- Begin the instance once all party members are within range  -->
					<CustomBehavior File="Misc\LoadProfileOn" 
									CheckRange="2" />
									
					<CustomBehavior File="Misc\InstanceTimer" Timer="Start" /> 
									
					<CustomBehavior File="Message" 
									Text="Hellfire Ramparts initialized."  
									LogColor="Fuchsia" />
												
					<CustomBehavior File="WaitTimer"
									WaitTime="50000" />
									
					<!-- quest giver -->
					<RunTo X="-1346.896" Y="1651.415" Z="68.86491" />
									
					<CustomBehavior File="Misc\LoadProfileOn" 
									CheckRange="5" />
									
					<!-- If we are high enough to go to the next instance, do so -->
					<CustomBehavior File="Misc\LoadProfileOn" 
									MinLevel="60" 
									ProfileName="[QO-N][60-63]_blood-furnace.xml"  />
								
					<!-- Wait so the main can get away from us -->
					<CustomBehavior File="WaitTimer" 
									WaitTime="30000" />
									
					<CustomBehavior File="Misc\InstanceTimer" Timer="Check" /> 

					<!-- enableable combat -->
					<EnableBehavior Name="Combat" />
					
				</If> <!-- HR -->
			</While> <!-- Infinite loop -->
		</If> <!-- RAF -->
	</QuestOrder>
</HBProfile>

