﻿<HBProfile creator="Botanist and Wigglez" version="1.0">
	<Name>[QO-N][68-71]_utgarde-keep</Name>
   
	<MinLevel>1</MinLevel>
	<MaxLevel>101</MaxLevel>
   
	<MinDurability>-1</MinDurability>
	<MinFreeBagSlots>-1</MinFreeBagSlots>
	
	<MailGrey>False</MailGrey>
	<MailWhite>False</MailWhite>
	<MailGreen>False</MailGreen>
	<MailBlue>False</MailBlue>
	<MailPurple>False</MailPurple>
   
	<SellGrey>True</SellGrey>
	<SellWhite>False</SellWhite>
	<SellGreen>False</SellGreen>
	<SellBlue>False</SellBlue>
	<SellPurple>False</SellPurple>
   
	<TargetElites>True</TargetElites>
	
	<AvoidMobs>
		<Mob Name="Summon Enabler Stalker" Entry="53488" />
		<Mob Name="Skarvald the Constructor" Entry="27390" />
	</AvoidMobs>
	
	<Blackspots>
		<Blackspot X="64.52451" Y="80.84284" Z="0.4361966" Radius="1" />
	</Blackspots>

	<Mailboxes>
	</Mailboxes>
 
	<Vendors>
	</Vendors>

	<Factions></Factions>
	
	<ProtectedItems>
		
	</ProtectedItems>
	
	<QuestOrder>
		<ClearVendor />
		<ClearMailbox />
		
		<!-- *******************************************************  Booster ************************************************************** -->
		<If Condition="Me.Level &gt;= 90">
			<CustomBehavior File="Message" 
							Text="We are a booster." 
							LogColor="Fuchsia" />
		
		 	<!-- Booster UserSettings -->
			<CustomBehavior File="UserSettings"
							AdvancedSettingsMode="True"
							GroundMountFarmingMode="False"
							HarvestHerbs="False"
							HarvestMinerals="False"
							KillBetweenHotspots="True"
							LogoutForInactivity="False"
							LogoutInactivityUseForceQuit="False"
							LootMobs="True"
							LootRadius="15"
							MountName=""
							NinjaSkin="False"
							ProfileDebuggingMode="False"
							PullDistance="25"
							RessAtSpiritHealers="False"
							SkinMobs="False"
							UseMount="True" 
							UseRandomMount="False" />
						
			<!-- Infinite loop -->
			<While Condition="true" >	
				<!-- Utgarde Keep -->
				<If Condition="Me.MapId == 574">
					<CustomBehavior File="Message" 
									Text="Utgarde Keep detected. Running out."
									LogColor="Fuchsia" />
				
					<!-- Make our way to the exit -->
					<RunTo X="155.1128" Y="-86.14938" Z="12.55292" />

					<!-- Go through the portal -->
					<CustomBehavior File="Misc\InInstance" X="125.1626" Y="-87.67013" Z="12.55168" />
					
					<!-- Make sure we run to the right spot outside the potral -->
					<Runto X="1221.63" Y="-4864.75" Z="41.2481" />
				</If> <!-- UK -->
				
				<!-- If we are not in the box, load the movement profile -->
				<If Condition="Me.X &lt; 1200 || Me.X &gt; 1300 || Me.Y &lt; -4900 || Me.Y &gt; -4800" >
					<CustomBehavior File="Message" 
									Text="Distance from portal is not within our proximity, initializing movement to get there."
									LogColor="Fuchsia" />	
									
					<CustomBehavior File="LoadProfile" 
									ProfileName="Movement\[QO-N-M][68-71]_utgarde-keep" />
				</If> <!-- Not in box -->
				
				<!-- If we are in the box -->
				<If Condition="Me.X &gt; 1200 &amp;&amp; Me.X &lt; 1300 &amp;&amp; Me.Y &gt; -4900 &amp;&amp; Me.Y &lt; -4800" >
					<CustomBehavior File="Message" 
									Text="Portal detected nearby."
									LogColor="Fuchsia" />	
						
					<!-- If we didn't enter the instance, wait 20 seconds then attempt to enter again -->
					<While Condition="Me.MapId != 574">
						<!-- Make sure we run to the right spot outside the portal -->
						<Runto X="1221.63" Y="-4864.75" Z="41.2481" />

						<!-- Run back in the portal -->
						<CustomBehavior File="Misc\InInstance" X="1250.415" Y="-4850.671" Z="41.2481" />
										
						<CustomBehavior File="Message" 
										Text="Waiting for the dungeon to load." 
										LogColor="Fuchsia" />
									
						<CustomBehavior File="WaitTimer" 
										WaitTime="20000"
										VariantTime="20000" />
										
						<!-- If we still aren't in, we're locked out -->
						<If Condition="Me.MapId != 574">
							<CustomBehavior File="Message" 
											Text="We are locked out. Waiting and trying again." 
											LogColor="Fuchsia" />
						</If> <!-- Locked -->
					</While> <!-- While we aren't in the instance -->
				</If> <!-- In box -->
				
				<!-- If we are inside and have checked our reset -->
				<If Condition="Me.MapId == 574">
					<!-- Entrance -->
					<RunTo X="157.878" Y="-84.7025" Z="12.55168" />
					
					<!-- Run macro to pass on loot -->
					<CustomBehavior File="RunMacro"
									Macro="/run SetOptOutOfLoot(1)" />
									
					<!-- Run to corner -->
					<RunTo X="164.1923" Y="-72.27313" Z="12.55168" />
				
					<!-- Begin the instance once all party members are within range  -->
					<CustomBehavior File="Misc\LoadProfileOn" 
									CheckRange="1" />
									
					<CustomBehavior File="WaitTimer"
									WaitTime="5000" />
									
					<CustomBehavior File="Message" 
									Text="Utgarde Keep initialized."  
									LogColor="Fuchsia" />
				
					<!-- First two guys -->
					<RunTo X="213.2209" Y="-70.22929" Z="24.6786" />
				
					<!-- Pulling entrance to dragon room and back -->
					<CustomBehavior File="RunLikeHell" 
									UseCTM="false" 
									NumOfTimes="1" 
									AllowCombat="false">
						<Hotspot X="264.3714" Y="-59.10911" Z="24.6786" />
						<Hotspot X="256.9926" Y="-42.26953" Z="24.6786" />
						<Hotspot X="266.3639" Y="-47.85662" Z="24.6786" />
						<Hotspot X="276.2319" Y="-73.36841" Z="24.6786" />
						<Hotspot X="263.1737" Y="-76.61301" Z="24.6786" />
						<Hotspot X="245.2701" Y="-29.36685" Z="24.6786" />
						<Hotspot X="260.0385" Y="-24.14384" Z="24.6786" />
						<Hotspot X="266.2324" Y="-42.98997" Z="24.6786" />
						<Hotspot X="296.5763" Y="-34.55842" Z="24.6786" />
						<Hotspot X="352.5362" Y="-38.24547" Z="24.67883" />
						<Hotspot X="358.686" Y="-69.34573" Z="23.69633" />
						<Hotspot X="382.1706" Y="-56.84242" Z="22.75489" />
						<Hotspot X="395.3263" Y="-37.56013" Z="22.75489" />
						<Hotspot X="383.3587" Y="-15.77691" Z="24.67867" />
						<Hotspot X="386.0763" Y="-0.2835319" Z="23.59383" />
						<Hotspot X="371.6708" Y="25.33858" Z="22.7549" />
						<Hotspot X="378.5731" Y="95.42772" Z="30.74201" />
						<Hotspot X="365.0839" Y="122.8134" Z="30.7506" />
						<Hotspot X="348.6261" Y="157.3799" Z="30.76096" />
						<Hotspot X="330.9978" Y="210.5361" Z="30.80884" />
						<Hotspot X="299.9034" Y="200.461" Z="30.78679" />
						<Hotspot X="304.9693" Y="180.07" Z="30.78259" />
						<Hotspot X="324.774" Y="169.6457" Z="30.79179" />
						<Hotspot X="377.3031" Y="188.1947" Z="30.77575" />
						<Hotspot X="394.8755" Y="148.6558" Z="30.77575" />
						<Hotspot X="334.6113" Y="100.6471" Z="31.47871" />
						<Hotspot X="376.7028" Y="99.10166" Z="30.76472" />
						<Hotspot X="382.0772" Y="82.20326" Z="30.74201" />
						<Hotspot X="374.5533" Y="47.22518" Z="24.67863" />
						<Hotspot X="346.2146" Y="-0.1380673" Z="24.67863" />
						<Hotspot X="332.3909" Y="-4.49745" Z="23.35688" />
						<Hotspot X="351.1833" Y="-67.46191" Z="23.49109" />
						<Hotspot X="307.1158" Y="-34.8167" Z="24.67702" />
						<Hotspot X="301.9947" Y="-37.41365" Z="24.6776" />
						<Hotspot X="268.4207" Y="-48.32119" Z="24.6776" />
						<Hotspot X="271.1953" Y="-62.81267" Z="24.6779" />
					</CustomBehavior>
					<RunTo X="268.4207" Y="-48.32119" Z="24.6776" />
					
					<!-- Door exiting the dragon room -->			
					<RunTo X="343.5064" Y="200.5753" Z="30.79766" />	
					
					<!-- Pulling dragon room exit to the stairs of Dalronn -->
					<CustomBehavior File="RunLikeHell" 
									UseCTM="false" 
									NumOfTimes="1" 
									AllowCombat="false">
						<Hotspot X="328.9221" Y="257.2307" Z="30.74452" />
						<Hotspot X="220.6779" Y="201.5565" Z="40.81526" />
						<Hotspot X="211.5438" Y="195.8331" Z="40.81733" />
						<Hotspot X="201.7352" Y="196.2826" Z="40.81733" />
						<Hotspot X="193.3145" Y="196.7194" Z="40.81681" />
						<Hotspot X="186.8967" Y="220.7727" Z="40.8154" />
						<Hotspot X="148.7576" Y="280.0262" Z="42.86648" />
						<Hotspot X="134.0766" Y="280.0695" Z="42.86648" />
						<Hotspot X="122.4833" Y="248.6325" Z="42.86845" />
						<Hotspot X="110.0641" Y="238.7481" Z="42.86703" />
						<Hotspot X="97.94681" Y="263.2912" Z="42.86703" />
						<Hotspot X="84.35829" Y="259.7853" Z="42.86703" />
						<Hotspot X="68.50618" Y="218.3325" Z="49.38463" />
						<Hotspot X="101.268" Y="205.8729" Z="49.3795" />
						<Hotspot X="96.58459" Y="190.2753" Z="49.37106" />
						<Hotspot X="66.23949" Y="186.6001" Z="49.37197" />
						<Hotspot X="96.02282" Y="123.9379" Z="65.49924" />
						<Hotspot X="107.4752" Y="89.64422" Z="65.56085" />
						<Hotspot X="132.8058" Y="74.53783" Z="65.70814" />
						<Hotspot X="105.5871" Y="44.59981" Z="65.68725" />
						<Hotspot X="130.9823" Y="61.9415" Z="109.0229" />
						<Hotspot X="105.9184" Y="59.55848" Z="109.008" />
					</CustomBehavior>
					<RunTo X="105.9184" Y="59.55848" Z="109.008" />
					
					<!-- Pulling Dalronn to the last boss -->
					<CustomBehavior File="RunLikeHell" 
									UseCTM="false" 
									NumOfTimes="1" 
									AllowCombat="false">
						<Hotspot X="52.05413" Y="-4.865383" Z="118.7753" />
						<Hotspot X="43.91318" Y="-31.55264" Z="118.7753" />
						<Hotspot X="112.0077" Y="-40.24512" Z="118.9648" />
						<Hotspot X="241.7423" Y="17.45791" Z="135.1843" />
						<Hotspot X="229.7549" Y="-10.39284" Z="178.5074" />
						<Hotspot X="266.0326" Y="-101.9491" Z="190.382" />
						<Hotspot X="224.7717" Y="-169.6331" Z="190.3943" />
						<Hotspot X="157.0312" Y="-177.475" Z="180.5006" />
					</CustomBehavior>
					<RunTo X="157.0312" Y="-177.475" Z="180.5006" />
					
					<!-- Kill ingvar -->
					<RunTo X="242.6771" Y="-333.5949" Z="180.4546" />
					
					<!-- Wait 35 seconds for boss to respawn -->
					<CustomBehavior File="WaitTimer" 
									WaitTime="35000" />
										
					<!-- Run to jump off spot -->
					<Runto X="142.8705" Y="-128.3926" Z="169.8036" />
					
					<!-- First jump  -->
					<CustomBehavior File="MyCTM" X="136.7477" Y="-110.1437" Z="88.35926" />
					<CustomBehavior File="MyCTM" X="133.9567" Y="-138.254" Z="89.88945" />
					<CustomBehavior File="MyCTM" X="148.9371" Y="-148.3119" Z="94.20316" />

					<!-- Second jump -->
					<CustomBehavior File="MyCTM" X="155.5631" Y="-167.5912" Z="7.562716" />
                    <CustomBehavior File="MyCTM" X="178.9499" Y="-162.2202" Z="9.236487" />					
					<CustomBehavior File="MyCTM" X="186.3592" Y="-152.2292" Z="10.83246" />
					<CustomBehavior File="MyCTM" X="210.0832" Y="-138.0555" Z="8.92478" />
					
					<!-- splash down -->
					<RunTo X="181.3153" Y="-116.0487" Z="12.31178" />
					
					<!-- Tag rafs at quest givers -->
					<RunTo X="182.4236" Y="-76.84211" Z="15.31155" />
					
					<!-- Continue when tagged -->
					<CustomBehavior File="Misc\LoadProfileOn" 
									CheckRange="1" />
									
					<!-- Wait 5 seconds -->						
					<CustomBehavior File="WaitTimer" 
									WaitTime="2000" />
					
					<!-- If we are high enough to go to the next instance, do so -->
					<CustomBehavior File="Misc\LoadProfileOn" 
									MinLevel="71" 
									ProfileName="[QO-N][71-73]_drak'tharon-keep.xml"  />
				</If> <!-- UK -->
				
				<!-- Utgarde Keep -->
				<If Condition="Me.MapId == 574">
					<CustomBehavior File="Message" 
									Text="Utgarde Keep detected. Running out to reset."
									LogColor="Fuchsia" />
				
					<!-- Make our way to the exit -->
					<RunTo X="157.878" Y="-84.7025" Z="12.55168" />

					<!-- Go through the portal -->
					<CustomBehavior File="Misc\InInstance" X="125.1626" Y="-87.67013" Z="12.55168" />
					
					<!-- Make sure we run to the right spot outside the potral -->
					<Runto X="1221.63" Y="-4864.75" Z="41.2481" />
				</If> <!-- UK -->
				
				<!-- If we are in the box -->
				<If Condition="Me.X &gt; 1200 &amp;&amp; Me.X &lt; 1300 &amp;&amp; Me.Y &gt; -4900 &amp;&amp; Me.Y &lt; -4800" >
					<!-- First reset isn't enough to get a fresh instance if toons are still inside -->
					<CustomBehavior File="Message" 
									Text="Resetting instance, 1 of 2." 
									LogColor="Fuchsia" />
					
					<CustomBehavior File="RunMacro" Macro="/script ResetInstances()" />
					<CustomBehavior File="RunMacro" Macro="/script SetDungeonDifficultyID(1)" />
					
					<!-- Allow for an Honorbuddy pulse -->
					<CustomBehavior File="WaitTimer" 
									WaitTime="200" />
					
					<!-- The second reset confirms we are safe to enter the instance -->
					<CustomBehavior File="Message" 
									Text="Resetting instance, 2 of 2." 
									LogColor="Fuchsia" />
					<CustomBehavior File="RunMacro" Macro="/script ResetInstances()" />
					<CustomBehavior File="RunMacro" Macro="/script SetDungeonDifficultyID(1)" />
					
					<CustomBehavior File="Message" 
									Text="Instance reset." 
									LogColor="Fuchsia" />
				</If> <!-- In box -->
			</While> <!-- Infinite loop -->
		</If> <!-- Booster -->		
         
		
		<!-- *******************************************************  RAF Toons ************************************************************** -->
		<If Condition="Me.Level &lt;= 85">
			<CustomBehavior File="Message" 
							Text="We are a RAF." 
							LogColor="Fuchsia" />
							
			<If Condition="Me.IsAlliance">
				<If Condition="Me.HearthstoneAreaId != 5148">
					<CustomBehavior File="Message" 
									Text="Our Hearthstone isn't set in the Trade District in Stormwind. Stopping profile." 
									LogColor="Fuchsia" />
									
					<CustomBehavior File="UserSettings" 
										StopBot="true" />
				</If>
				
				<ElseIf Condition="Me.IsHorde">
					<If Condition="Me.HearthstoneAreaId != 5170">
						<CustomBehavior File="Message" 
										Text="Our Hearthstone isn't set in the Valley of Strength in Orgrimmar. Stopping profile." 
										LogColor="Fuchsia" />
										
						<CustomBehavior File="UserSettings" 
										StopBot="true" />
					</If>
				</ElseIf>
			</If>

			<!-- RAF User Settings -->
			<CustomBehavior File="UserSettings"
							AdvancedSettingsMode="True"
							GroundMountFarmingMode="False"
							HarvestHerbs="False"
							HarvestMinerals="False"
							KillBetweenHotspots="False"
							LogoutForInactivity="False"
							LogoutInactivityUseForceQuit="False"
							LootMobs="False"
							LootRadius="1"
							MountName=""
							NinjaSkin="False"
							ProfileDebuggingMode="False"
							PullDistance="1"
							RessAtSpiritHealers="False"
							SkinMobs="False"
							UseMount="True" 
							UseRandomMount="False" />
		
			<!-- Infinite loop -->
			<While Condition="true" >	
				<!-- Utgarde Keep -->
				<If Condition="Me.MapId == 574">
					<CustomBehavior File="Message" 
									Text="Utgarde Keep detected. Running out."
									LogColor="Fuchsia" />
				
					<!-- Make our way to the exit -->
					<RunTo X="155.1128" Y="-86.14938" Z="12.55292" />

					<!-- Go through the portal -->
					<CustomBehavior File="Misc\InInstance" X="125.1626" Y="-87.67013" Z="12.55168" />
					
					<!-- Make sure we run to the right spot outside the potral -->
					<Runto X="1221.63" Y="-4864.75" Z="41.2481" />
				</If> <!-- UK -->
			
				<!-- If we are not in the box, load the movement profile -->
				<If Condition="Me.X &lt; 1200 || Me.X &gt; 1300 || Me.Y &lt; -4900 || Me.Y &gt; -4800" >
					<CustomBehavior File="Message" 
									Text="Distance from portal is not within our proximity, initializing movement to get there."
									LogColor="Fuchsia" />	
									
					<CustomBehavior File="LoadProfile" 
									ProfileName="Movement\[QO-N-M][68-71]_utgarde-keep" />
				</If> <!-- Not in box -->
				
				<!-- If we are in the box -->
				<If Condition="Me.X &gt; 1200 &amp;&amp; Me.X &lt; 1300 &amp;&amp; Me.Y &gt; -4900 &amp;&amp; Me.Y &lt; -4800" >
					<CustomBehavior File="Message" 
									Text="Portal detected nearby."
									LogColor="Fuchsia" />	
						
					<!-- If we didn't enter the instance, wait 20 seconds then attempt to enter again -->
					<While Condition="Me.MapId != 574">
						<!-- Make sure we run to the right spot outside the portal -->
						<Runto X="1221.63" Y="-4864.75" Z="41.2481" />

						<!-- Run back in the portal -->
						<CustomBehavior File="Misc\InInstance" X="1250.415" Y="-4850.671" Z="41.2481" />
										
						<CustomBehavior File="Message" 
										Text="Waiting for the dungeon to load." 
										LogColor="Fuchsia" />
									
						<CustomBehavior File="WaitTimer" 
										WaitTime="20000"
										VariantTime="20000" />
										
						<!-- If we still aren't in, we're locked out -->
						<If Condition="Me.MapId != 574">
							<CustomBehavior File="Message" 
											Text="We are locked out. Waiting and trying again." 
											LogColor="Fuchsia" />
						</If> <!-- Locked -->
					</While> <!-- While we aren't in the instance -->
				</If> <!-- In box -->
				
				<!-- If we are inside and have checked our reset -->
				<If Condition="Me.MapId == 574">
					<CustomBehavior File="Message" 
									Text="Avoiding instance lock from this point, do not touch." 
									LogColor="Yellow" />	
				
					<!-- Entrance -->
					<RunTo X="157.878" Y="-84.7025" Z="12.55168" />
				
					<!-- Disable combat -->
					<DisableBehavior Name="Combat" />
					
					<!-- Run to corner -->
					<RunTo X="164.1923" Y="-72.27313" Z="12.55168" />

					<!-- Begin the instance once all party members are within range  -->
					<CustomBehavior File="Misc\LoadProfileOn" 
									CheckRange="2" />
									
					<CustomBehavior File="Misc\InstanceTimer" Timer="Start" /> 
									
					<CustomBehavior File="Message" 
									Text="Utgarde Keep initialized."  
									LogColor="Fuchsia" />
										
					<CustomBehavior File="WaitTimer"
									WaitTime="40000" />
					
					<!-- Forces us to sit still until Dalronn dies -->
					<CustomBehavior File="GetOutOfGroundEffectAndAuras" 
									EventCompleteWhen="SpecificMobsDead" EventCompleteDeadMobId="24201"
									EventX="182.4236" EventY="-76.84211" EventZ="15.31155"
									MoveOutOfGroundEffectAuraId1="111111"
									MoveAwayFromMobCastingSpellId1="111111"
									MoveAwayFromMobWithAuraId1="111111">
						<Safespots>
							<Hotspot X="182.4236" Y="-76.84211" Z="15.31155" />
						</Safespots>
					</CustomBehavior>
					
					<!-- Run to quest givers, wait to be tagged -->
					<RunTo X="182.4236" Y="-76.84211" Z="15.31155" />
					
					<!-- Continue when tagged -->					
					<CustomBehavior File="Misc\LoadProfileOn" 
									CheckRange="2" />				
										
					<!-- If we are high enough to go to the next instance, do so -->
					<CustomBehavior File="Misc\LoadProfileOn" 
									MinLevel="71" 
									ProfileName="[QO-N][71-73]_drak'tharon-keep.xml"  />
								
					<!-- Wait so the main can get away from us -->
					<CustomBehavior File="WaitTimer" 
									WaitTime="30000" />
									
					<CustomBehavior File="Misc\InstanceTimer" Timer="Check" />  
				</If> <!-- UK -->
				
				<!-- Utgarde Keep -->
				<If Condition="Me.MapId == 574">
					<CustomBehavior File="Message" 
									Text="Utgarde Keep detected. Running out."
									LogColor="Fuchsia" />
				
					<!-- Make our way to the exit -->
					<RunTo X="155.1128" Y="-86.14938" Z="12.55292" />

					<!-- enableable combat -->
					<EnableBehavior Name="Combat" />
					
					<!-- Go through the portal -->
					<CustomBehavior File="Misc\InInstance" X="125.1626" Y="-87.67013" Z="12.55168" />
					
					<!-- Make sure we run to the right spot outside the potral -->
					<Runto X="1221.63" Y="-4864.75" Z="41.2481" />
				</If> <!-- UK -->
			</While> <!-- Infinite loop -->
		</If> <!-- RAF -->
	</QuestOrder>
</HBProfile>

