﻿<HBProfile creator="Botanist and Wigglez" version="1.0">
	<Name>[QO-N][48-60]_blackrock-spire</Name>
   
	<MinLevel>1</MinLevel>
	<MaxLevel>101</MaxLevel>
   
	<MinDurability>-1</MinDurability>
	<MinFreeBagSlots>-1</MinFreeBagSlots>
	
	<MailGrey>False</MailGrey>
	<MailWhite>False</MailWhite>
	<MailGreen>False</MailGreen>
	<MailBlue>False</MailBlue>
	<MailPurple>False</MailPurple>
   
	<SellGrey>False</SellGrey>
	<SellWhite>False</SellWhite>
	<SellGreen>False</SellGreen>
	<SellBlue>False</SellBlue>
	<SellPurple>False</SellPurple>
   
	<TargetElites>True</TargetElites>
	
	<AvoidMobs>	
		<Mob Name="Summon Enabler Stalker" Entry="53488" />
	</AvoidMobs>
	
	<Blackspots>
		<Blackspot X="202.4744" Y="-420.869" Z="110.9131" Radius="14.15664" />
		<Blackspot X="-10441.78" Y="-258.6545" Z="47.09528" Radius="163.9329" />
	</Blackspots>

	<Mailboxes>
	</Mailboxes>
 
	<Vendors>
	</Vendors>
	
	<ProtectedItems>
	</ProtectedItems>

	<Factions>14, 16, 2156</Factions>
	
	<QuestOrder>
		<ClearVendor />
		<ClearMailbox />

		
		<!-- *******************************************************  Booster ************************************************************** -->
		<If Condition="Me.Level &gt;= 90">
			<CustomBehavior File="Message" 
							Text="We are a booster." 
							LogColor="Fuchsia" />
		
		 	<!-- Booster UserSettings -->
			<CustomBehavior File="UserSettings"
							AdvancedSettingsMode="True"
							GroundMountFarmingMode="False"
							HarvestHerbs="False"
							HarvestMinerals="False"
							KillBetweenHotspots="True"
							LogoutForInactivity="False"
							LogoutInactivityUseForceQuit="False"
							LootMobs="True"
							LootRadius="15"
							MountName=""
							NinjaSkin="False"
							ProfileDebuggingMode="False"
							PullDistance="25"
							RessAtSpiritHealers="False"
							SkinMobs="False"
							UseMount="True" 
							UseRandomMount="False" />
							
			<!-- Infinite loop -->
			<While Condition="true" >
				<!-- If we are inside Blackrock Depths -->
				<If Condition="Me.ZoneId == 1584">
					<CustomBehavior File="Message" 
									Text="Blackrock Depths detected. Running out."
									LogColor="Fuchsia" />
					
					<RunTo X="460.6402" Y="15.41037" Z="-71.11736" />
					
					<!-- Go through the portal -->
					<CustomBehavior File="Misc\InInstance" X="456.6543" Y="46.70397" Z="-69.00373" />	
					
					<!-- Make sure we run to the right spot outside the portal -->
					<RunTo X="-7178.41" Y="-922.152" Z="166.092" />	
				</If> <!-- BRD -->
				
				<!-- If we are inside Blackrock Spire -->
				<If Condition="Me.ZoneId == 1583">
					<CustomBehavior File="Message" 
									Text="Blackrock Spire detected. Running out."
									LogColor="Fuchsia" />
									
					<RunTo X="78.3534" Y="-226.841" Z="49.7662" />
					
					<!-- Go through the portal -->
					<CustomBehavior File="Misc\InInstance" X="77.31385" Y="-210.969" Z="49.81922" />
					
					<!-- Make sure we run to the right spot outside the portal -->
					<RunTo X="-7524.65" Y="-1229.13" Z="285.731" />	
				</If> <!-- BRS -->
				
				<!-- If we are not in the box, load the movement profile -->
				<If Condition="Me.X &gt; -7500 || Me.X &lt; -7550 || Me.Y &lt; -1260 || Me.Y &gt; -1200" >
					<CustomBehavior File="Message" 
									Text="Distance from portal is not within our proximity, initializing movement to get there."
									LogColor="Fuchsia" />	
									
					<CustomBehavior File="LoadProfile" 
									ProfileName="Movement\[QO-N-M][48-60]_blackrock-spire" />
				</If> <!-- Not in box -->
				
				<!-- If we are in the box -->
				<If Condition="Me.X &lt; -7500 &amp;&amp; Me.X &gt; -7550 &amp;&amp; Me.Y &gt; -1260 &amp;&amp; Me.Y &lt; -1200" >
					<CustomBehavior File="Message" 
									Text="Portal detected nearby."
									LogColor="Fuchsia" />	
						
					<!-- If we didn't enter the instance, wait 20 seconds then attempt to enter again -->
					<While Condition="Me.ZoneId != 1583">
						<!-- Make sure we run to the right spot outside the portal -->
						<RunTo X="-7524.65" Y="-1229.13" Z="285.731" />

						<!-- Run back in the Blackrock Spire portal -->
						<CustomBehavior File="Misc\InInstance" X="-7523.075" Y="-1245.195" Z="285.7318" />
										
						<CustomBehavior File="Message" 
										Text="Waiting for the dungeon to load." 
										LogColor="Fuchsia" />
									
						<CustomBehavior File="WaitTimer" 
										WaitTime="20000" 
										VariantTime="20000" />	
										
						<!-- If we still aren't in, we're locked out -->
						<If Condition="Me.ZoneId != 1583">
							<CustomBehavior File="Message" 
											Text="We are locked out. Waiting and trying again." 
											LogColor="Fuchsia" />
						</If> <!-- Locked -->
					</While> <!-- While we aren't in the instance -->
				</If> <!-- In box -->
				
				<!-- If we are inside Blackrock Spire and have checked our reset -->
				<If Condition="Me.ZoneId == 1583">
				
					<!-- Run macro to pass on loot -->
					<CustomBehavior File="RunMacro"
									Macro="/run SetOptOutOfLoot(1)" />
				
					<!-- Entrance -->
					<RunTo X="78.3534" Y="-226.841" Z="49.7662" />
				
					<!-- Run up ramp -->
					<RunTo X="79.2363" Y="-241.2068" Z="56.4171" />
					
					<!-- Begin the instance once all party members are within range  -->
					<CustomBehavior File="Misc\LoadProfileOn" 
									CheckRange="1" />
									
					<CustomBehavior File="WaitTimer"
									WaitTime="5000" />
									
					<CustomBehavior File="Message" 
									Text="Blackrock Spire initialized."  
									LogColor="Fuchsia" />
									
					<!-- Clear out first room so the RAFs have a place to go -->
					<RunTo X="80.53675" Y="-265.0163" Z="60.70387" />
					<RunTo X="88.64685" Y="-271.1319" Z="60.7155" />
					<RunTo X="88.62159" Y="-276.1613" Z="60.61493" />
					<RunTo X="77.97379" Y="-279.9821" Z="60.67984" />
					<RunTo X="71.06123" Y="-276.3508" Z="60.61001" />
					<RunTo X="78.71225" Y="-275.2115" Z="60.68736" />
					<!-- First couple packs cleared -->
					
					<!-- Tag the RAFs so they can go stand next to the quest givers -->
					<RunTo X="79.2363" Y="-241.2068" Z="56.4171" />
					
					<CustomBehavior File="WaitTimer"
									WaitTime="5000" />
					
					<!-- Bridge and under bridge -->
					<RunTo X="87.05316" Y="-300.0131" Z="59.2604" />
					<RunTo X="87.67342" Y="-319.2913" Z="55.78487" />
					<RunTo X="87.90017" Y="-336.5479" Z="58.3807" />
					<RunTo X="71.93619" Y="-338.375" Z="59.45639" />
					<RunTo X="72.21935" Y="-318.5227" Z="55.78545" />
					<RunTo X="71.99813" Y="-301.1469" Z="58.59221" />
					<RunTo X="88.20216" Y="-298.51" Z="60.14679" />
					<RunTo X="88.41754" Y="-312.6588" Z="55.78795" />
					<RunTo X="101.753" Y="-314.7081" Z="53.91626" />
					<RunTo X="107.4706" Y="-311.1614" Z="53.91849" />
					<RunTo X="103.111" Y="-308.6595" Z="53.9185" />
					<RunTo X="58.0744" Y="-310.8871" Z="53.91737" />
					<RunTo X="52.85154" Y="-312.4917" Z="53.91883" />
					<RunTo X="52.25991" Y="-308.2246" Z="53.91883" />
					<RunTo X="106.7117" Y="-324.2663" Z="53.91903" />
					<RunTo X="106.6245" Y="-328.4041" Z="53.91903" />
					<RunTo X="105.6686" Y="-330.8925" Z="53.92047" />
					<RunTo X="89.51723" Y="-353.622" Z="60.70201" />
					<RunTo X="91.23838" Y="-361.0203" Z="60.70201" />
					<RunTo X="86.22434" Y="-359.2104" Z="60.70201" />
					<RunTo X="82.48718" Y="-355.4553" Z="60.70201" />
					
					<CustomBehavior File="Message" 
									Text="Tagging RAFs." 
									LogColor="Fuchsia" />
									
					<!-- Tag RAFs at quest giver -->
					<RunTo X="71.09921" Y="-259.7567" Z="60.70417" />
					
					<CustomBehavior File="WaitTimer"
									WaitTime="5000" />
									
					<!-- Run to LBRS entrance -->
					<RunTo X="43.10189" Y="-327.0879" Z="53.81178" />
					
					<RunTo X="46.10342" Y="-275.3806" Z="65.36439" />
					<RunTo X="47.9065" Y="-257.6451" Z="65.34545" />
					<RunTo X="7.74117" Y="-272.4663" Z="65.33471" />
					<RunTo X="13.8274" Y="-254.369" Z="65.35072" />
					
					
					<!-- Up to first bridge -->
					<CustomBehavior File="RunLikeHell" 
									NumOfTimes="1" 
									AllowCombat="false">
						<Hotspot X="6.785737" Y="-332.7931" Z="48.73619" />
						<Hotspot X="30.88205" Y="-398.8111" Z="48.70375" />
						<Hotspot X="43.87632" Y="-401.8617" Z="48.75581" />
						<Hotspot X="67.09079" Y="-440.1052" Z="41.13183" />
						<Hotspot X="55.55911" Y="-461.5587" Z="24.50851" />
						<Hotspot X="48.0621" Y="-503.8424" Z="29.14342" />
						<Hotspot X="78.2462" Y="-475.6158" Z="31.96962" />
					</CustomBehavior>
					<RunTo X="78.2462" Y="-475.6158" Z="31.96962" />
					
					<!-- Bridges to ogres -->
					<CustomBehavior File="RunLikeHell" 
									NumOfTimes="1" 
									AllowCombat="false">
						<Hotspot X="62.72201" Y="-568.9827" Z="30.61457" />
						<Hotspot X="-33.76256" Y="-585.25" Z="29.19082" />
						<Hotspot X="-42.33883" Y="-585.2059" Z="29.19103" />
						<Hotspot X="-53.75356" Y="-582.5904" Z="29.19103" />
						<Hotspot X="-29.35131" Y="-562.0079" Z="29.19103" />
						<Hotspot X="-67.35764" Y="-534.5932" Z="29.19103" />
						<Hotspot X="-33.83111" Y="-498.9592" Z="29.14355" />
						<Hotspot X="-37.0444" Y="-429.0379" Z="31.7923" />
						<Hotspot X="-37.38838" Y="-386.261" Z="31.61781" />
						<Hotspot X="-31.32969" Y="-367.432" Z="31.61781" />
						<Hotspot X="-22.95529" Y="-342.6871" Z="31.61614" />
						<Hotspot X="-21.33084" Y="-303.9094" Z="31.61695" />
					</CustomBehavior>
					<RunTo X="-21.33084" Y="-303.9094" Z="31.61695" />
					
					<RunTo X="-38.37746" Y="-518.6721" Z="29.17754" />
					
					
					
					<!-- Shadow hunter Vosh'gajin pulls -->
					<RunTo X="4.826906" Y="-521.146" Z="29.39505" />
					<RunTo X="-2.242786" Y="-458.8882" Z="16.14076" />
					<RunTo X="-21.03216" Y="-478.3091" Z="16.3215" />
					<RunTo X="-54.57888" Y="-449.816" Z="16.38117" />
					<RunTo X="-55.81336" Y="-490.088" Z="16.23462" />
					<RunTo X="-100.2884" Y="-480.5848" Z="24.2499" />
					<RunTo X="-122.8987" Y="-482.2245" Z="24.52525" />
					
					<!-- Center of troll room -->
					<RunTo X="-38.46798" Y="-468.4967" Z="16.07077" />
					
					<!-- Warmaster Voone pulls -->
					<CustomBehavior File="RunLikeHell" 
									NumOfTimes="1" 
									AllowCombat="false">
						<Hotspot X="-39.51627" Y="-492.7796" Z="16.19626" />
						<Hotspot X="-39.68565" Y="-516.4286" Z="4.509301" />
						<Hotspot X="-39.09689" Y="-548.4485" Z="16.12646" />
						<Hotspot X="-39.55212" Y="-517.304" Z="4.509221" />
						<Hotspot X="-75.4589" Y="-517.4859" Z="-7.142833" />
						<Hotspot X="-60.53973" Y="-448.4316" Z="-18.64377" />
						<Hotspot X="-39.15379" Y="-454.1968" Z="-18.64425" />
						<Hotspot X="-11.67539" Y="-458.0378" Z="-18.64425" />
					</CustomBehavior>

					<!-- After warmaster voone -->
					<CustomBehavior File="RunLikeHell" 
									NumOfTimes="1" 
									AllowCombat="false">
						<Hotspot X="-59.33998" Y="-478.7688" Z="-18.77293" />
						<Hotspot X="-32.98692" Y="-476.8205" Z="-18.77341" />
						<Hotspot X="-39.30668" Y="-506.9351" Z="-18.81108" />
						<Hotspot X="-37.10822" Y="-524.4996" Z="-18.81108" />
						<Hotspot X="-74.97324" Y="-577.8211" Z="-18.85444" />
						<Hotspot X="-18.15411" Y="-558.9735" Z="-18.77783" />
						<Hotspot X="18.20875" Y="-579.6999" Z="-18.60163" />
						<Hotspot X="12.74847" Y="-557.2383" Z="-18.60163" />
					</CustomBehavior>
					
					<!-- Past rocks -->
					<RunTo X="14.494" Y="-510.1358" Z="-18.46428" />

					<!-- Kill mother smolderweb -->
					<CustomBehavior File="RunLikeHell" 
									NumOfTimes="1" 
									AllowCombat="false">
						<Hotspot X="27.09749" Y="-471.9694" Z="-18.48756" />
						<Hotspot X="17.81778" Y="-447.4643" Z="-18.93501" />
						<Hotspot X="-9.18102" Y="-427.1172" Z="-18.93491" />
						<Hotspot X="-15.90474" Y="-407.3475" Z="-18.93491" />
						<Hotspot X="-27.13763" Y="-409.1889" Z="-18.93491" />
						<Hotspot X="-37.72404" Y="-424.895" Z="-18.93491" />
						<Hotspot X="-44.66109" Y="-422.738" Z="-18.93491" />
						<Hotspot X="-55.53029" Y="-407.3189" Z="-18.93491" />
						<Hotspot X="-63.73119" Y="-414.5053" Z="-18.93491" />
						<Hotspot X="-94.2545" Y="-423.0508" Z="-18.93491" />
						<Hotspot X="-97.8184" Y="-436.4913" Z="-18.93491" />
						<Hotspot X="-83.62624" Y="-454.3593" Z="-18.93491" />
						<Hotspot X="-114.504" Y="-487.3339" Z="-18.45546" />
						<Hotspot X="-156.0876" Y="-497.0617" Z="-18.45637" />
						<Hotspot X="-141.6664" Y="-508.2347" Z="-18.45639" />
						<Hotspot X="-109.5335" Y="-552.0048" Z="3.588308" />
						
						<Hotspot X="-127.4451" Y="-561.868" Z="11.36539" />
						
						<Hotspot X="-144.4499" Y="-541.6886" Z="7.430134" />
						<Hotspot X="-126.7038" Y="-538.1816" Z="11.36533" />
						<Hotspot X="-127.3636" Y="-495.7649" Z="11.35808" />
						<Hotspot X="-141.9698" Y="-477.4669" Z="13.11103" />
						<Hotspot X="-130.7251" Y="-429.8176" Z="24.74098" />
						<Hotspot X="-38.43861" Y="-383.6118" Z="48.79411" />
						<Hotspot X="-45.10714" Y="-364.8809" Z="52.01878" />
						<Hotspot X="-19.56293" Y="-368.0555" Z="49.55769" />
						<Hotspot X="-20.7786" Y="-384.8443" Z="48.76096" />
						<Hotspot X="-28.95749" Y="-394.5804" Z="48.75883" />
						<Hotspot X="-32.00538" Y="-378.2055" Z="48.84111" />
						<Hotspot X="-60.52343" Y="-370.409" Z="53.03265" />
						
						<Hotspot X="-71.12766" Y="-346.4335" Z="54.7762" />
						<Hotspot X="-108.6484" Y="-361.0995" Z="56.57009" />
						<Hotspot X="-58.8886" Y="-364.8087" Z="53.27854" />
					</CustomBehavior>
					<RunTo X="-58.8886" Y="-364.8087" Z="53.27854" />
					
					<!-- Entrance to wolves area -->
					<RunTo X="-127.1514" Y="-369.1128" Z="57.40687" />
		
					<!-- Go up the ramp and to outside Wyrmthalak -->
					<RunTo X="-167.0678" Y="-369.4135" Z="64.4008" />
					<RunTo X="-167.5157" Y="-343.6052" Z="64.4008" />
					<RunTo X="-119.6294" Y="-350.2036" Z="70.95242" />
					<RunTo X="-143.9056" Y="-301.2344" Z="70.95248" />
					<RunTo X="-117.5981" Y="-292.5402" Z="70.95245" />
					<RunTo X="-93.87534" Y="-346.5495" Z="70.95251" />
					<RunTo X="-85.39255" Y="-343.8069" Z="70.95251" />
					<RunTo X="-48.82527" Y="-302.7252" Z="70.94181" />
					<RunTo X="-48.50361" Y="-326.985" Z="70.95253" />
					<RunTo X="-56.62594" Y="-334.8864" Z="70.94093" />
					
					<!-- Kill wyrmthalak -->
					<RunTo X="-53.17134" Y="-444.4209" Z="78.28543" />
					<RunTo X="-51.08487" Y="-476.6756" Z="77.91492" />
					<RunTo X="-60.64771" Y="-483.5006" Z="77.91492" />
					<RunTo X="-77.30691" Y="-520.1518" Z="81.92048" />
					<RunTo X="-24.31355" Y="-486.2422" Z="90.63591" />
					
					<!-- Proceed to jump down -->
					<RunTo X="-47.92805" Y="-393.5023" Z="77.76822" />
					
					<CustomBehavior File="MyCTM" X="-27.06235" Y="-392.3303" Z="48.65879" />
					
					<RunTo X="-37.14684" Y="-400.2258" Z="49.08143" />
					
					<CustomBehavior File="MyCTM" X="-37.46688" Y="-419.9484" Z="31.57434" />
					
					<!-- ***** LBRS END ***** -->
									
					<CustomBehavior File="Message" 
									Text="Tagging RAFs." 
									LogColor="Fuchsia" />
									
					<!-- Tag rafs -->
					<RunTo X="78.36108" Y="-349.1294" Z="60.7021" />
					
					<CustomBehavior File="WaitTimer" 
									WaitTime="5000" />
					
					<!-- If we are high enough to go to the next instance, do so -->
					<CustomBehavior File="Misc\LoadProfileOn" 
									MinLevel="60" 
									ProfileName="[QO-N][60-63]_blood-furnace.xml"  />
					<!-- Run out -->
				</If> <!-- BRS -->
				
				<!-- If we are inside Blackrock Spire -->
				<If Condition="Me.ZoneId == 1583">
					<CustomBehavior File="Message" 
									Text="Blackrock Spire detected. Running out to reset."
									LogColor="Fuchsia" />
					<RunTo X="78.3534" Y="-226.841" Z="49.7662" />
					
					<!-- Go through the portal -->
					<CustomBehavior File="Misc\InInstance" X="77.31385" Y="-210.969" Z="49.81922" />
					
					<!-- Make sure we run to the right spot outside the portal -->
					<RunTo X="-7524.65" Y="-1229.13" Z="285.731" />	
				</If> <!-- BRS -->
				
				<!-- If we are in the box -->
				<If Condition="Me.X &lt; -7500 &amp;&amp; Me.X &gt; -7550 &amp;&amp; Me.Y &gt; -1260 &amp;&amp; Me.Y &lt; -1200" >
					<!-- First reset isn't enough to get a fresh instance if toons are still inside -->
					<CustomBehavior File="Message" 
									Text="Resetting instance, 1 of 2." 
									LogColor="Fuchsia" />
					
					<CustomBehavior File="RunMacro" Macro="/script ResetInstances()" />
					<CustomBehavior File="RunMacro" Macro="/script SetDungeonDifficultyID(1)" />
					
					<!-- Allow for an Honorbuddy pulse -->
					<CustomBehavior File="WaitTimer" 
									WaitTime="200" />
					
					<!-- The second reset confirms we are safe to enter the instance -->
					<CustomBehavior File="Message" 
									Text="Resetting instance, 2 of 2." 
									LogColor="Fuchsia" />
					<CustomBehavior File="RunMacro" Macro="/script ResetInstances()" />
					<CustomBehavior File="RunMacro" Macro="/script SetDungeonDifficultyID(1)" />
					
					<CustomBehavior File="Message" 
									Text="Instance reset." 
									LogColor="Fuchsia" />
				</If> <!-- In box -->
			</While> <!-- Infinite loop -->
		</If> <!-- Booster -->
		
				
		<!-- *******************************************************  RAF Toons ************************************************************** -->
		<If Condition="Me.Level &lt;= 85">
			<CustomBehavior File="Message" 
							Text="We are a RAF." 
							LogColor="Fuchsia" />
							
			<If Condition="Me.IsAlliance">
				<If Condition="Me.HearthstoneAreaId != 5148">
					<CustomBehavior File="Message" 
									Text="Our Hearthstone isn't set in the Trade District in Stormwind. Stopping profile." 
									LogColor="Fuchsia" />
									
					<CustomBehavior File="UserSettings" 
										StopBot="true" />
				</If>
				
				<ElseIf Condition="Me.IsHorde">
					<If Condition="Me.HearthstoneAreaId != 5170">
						<CustomBehavior File="Message" 
										Text="Our Hearthstone isn't set in the Valley of Strength in Orgrimmar. Stopping profile." 
										LogColor="Fuchsia" />
										
						<CustomBehavior File="UserSettings" 
										StopBot="true" />
					</If>
				</ElseIf>
			</If>

			<!-- RAF User Settings -->
			<CustomBehavior File="UserSettings"
							AdvancedSettingsMode="True"
							GroundMountFarmingMode="False"
							HarvestHerbs="False"
							HarvestMinerals="False"
							KillBetweenHotspots="False"
							LogoutForInactivity="False"
							LogoutInactivityUseForceQuit="False"
							LootMobs="False"
							LootRadius="1"
							MountName=""
							NinjaSkin="False"
							ProfileDebuggingMode="False"
							PullDistance="1"
							RessAtSpiritHealers="False"
							SkinMobs="False"
							UseMount="True" 
							UseRandomMount="False" />
		
			<!-- Infinite loop -->
			<While Condition="true" >	
				<!-- If we are inside Blackrock Depths -->
				<If Condition="Me.ZoneId == 1584">
					<CustomBehavior File="Message" 
									Text="Blackrock Depths detected. Running out."
									LogColor="Fuchsia" />
					
					<RunTo X="460.6402" Y="15.41037" Z="-71.11736" />
					
					<!-- Go through the portal -->
					<CustomBehavior File="Misc\InInstance" X="456.6543" Y="46.70397" Z="-69.00373" />	
					
					<!-- Make sure we run to the right spot outside the portal -->
					<RunTo X="-7178.41" Y="-922.152" Z="166.092" />	
				</If> <!-- BRD -->
				
				<!-- If we are inside Blackrock Spire -->
				<If Condition="Me.ZoneId == 1583">
					<CustomBehavior File="Message" 
									Text="Blackrock Spire detected. Running out."
									LogColor="Fuchsia" />
					
					<RunTo X="78.3534" Y="-226.841" Z="49.7662" />
					
					<!-- Go through the portal -->
					<CustomBehavior File="Misc\InInstance" X="77.31385" Y="-210.969" Z="49.81922" />

					<!-- Make sure we run to the right spot outside the portal -->
					<RunTo X="-7524.65" Y="-1229.13" Z="285.731" />	
				</If> <!-- BRS -->
				
				<!-- If we are not in the box, load the movement profile -->
				<If Condition="Me.X &gt; -7500 || Me.X &lt; -7550 || Me.Y &lt; -1260 || Me.Y &gt; -1200" >
					<CustomBehavior File="Message" 
									Text="Distance from portal is not within our proximity, initializing movement to get there."
									LogColor="Fuchsia" />	
									
					<CustomBehavior File="LoadProfile" 
									ProfileName="Movement\[QO-N-M][48-60]_blackrock-spire" />
				</If> <!-- Not in box -->
				
				<!-- If we are in the box -->
				<If Condition="Me.X &lt; -7500 &amp;&amp; Me.X &gt; -7550 &amp;&amp; Me.Y &gt; -1260 &amp;&amp; Me.Y &lt; -1200" >
					<CustomBehavior File="Message" 
									Text="Portal detected nearby."
									LogColor="Fuchsia" />	
						
					<!-- If we didn't enter the instance, wait 20 seconds then attempt to enter again -->
					<While Condition="Me.ZoneId != 1583">
						<!-- Make sure we run to the right spot outside the portal -->
						<RunTo X="-7524.65" Y="-1229.13" Z="285.731" />

						<!-- Run back in the Blackrock Spire portal -->
						<CustomBehavior File="Misc\InInstance" X="-7523.075" Y="-1245.195" Z="285.7318" />
										
						<CustomBehavior File="Message" 
										Text="Waiting for the dungeon to load." 
										LogColor="Fuchsia" />
									
						<CustomBehavior File="WaitTimer" 
										WaitTime="20000" 
										VariantTime="20000" />	
										
						<!-- If we still aren't in, we're locked out -->
						<If Condition="Me.ZoneId != 1583">
							<CustomBehavior File="Message" 
											Text="We are locked out. Waiting and trying again." 
											LogColor="Fuchsia" />
						</If> <!-- Locked -->
					</While> <!-- While we aren't in the instance -->
				</If> <!-- In box -->
				
				<!-- If we are inside Blackrock Spire and have checked our reset -->
				<If Condition="Me.ZoneId == 1583">
					<CustomBehavior File="Message" 
									Text="Avoiding instance lock from this point, do not touch." 
									LogColor="Yellow" />	
				
					<!-- Entrance -->
					<RunTo X="78.3534" Y="-226.841" Z="49.7662" />
				
					<!-- Disable combat -->
					<DisableBehavior Name="Combat" />
					
					<!-- Run up ramp -->
					<RunTo X="79.2363" Y="-241.2068" Z="56.4171" />
					
					<!-- Begin the instance once all party members are within range  -->
					<CustomBehavior File="Misc\LoadProfileOn" 
									CheckRange="5" />
									
					<CustomBehavior File="Misc\InstanceTimer" Timer="Start" /> 
					
					<CustomBehavior File="Message" 
									Text="Blackrock Spire initialized."  
									LogColor="Fuchsia" />
									
					<CustomBehavior File="WaitTimer"
									WaitTime="20000" />
									
					<CustomBehavior File="Misc\LoadProfileOn" 
									CheckRange="5" />
									
					<CustomBehavior File="WaitTimer" 
									WaitTime="20000" />
									
					<!-- quest giver -->
					<RunTo X="80.11361" Y="-257.3969" Z="60.70204" />
					<RunTo X="71.09921" Y="-259.7567" Z="60.70417" />
							
					<CustomBehavior File="Misc\LoadProfileOn" 
									CheckRange="5" />
									
					<CustomBehavior File="WaitTimer" 
									WaitTime="20000" />		

					<!-- End of hall -->
					<RunTo X="78.36108" Y="-349.1294" Z="60.7021" />
									
					<CustomBehavior File="Misc\LoadProfileOn" 
									CheckRange="5" />			
									
					<!-- If we are high enough to go to the next instance, do so -->
					<CustomBehavior File="Misc\LoadProfileOn" 
									MinLevel="60" 
									ProfileName="[QO-N][60-63]_blood-furnace.xml"  />
								
					<!-- Wait so the main can get away from us -->
					<CustomBehavior File="WaitTimer" 
									WaitTime="30000" />
									
					<CustomBehavior File="Misc\InstanceTimer" Timer="Check" />  
				</If> <!-- BRS -->
				
				<!-- If we are inside Blackrock Spire -->
				<If Condition="Me.ZoneId == 1583">
					<CustomBehavior File="Message" 
									Text="Blackrock Spire detected. Running out."
									LogColor="Fuchsia" />
					
					<RunTo X="78.3534" Y="-226.841" Z="49.7662" />
					
					<!-- enableable combat -->
					<EnableBehavior Name="Combat" />
					
					<!-- Go through the portal -->
					<CustomBehavior File="Misc\InInstance" X="77.31385" Y="-210.969" Z="49.81922" />
					
					<!-- Make sure we run to the right spot outside the portal -->
					<RunTo X="-7524.65" Y="-1229.13" Z="285.731" />	
				</If> <!-- BRS -->
			</While> <!-- Infinite loop -->
		</If> <!-- RAF -->
	</QuestOrder>
</HBProfile>

