﻿<HBProfile creator="Botanist and Wigglez" version="1.0">
	<Name>[QO-N][63-68]_sethekk-halls</Name>
   
	<MinLevel>1</MinLevel>
	<MaxLevel>101</MaxLevel>
   
	<MinDurability>-1</MinDurability>
	<MinFreeBagSlots>-1</MinFreeBagSlots>
	
	<MailGrey>False</MailGrey>
	<MailWhite>False</MailWhite>
	<MailGreen>False</MailGreen>
	<MailBlue>False</MailBlue>
	<MailPurple>False</MailPurple>
   
	<SellGrey>False</SellGrey>
	<SellWhite>False</SellWhite>
	<SellGreen>False</SellGreen>
	<SellBlue>False</SellBlue>
	<SellPurple>False</SellPurple>
   
	<TargetElites>True</TargetElites>
	
	<AvoidMobs>
		<Mob Name="Summon Enabler Stalker" Entry="53488" />
	</AvoidMobs>
	
	<Blackspots>
		<Blackspot X="64.52451" Y="80.84284" Z="0.4361966" Radius="1" />
	</Blackspots>

	<Mailboxes>
	</Mailboxes>
 
	<Vendors>
	</Vendors>

	<Factions></Factions>
	
	<ProtectedItems>
		
	</ProtectedItems>
	
	<QuestOrder>
		<ClearVendor />
		<ClearMailbox />
		
		<!-- *******************************************************  Booster ************************************************************** -->
		<If Condition="Me.Level &gt;= 90">
			<CustomBehavior File="Message" 
							Text="We are a booster." 
							LogColor="Fuchsia" />
		
		 	<!-- Booster UserSettings -->
			<CustomBehavior File="UserSettings"
							AdvancedSettingsMode="True"
							GroundMountFarmingMode="False"
							HarvestHerbs="False"
							HarvestMinerals="False"
							KillBetweenHotspots="True"
							LogoutForInactivity="False"
							LogoutInactivityUseForceQuit="False"
							LootMobs="True"
							LootRadius="15"
							MountName=""
							NinjaSkin="False"
							ProfileDebuggingMode="False"
							PullDistance="25"
							RessAtSpiritHealers="False"
							SkinMobs="False"
							UseMount="True" 
							UseRandomMount="False" />
						
			<!-- Infinite loop -->
			<While Condition="true" >	
				<!-- Sethekk Halls -->
				<If Condition="Me.ZoneId == 3791">
					<CustomBehavior File="Message" 
									Text="Sethekk Halls detected. Running out."
									LogColor="Fuchsia" />
				
					<!-- Floors -->
					<If Condition="Me.Z &gt; 10 " >
						<!-- Make our way to the exit from the top floor -->
						<RunTo X="44.45738" Y="286.3805" Z="25.0132" />
						
						<RunTo X="44.72137" Y="142.0625" Z="0.02178714" />
						
						<RunTo X="47.88029" Y="97.99895" Z="0.1508283" />
						<RunTo X="43.62694" Y="62.81333" Z="0.008441973" />
						<RunTo X="43.03834" Y="7.287698" Z="0.007048465" />
						<RunTo X="31.01099" Y="1.044048" Z="0.005493299" />
						<RunTo X="2.63209" Y="-0.209401" Z="0.005755" />
						
						<!-- Go through the portal -->
						<CustomBehavior File="Misc\InInstance" X="-20.722509" Y="0.3174916" Z="0.005990623" />
						
						<!-- Make sure we run to the right spot outside the portal -->
						<RunTo X="-3362.1" Y="4668.9" Z="-101.048" />
						
						<Else>
							<RunTo X="2.63209" Y="-0.209401" Z="0.005755" />

							<!-- Go through the portal -->
							<CustomBehavior File="Misc\InInstance" X="-20.722509" Y="0.3174916" Z="0.005990623" />
							
							<!-- Make sure we run to the right spot outside the potral -->
							<RunTo X="-3362.1" Y="4668.9" Z="-101.048" />
						</Else>
					</If> <!-- Floors -->
				</If> <!-- SH -->
				
				<!-- If we are not in the box, load the movement profile -->
				<If Condition="Me.X &lt; -3400 || Me.X &gt; -3300 || Me.Y &lt; 4600 || Me.Y &gt; 4700" >
					<CustomBehavior File="Message" 
									Text="Distance from portal is not within our proximity, initializing movement to get there."
									LogColor="Fuchsia" />	
									
					<CustomBehavior File="LoadProfile" 
									ProfileName="Movement\[QO-N-M][63-68]_sethekk-halls" />
				</If> <!-- Not in box -->
				
				<!-- If we are in the box -->
				<If Condition="Me.X &gt; -3400 &amp;&amp; Me.X &lt; -3300 &amp;&amp; Me.Y &gt; 4600 &amp;&amp; Me.Y &lt; 4700" >
					<CustomBehavior File="Message" 
									Text="Portal detected nearby."
									LogColor="Fuchsia" />	
						
					<!-- If we didn't enter the instance, wait 20 seconds then attempt to enter again -->
					<While Condition="Me.ZoneId != 3791">
						<!-- Make sure we run to the right spot outside the portal -->
						<RunTo X="-3362.1" Y="4668.9" Z="-101.048" />

						<!-- Run back in the portal -->
						<CustomBehavior File="Misc\InInstance" X="-3361.98" Y="4640.243" Z="-101.048" /> 
										
						<CustomBehavior File="Message" 
										Text="Waiting for the dungeon to load." 
										LogColor="Fuchsia" />
									
						<CustomBehavior File="WaitTimer" 
										WaitTime="20000"
										VariantTime="20000" />
										
						<!-- If we still aren't in, we're locked out -->
						<If Condition="Me.ZoneId != 3791">
							<CustomBehavior File="Message" 
											Text="We are locked out. Waiting and trying again." 
											LogColor="Fuchsia" />
						</If> <!-- Locked -->
					</While> <!-- While we aren't in the instance -->
				</If> <!-- In box -->
				
				<!-- If we are inside Sethekk Halls and have checked our reset -->
				<If Condition="Me.ZoneId == 3791">
					
					<!-- Run macro to pass on loot -->
					<CustomBehavior File="RunMacro"
									Macro="/run SetOptOutOfLoot(1)" />
									
					<!-- Entrance -->
					<RunTo X="2.63209" Y="-0.209401" Z="0.005755" />
				
					<!-- Run to corner -->
					<RunTo X="-2.395998" Y="9.060452" Z="0.006508276" />
				
					<!-- Begin the instance once all party members are within range  -->
					<CustomBehavior File="Misc\LoadProfileOn" 
									CheckRange="1" />
									
					<CustomBehavior File="WaitTimer"
									WaitTime="5000" />
									
					<CustomBehavior File="Message" 
									Text="Sethekk Halls initialized."  
									LogColor="Fuchsia" />
				
					<!-- Clears entrance and first room -->
					<RunTo X="29.68629" Y="5.346887" Z="0.005498245" />
					<RunTo X="30.36628" Y="-5.023761" Z="0.006427974" />
					<RunTo X="39.59311" Y="2.255396" Z="0.005755" />
					<RunTo X="47.33749" Y="7.422341" Z="0.005989024" />
					<RunTo X="47.955" Y="31.80446" Z="0.006016374" />
					<RunTo X="38.91948" Y="30.72931" Z="0.006016374" />
					<RunTo X="38.02793" Y="2.581135" Z="0.008191442" />
					<RunTo X="46.99625" Y="7.737821" Z="0.006434476" />
					<RunTo X="47.01676" Y="51.918" Z="0.006434476" />
					<RunTo X="43.39296" Y="62.24089" Z="0.006434476" />
					<RunTo X="56.06865" Y="82.93526" Z="0.1171747" />
					<RunTo X="70.89008" Y="92.80547" Z="0.0530788" />
					<RunTo X="90.12468" Y="100.3152" Z="0.007209702" />
					<RunTo X="78.26614" Y="115.4181" Z="0.3604873" />
					<RunTo X="66.1937" Y="125.2712" Z="0.08692777" />
					<RunTo X="46.0702" Y="129.0335" Z="0.1434758" />
					<RunTo X="41.56185" Y="107.1399" Z="0.1508283" />
					<RunTo X="23.40565" Y="78.11864" Z="0.08017728" />
					<RunTo X="16.92011" Y="102.4351" Z="0.4223823" />
					<RunTo X="-0.627636" Y="100.211" Z="0.007205117" />
					
					<!-- Center of the first hallway -->
					<RunTo X="-17.38082" Y="100.6026" Z="0.007194391" />
					
					<!-- Clear to first boss -->
					<RunTo X="-45.85576" Y="100.8749" Z="0.007197492" />
					<RunTo X="-58.02112" Y="111.6341" Z="0.007197492" />
					<RunTo X="-72.66986" Y="88.52103" Z="0.007217744" />
					<RunTo X="-88.35237" Y="106.0285" Z="0.007217744" />
					<RunTo X="-73.0862" Y="132.5663" Z="0.00580619" />
					<RunTo X="-67.0964" Y="174.2848" Z="0.008493776" />
					<RunTo X="-103.1335" Y="177.231" Z="0.009348463" />
					<RunTo X="-111.2075" Y="173.6179" Z="0.009348463" />
					<RunTo X="-143.9473" Y="173.6023" Z="1.685322" />
					
					<!-- clear last room on the ground floor and stair-door guards of the second floor -->
					<RunTo X="-204.9517" Y="176.3423" Z="0.01093201" />
					<RunTo X="-243.9381" Y="159.8705" Z="0.06504456" />
					<RunTo X="-230.2003" Y="190.4187" Z="3.944963" />
					<RunTo X="-263.4235" Y="187.0892" Z="0.03411928" />
					<RunTo X="-271.8045" Y="171.5383" Z="0.05078629" />
					<RunTo X="-271.4767" Y="142.2779" Z="13.56483" />
					<RunTo X="-210.7714" Y="142.4178" Z="26.75119" />
					<RunTo X="-214.4941" Y="203.6616" Z="26.72287" />
					<RunTo X="-242.3174" Y="211.0034" Z="26.75901" />
					
					<!-- Clear top door to last boss guards -->
					<CustomBehavior File="RunLikeHell" 
									UseCTM="false" 
									NumOfTimes="1" 
									AllowCombat="false">
						<Hotspot X="-242.5275" Y="228.7115" Z="26.7231" />
						<Hotspot X="-243.2647" Y="284.1381" Z="27.49084" />
						<Hotspot X="-235.8431" Y="334.1547" Z="27.31513" />
						<Hotspot X="-201.8283" Y="338.0493" Z="26.63621" />
						<Hotspot X="-207.187" Y="312.0368" Z="31.70341" />
						<Hotspot X="-205.6251" Y="314.0121" Z="30.29447" />
						<Hotspot X="-184.4474" Y="343.7325" Z="27.98125" />
						<Hotspot X="-182.8104" Y="279.7446" Z="26.60574" />
						<Hotspot X="-141.845" Y="290.2998" Z="26.73262" />
						<Hotspot X="-129.0573" Y="287.5922" Z="26.73122" />
						<Hotspot X="-95.22292" Y="304.7847" Z="26.4843" />
						<Hotspot X="-61.07859" Y="308.918" Z="26.83824" />
						<Hotspot X="-45.60033" Y="284.2642" Z="26.7746" />
						<Hotspot X="-0.1354589" Y="291.7284" Z="26.68957" />
						<Hotspot X="-0.09103165" Y="284.6599" Z="26.68957" />
						<Hotspot X="-41.70713" Y="286.3986" Z="26.73074" />
						<Hotspot X="-77.20947" Y="287.3869" Z="26.4832" />
						<Hotspot X="-89.19993" Y="267.9048" Z="26.82262" />
						<Hotspot X="-119.8436" Y="271.4776" Z="27.3058" />
						<Hotspot X="-85.27658" Y="297.7351" Z="26.48322" />
					</CustomBehavior>
					<RunTo X="-85.27658" Y="297.7351" Z="26.48322" />
					
					<!-- Run to last bosses room -->
					<RunTo X="-21.41718" Y="286.436" Z="26.72997" />
									
					<!-- Forces kill of Talon King Ikiss 
					<RunTo X="44.48698" Y="286.1454" Z="25.0139" />
					<CustomBehavior File="WaitTimer" 
									WaitTime="5000" /> -->
					
					<CustomBehavior File="GetOutOfGroundEffectAndAuras" 
									EventCompleteWhen="SpecificMobsDead" EventCompleteDeadMobId="18473"
									EventX="44.56851" EventY="286.1446" EventZ="25.01321"
									MoveOutOfGroundEffectAuraId1="111111"
									MoveAwayFromMobCastingSpellId1="111111"
									MoveAwayFromMobWithAuraId1="111111" >
						<Safespots>
							<Hotspot X="44.56851" Y="286.1446" Z="25.01321" />
						</Safespots>
					</CustomBehavior>
					
					<!-- If we are high enough to go to the next instance, do so -->
					<CustomBehavior File="Misc\LoadProfileOn" 
									MinLevel="68" 
									ProfileName="[QO-N][68-71]_utgarde-keep.xml"  />
									
					<!-- run to the boss exit door -->
					<RunTo X="44.61202" Y="139.9013" Z="0.01621437" />
				</If> <!-- SH -->
				
				<!-- Sethekk Halls -->
				<If Condition="Me.ZoneId == 3791">
					<CustomBehavior File="Message" 
									Text="Sethekk Halls detected. Running out to reset."
									LogColor="Fuchsia" />
				
					<!-- Floors -->
					<If Condition="Me.Z &gt; 10 " >
						<!-- Make our way to the exit from the top floor -->
						<RunTo X="44.45738" Y="286.3805" Z="25.0132" />
						
						<RunTo X="44.72137" Y="142.0625" Z="0.02178714" />
						
						<RunTo X="47.88029" Y="97.99895" Z="0.1508283" />
						<RunTo X="43.62694" Y="62.81333" Z="0.008441973" />
						<RunTo X="43.03834" Y="7.287698" Z="0.007048465" />
						<RunTo X="31.01099" Y="1.044048" Z="0.005493299" />
						<RunTo X="2.63209" Y="-0.209401" Z="0.005755" />
						
						<!-- Go through the portal -->
						<CustomBehavior File="Misc\InInstance" X="-20.722509" Y="0.3174916" Z="0.005990623" />
						
						<!-- Make sure we run to the right spot outside the portal -->
						<RunTo X="-3362.1" Y="4668.9" Z="-101.048" />
						
						<Else>
							<!-- Make our way to the exit from the ground floor -->
							<RunTo X="31.01099" Y="1.044048" Z="0.005493299" />
							<RunTo X="2.63209" Y="-0.209401" Z="0.005755" />
							
							<!-- Go through the portal -->
							<CustomBehavior File="Misc\InInstance" X="-20.722509" Y="0.3174916" Z="0.005990623" />
							
							<!-- Make sure we run to the right spot outside the potral -->
							<RunTo X="-3362.1" Y="4668.9" Z="-101.048" />
						</Else>
					</If> <!-- Floors -->
				</If> <!-- SH -->
				
				<!-- If we are in the box -->
				<If Condition="Me.X &gt; -3400 &amp;&amp; Me.X &lt; -3300 &amp;&amp; Me.Y &gt; 4600 &amp;&amp; Me.Y &lt; 4700" >
					<!-- First reset isn't enough to get a fresh instance if toons are still inside -->
					<CustomBehavior File="Message" 
									Text="Resetting instance, 1 of 2." 
									LogColor="Fuchsia" />
					
					<CustomBehavior File="RunMacro" Macro="/script ResetInstances()" />
					<CustomBehavior File="RunMacro" Macro="/script SetDungeonDifficultyID(1)" />
					
					<!-- Allow for an Honorbuddy pulse -->
					<CustomBehavior File="WaitTimer" 
									WaitTime="200" />
					
					<!-- The second reset confirms we are safe to enter the instance -->
					<CustomBehavior File="Message" 
									Text="Resetting instance, 2 of 2." 
									LogColor="Fuchsia" />
					<CustomBehavior File="RunMacro" Macro="/script ResetInstances()" />
					<CustomBehavior File="RunMacro" Macro="/script SetDungeonDifficultyID(1)" />
					
					<CustomBehavior File="Message" 
									Text="Instance reset." 
									LogColor="Fuchsia" />
				</If> <!-- In box -->
			</While> <!-- Infinite loop -->
		</If> <!-- Booster -->		
         
		
		<!-- *******************************************************  RAF Toons ************************************************************** -->
		<If Condition="Me.Level &lt;= 85">
			<CustomBehavior File="Message" 
							Text="We are a RAF." 
							LogColor="Fuchsia" />
							
			<If Condition="Me.IsAlliance">
				<If Condition="Me.HearthstoneAreaId != 5148">
					<CustomBehavior File="Message" 
									Text="Our Hearthstone isn't set in the Trade District in Stormwind. Stopping profile." 
									LogColor="Fuchsia" />
									
					<CustomBehavior File="UserSettings" 
										StopBot="true" />
				</If>
				
				<ElseIf Condition="Me.IsHorde">
					<If Condition="Me.HearthstoneAreaId != 5170">
						<CustomBehavior File="Message" 
										Text="Our Hearthstone isn't set in the Valley of Strength in Orgrimmar. Stopping profile." 
										LogColor="Fuchsia" />
										
						<CustomBehavior File="UserSettings" 
										StopBot="true" />
					</If>
				</ElseIf>
			</If>

			<!-- RAF User Settings -->
			<CustomBehavior File="UserSettings"
							AdvancedSettingsMode="True"
							GroundMountFarmingMode="False"
							HarvestHerbs="False"
							HarvestMinerals="False"
							KillBetweenHotspots="False"
							LogoutForInactivity="False"
							LogoutInactivityUseForceQuit="False"
							LootMobs="False"
							LootRadius="1"
							MountName=""
							NinjaSkin="False"
							ProfileDebuggingMode="False"
							PullDistance="1"
							RessAtSpiritHealers="False"
							SkinMobs="False"
							UseMount="True" 
							UseRandomMount="False" />
		
			<!-- Infinite loop -->
			<While Condition="true" >	
				<!-- Sethekk Halls -->
				<If Condition="Me.ZoneId == 3791">
					<CustomBehavior File="Message" 
									Text="Sethekk Halls detected. Running out."
									LogColor="Fuchsia" />
				
					<!-- Floors -->
					<If Condition="Me.Z &gt; 10 " >
						<!-- Make our way to the exit from the top floor -->
						<RunTo X="44.45738" Y="286.3805" Z="25.0132" />
						
						<RunTo X="44.72137" Y="142.0625" Z="0.02178714" />
						
						<RunTo X="47.88029" Y="97.99895" Z="0.1508283" />
						<RunTo X="43.62694" Y="62.81333" Z="0.008441973" />
						<RunTo X="43.03834" Y="7.287698" Z="0.007048465" />
						<RunTo X="31.01099" Y="1.044048" Z="0.005493299" />
						<RunTo X="2.63209" Y="-0.209401" Z="0.005755" />
						
						<!-- Go through the portal -->
						<CustomBehavior File="Misc\InInstance" X="-20.722509" Y="0.3174916" Z="0.005990623" />
						
						<!-- Make sure we run to the right spot outside the portal -->
						<RunTo X="-3362.1" Y="4668.9" Z="-101.048" />
						
						<Else>
							<RunTo X="2.63209" Y="-0.209401" Z="0.005755" />

							<!-- Go through the portal -->
							<CustomBehavior File="Misc\InInstance" X="-20.722509" Y="0.3174916" Z="0.005990623" />
							
							<!-- Make sure we run to the right spot outside the potral -->
							<RunTo X="-3362.1" Y="4668.9" Z="-101.048" />
						</Else>
					</If> <!-- Floors -->
				</If> <!-- SH -->
				
				<!-- If we are not in the box, load the movement profile -->
				<If Condition="Me.X &lt; -3400 || Me.X &gt; -3300 || Me.Y &lt; 4600 || Me.Y &gt; 4700" >
					<CustomBehavior File="Message" 
									Text="Distance from portal is not within our proximity, initializing movement to get there."
									LogColor="Fuchsia" />	
									
					<CustomBehavior File="LoadProfile" 
									ProfileName="Movement\[QO-N-M][63-68]_sethekk-halls" />
				</If> <!-- Not in box -->
				
				<!-- If we are in the box -->
				<If Condition="Me.X &gt; -3400 &amp;&amp; Me.X &lt; -3300 &amp;&amp; Me.Y &gt; 4600 &amp;&amp; Me.Y &lt; 4700" >
					<CustomBehavior File="Message" 
									Text="Portal detected nearby."
									LogColor="Fuchsia" />	
						
					<!-- If we didn't enter the instance, wait 20 seconds then attempt to enter again -->
					<While Condition="Me.ZoneId != 3791">
						<!-- Make sure we run to the right spot outside the portal -->
						<RunTo X="-3362.1" Y="4668.9" Z="-101.048" />

						<!-- Run back in the portal -->
						<CustomBehavior File="Misc\InInstance" X="-3361.98" Y="4640.243" Z="-101.048" />
										
						<CustomBehavior File="Message" 
										Text="Waiting for the dungeon to load." 
										LogColor="Fuchsia" />
									
						<CustomBehavior File="WaitTimer" 
										WaitTime="20000"
										VariantTime="20000" />
										
						<!-- If we still aren't in, we're locked out -->
						<If Condition="Me.ZoneId != 3791">
							<CustomBehavior File="Message" 
											Text="We are locked out. Waiting and trying again." 
											LogColor="Fuchsia" />
						</If> <!-- Locked -->
					</While> <!-- While we aren't in the instance -->
				</If> <!-- In box -->
				
				<!-- If we are inside Sethekk Halls and have checked our reset -->
				<If Condition="Me.ZoneId == 3791">
					<CustomBehavior File="Message" 
									Text="Avoiding instance lock from this point, do not touch." 
									LogColor="Yellow" />	
				
					<!-- Entrance -->
					<RunTo X="2.63209" Y="-0.209401" Z="0.005755" />
				
					<!-- Disable combat -->
					<DisableBehavior Name="Combat" />
					
					<!-- Run to corner -->
					<RunTo X="-2.395998" Y="9.060452" Z="0.006508276" />

					<!-- Begin the instance once all party members are within range  -->
					<CustomBehavior File="Misc\LoadProfileOn" 
									CheckRange="2" />
									
					<CustomBehavior File="Misc\InstanceTimer" Timer="Start" /> 
									
					<CustomBehavior File="Message" 
									Text="Sethekk Halls initialized."  
									LogColor="Fuchsia" />
									
					<CustomBehavior File="WaitTimer"
									WaitTime="40000" />
					
					<!-- Run to quest givers -->
					<RunTo X="5.315711" Y="7.259143" Z="0.006508276" />

					<CustomBehavior File="GetOutOfGroundEffectAndAuras" 
									EventCompleteWhen="SpecificMobsDead" EventCompleteDeadMobId="18472"
									EventX="5.315711" EventY="7.259143" EventZ="0.006508276"
									MoveOutOfGroundEffectAuraId1="111111"
									MoveAwayFromMobCastingSpellId1="111111"
									MoveAwayFromMobWithAuraId1="111111" >
						<Safespots>
							<Hotspot X="5.315711" Y="7.259143" Z="0.006508276" />
						</Safespots>
					</CustomBehavior>
					
					<!-- Run to first boss -->
					<RunTo X="-143.9473" Y="173.6023" Z="1.685322" />
					
					<CustomBehavior File="GetOutOfGroundEffectAndAuras" 
									EventCompleteWhen="SpecificMobsDead" EventCompleteDeadMobId="18473"
									EventX="-143.9473" EventY="173.6023" EventZ="1.685322"
									MoveOutOfGroundEffectAuraId1="111111"
									MoveAwayFromMobCastingSpellId1="111111"
									MoveAwayFromMobWithAuraId1="111111" >
						<Safespots>
							<Hotspot X="-143.9473" Y="173.6023" Z="1.685322" />
						</Safespots>
					</CustomBehavior>
					
					<!-- If we are high enough to go to the next instance, do so -->
					<CustomBehavior File="Misc\LoadProfileOn" 
									MinLevel="68" 
									ProfileName="[QO-N][68-71]_utgarde-keep.xml"  />
								
					<CustomBehavior File="WaitTimer"
									WaitTime="30000" />
								
					<CustomBehavior File="Misc\InstanceTimer" Timer="Check" />  
				</If> <!-- SH -->
				
				<!-- Sethekk Halls -->
				<If Condition="Me.ZoneId == 3791">
					<CustomBehavior File="Message" 
									Text="Sethekk Halls detected. Running out."
									LogColor="Fuchsia" />
				
					<!-- Floors -->
					<If Condition="Me.Z &gt; 10 " >
						<!-- Make our way to the exit from the top floor -->
						<RunTo X="44.45738" Y="286.3805" Z="25.0132" />
						
						<RunTo X="44.72137" Y="142.0625" Z="0.02178714" />
						
						<RunTo X="47.88029" Y="97.99895" Z="0.1508283" />
						<RunTo X="43.62694" Y="62.81333" Z="0.008441973" />
						<RunTo X="43.03834" Y="7.287698" Z="0.007048465" />
						<RunTo X="31.01099" Y="1.044048" Z="0.005493299" />
						<RunTo X="2.63209" Y="-0.209401" Z="0.005755" />
						
						<!-- Go through the portal -->
						<CustomBehavior File="Misc\InInstance" X="-20.722509" Y="0.3174916" Z="0.005990623" />
						
						<!-- Make sure we run to the right spot outside the portal -->
						<RunTo X="-3362.1" Y="4668.9" Z="-101.048" />
						
						<Else>
							<!-- Make our way to the exit from the ground floor -->
							<RunTo X="31.01099" Y="1.044048" Z="0.005493299" />
							<RunTo X="2.63209" Y="-0.209401" Z="0.005755" />

							<!-- enableable combat -->
					<EnableBehavior Name="Combat" />
					
							<!-- Go through the portal -->
							<CustomBehavior File="Misc\InInstance" X="-20.722509" Y="0.3174916" Z="0.005990623" />
							
							<!-- Make sure we run to the right spot outside the potral -->
							<RunTo X="-3362.1" Y="4668.9" Z="-101.048" />
						</Else>
					</If> <!-- Floors -->
				</If> <!-- SH -->
			</While> <!-- Infinite loop -->
		</If> <!-- RAF -->
	</QuestOrder>
</HBProfile>

