﻿<HBProfile creator="Botanist and Wigglez" version="1.0">
	<Name>[QO-N][25-37]_razorfen-kraul</Name>
   
	<MinLevel>1</MinLevel>
	<MaxLevel>101</MaxLevel>
   
	<MinDurability>-1</MinDurability>
	<MinFreeBagSlots>-1</MinFreeBagSlots>
	
	<MailGrey>False</MailGrey>
	<MailWhite>False</MailWhite>
	<MailGreen>False</MailGreen>
	<MailBlue>False</MailBlue>
	<MailPurple>False</MailPurple>
   
	<SellGrey>False</SellGrey>
	<SellWhite>False</SellWhite>
	<SellGreen>False</SellGreen>
	<SellBlue>False</SellBlue>
	<SellPurple>False</SellPurple>
   
	<TargetElites>True</TargetElites>
	
	<AvoidMobs>
		<Mob Name="Summon Enabler Stalker" Entry="53488" />	
	</AvoidMobs>
	
	<Blackspots>
		<Blackspot X="-151.5376" Y="396.4401" Z="-37.62136" Radius="3" />
		<Blackspot X="1948.612" Y="1567.977" Z="82.04698" Radius="0.8124195" />
	</Blackspots>

	<Mailboxes>
	</Mailboxes>
 
	<Vendors>
	</Vendors>

	<Factions></Factions>
	
	<ProtectedItems>
	</ProtectedItems>
	
	<QuestOrder>
		<ClearVendor />
		<ClearMailbox />
		
		<!-- *******************************************************  Booster ************************************************************** -->
		<If Condition="Me.Level &gt;= 90">
			<CustomBehavior File="Message" 
							Text="We are a booster." 
							LogColor="Fuchsia" />
		
		 	<!-- Booster UserSettings -->
			<CustomBehavior File="UserSettings"
							AdvancedSettingsMode="True"
							GroundMountFarmingMode="False"
							HarvestHerbs="False"
							HarvestMinerals="False"
							KillBetweenHotspots="True"
							LogoutForInactivity="False"
							LogoutInactivityUseForceQuit="False"
							LootMobs="True"
							LootRadius="15"
							MountName=""
							NinjaSkin="False"
							ProfileDebuggingMode="False"
							PullDistance="25"
							RessAtSpiritHealers="False"
							SkinMobs="False"
							UseMount="True" 
							UseRandomMount="False" />
							
			<!-- Infinite loop -->
			<While Condition="true" >	
				<!-- If we are in Blackfathom Deeps area -->
				<If Condition="Me.ZoneId == 719">
					<If Condition="(Me.HearthstoneAreaId == 415) || (Me.HearthstoneAreaId == 2897)" >
						<CustomBehavior File="Message" 
										Text="Our Innkeeper is set at Astranaar or Zoram'gar Outpost." 
										LogColor="Cyan" />
										
						<!-- Have hearthstone -->
						<If Condition="HasItem(6948)">
							<CustomBehavior File="Message" 
											Text="Using Hearthstone." 
											LogColor="Lime" />
											
							<CustomBehavior File="Misc\RunLua" 
											Lua="UseItemByName(6948)" 
											WaitTime="1000" />
											
							<CustomBehavior File="WaitTimer" 
											WaitTime="20000" />
						</If> <!-- Have hearthstone -->
					
						<!-- Have Innkeeper's Daughter -->
						<If Condition="HasItem(64488)">
							<CustomBehavior File="Message" 
											Text="Using Innkeeper's Daughter." 
											LogColor="Lime" />
												
							<CustomBehavior File="Misc\RunLua" 
											Lua="UseItemByName(64488)" 
											WaitTime="1000" />
								
							<CustomBehavior File="WaitTimer" 
											WaitTime="20000" />
						</If> <!-- Have Innkeeper's Daughter -->
					</If> <!-- Hearth check -->
				</If> <!-- Blackfathom Deeps -->	
				
				<!-- In ashenvale -->
				<If Condition="Me.ZoneId == 331">
					<!-- Alliance -->
					<If Condition="Me.IsAlliance">
						<!-- Run outside the inn -->
						<RunTo X="2740.226" Y="-400.2375" Z="108.7305" />
					
						<!-- Horde -->
						<ElseIf Condition="Me.IsHorde">
							<!-- Run outside the inn -->
							<RunTo X="3364.353" Y="968.8149" Z="7.404068" />
						</ElseIf> <!-- Horde -->
					</If> <!-- Alliance -->
				</If> <!-- Ashenvale -->
				
				<!-- If we are inside Razorfen Kraul, run out to reset -->
				<If Condition="Me.MapId == 47">
					<CustomBehavior File="Message" 
									Text="Razorfen Kraul detected. Running out." 
									LogColor="Fuchsia" />	
									
					<RunTo X="1942.27" Y="1544.23" Z="81.80499" />
					
					<!-- Go through the portal -->
					<CustomBehavior File="Misc\InInstance" X="1939.09" Y="1530.371" Z="82.28316" />
					
					<!-- Make sure we run to the right spot outside the portal -->
					<RunTo X="-4462" Y="-1663.06" Z="81.8912" />
				</If>	

				<!-- If we are not in the box, load the movement profile -->
				<If Condition="Me.X &lt; -4500 || Me.X &gt; -4440 || Me.Y &gt; -1650 || Me.Y &lt; -1700" >
					<CustomBehavior File="Message" 
									Text="Distance from portal is not within our proximity, initializing movement to get there."
									LogColor="Fuchsia" />	
									
					<CustomBehavior File="LoadProfile" 
									ProfileName="Movement\[QO-N-M][25-37]_razorfen-kraul" />								/>
				</If> <!-- Not in box -->
					
				<!-- If we are in the box -->
				<If Condition="Me.X &gt; -4500 &amp;&amp; Me.X &lt; -4440 &amp;&amp; Me.Y &lt; -1650 &amp;&amp; Me.Y &gt; -1700" >
					<CustomBehavior File="Message" 
									Text="Portal detected nearby."
									LogColor="Fuchsia" />	
					
					<While Condition="Me.MapId != 47">
						<!-- Make sure we run to the right spot outside the portal -->
						<RunTo X="-4462" Y="-1663.06" Z="81.8912" />
						
						<!-- Go inside the Razorfen Kraul portal -->
						<CustomBehavior File="Misc\InInstance" X="-4458.964" Y="-1650.854" Z="81.5267" />
										
						<CustomBehavior File="Message" 
										Text="Waiting for the dungeon to load." 
										LogColor="Fuchsia" />
										
						<CustomBehavior File="WaitTimer" 
										WaitTime="20000" 
										VariantTime="20000" />	
										
						<!-- If we still aren't in, we're locked out -->
						<If Condition="Me.MapId != 47">
							<CustomBehavior File="Message" 
											Text="We are locked out. Waiting and trying again." 
											LogColor="Fuchsia" />
						</If> <!-- Locked -->
					</While> <!-- While we aren't in the instance -->
				</If> <!-- In box -->	

                <!-- If we are inside Razorfen Kraul and have checked our reset -->
				<If Condition="Me.MapId == 47">
				
					<!-- Run macro to pass on loot -->
					<CustomBehavior File="RunMacro"
									Macro="/run SetOptOutOfLoot(1)" />
				
					<!-- Entrance -->
					<RunTo X="1942.27" Y="1544.23" Z="81.80499" />
		
					<!-- Go to quest givers -->
					<RunTo X="1944.148" Y="1555.369" Z="81.5473" />
					
					<!-- Begin the instance once all party members are within range  -->
					<CustomBehavior File="Misc\LoadProfileOn" 
									CheckRange="1" />
									
					<CustomBehavior File="Message" 
									Text="Razorfen Kraul initialized."  
									LogColor="Fuchsia" />
					
					<CustomBehavior File="RunLikeHell"
									UseCTM="false" 
									NumOfTimes="1" 
									AllowCombat="false">
						<Hotspot X="1942.27" Y="1544.23" Z="81.80502" />
						<Hotspot X="1945.141" Y="1559.444" Z="81.92608" />
						<Hotspot X="1948.483" Y="1574.37" Z="80.47567" />
						<Hotspot X="1952.685" Y="1589.266" Z="82.01939" />
						<Hotspot X="1955.196" Y="1597.844" Z="81.97446" />
						<Hotspot X="1963.945" Y="1599.516" Z="80.8606" />
						<Hotspot X="1979.361" Y="1601.21" Z="79.79958" />
						<Hotspot X="1995.045" Y="1602.248" Z="79.95294" />
						<Hotspot X="2000.366" Y="1603.008" Z="81.48292" />
						<Hotspot X="1994.31" Y="1617.526" Z="83.47797" />
						<Hotspot X="1998.006" Y="1628.249" Z="80.99585" />
						<Hotspot X="1999.355" Y="1631.533" Z="80.9597" />
						<Hotspot X="2008.755" Y="1643.561" Z="80.31393" />
						<Hotspot X="2017.765" Y="1656.161" Z="81.79819" />
						<Hotspot X="2019.643" Y="1661.162" Z="82.82291" />
						<Hotspot X="2032.594" Y="1657.854" Z="80.16387" />
						<Hotspot X="2047.956" Y="1656.021" Z="81.53803" />
						<Hotspot X="2048.643" Y="1655.883" Z="81.5116" />
						<Hotspot X="2044.445" Y="1649.363" Z="81.94069" />
						<Hotspot X="2032.738" Y="1656.644" Z="80.40054" />
						<Hotspot X="2017.934" Y="1652.611" Z="81.62325" />
						<Hotspot X="2008.283" Y="1640.86" Z="80.49028" />
						<Hotspot X="1998.931" Y="1628.684" Z="80.94318" />
						<Hotspot X="1995.186" Y="1613.9" Z="83.1936" />
						<Hotspot X="2002.857" Y="1600.731" Z="81.48461" />
						<Hotspot X="2006.688" Y="1596.352" Z="81.57989" />
						<Hotspot X="2002.126" Y="1585.536" Z="80.97218" />
						<Hotspot X="1996.805" Y="1580.873" Z="81.77944" />
						<Hotspot X="2003.156" Y="1570.591" Z="81.99355" />
						<Hotspot X="1997.802" Y="1564.192" Z="83.92747" />
						<Hotspot X="2005.709" Y="1564.788" Z="81.29764" />
						<Hotspot X="2009.591" Y="1556.498" Z="80.87955" />
						<Hotspot X="2011.454" Y="1551.673" Z="80.25129" />
						<Hotspot X="2003.416" Y="1553.479" Z="80.5271" />
						<Hotspot X="2013.217" Y="1541.366" Z="80.85014" />
						<Hotspot X="2004.913" Y="1528.484" Z="80.81262" />
						<Hotspot X="2008.103" Y="1512.173" Z="79.27322" />
						<Hotspot X="2026.536" Y="1494.357" Z="72.1754" />
						<Hotspot X="2024.692" Y="1525.768" Z="79.84376" />
						<Hotspot X="1997.91" Y="1565.496" Z="83.73738" />
						<Hotspot X="2007.408" Y="1568.731" Z="81.7358" />
						<Hotspot X="2013.685" Y="1554.689" Z="81.11855" />
						<Hotspot X="2024.641" Y="1537.357" Z="80.67595" />
						<Hotspot X="2032.06" Y="1543.079" Z="80.38551" />
						<Hotspot X="2054.878" Y="1550.575" Z="72.02824" />
						<Hotspot X="2059.901" Y="1565.048" Z="67.27696" />
						<Hotspot X="2061.464" Y="1573.836" Z="65.80509" />
						<Hotspot X="2060.625" Y="1580.552" Z="63.99984" />
						<Hotspot X="2064.645" Y="1595.239" Z="63.08926" />
						<Hotspot X="2065.877" Y="1600.49" Z="62.70686" />
						<Hotspot X="2065.113" Y="1610.696" Z="62.40992" />
						<Hotspot X="2065.663" Y="1626.032" Z="64.47125" />
						<Hotspot X="2065.847" Y="1628.134" Z="64.45579" />
						<Hotspot X="2063.754" Y="1640.829" Z="62.6829" />
						<Hotspot X="2065.328" Y="1656.107" Z="61.22919" />
						<Hotspot X="2075.759" Y="1666.973" Z="61.21717" />
						<Hotspot X="2089.89" Y="1672.974" Z="61.2472" />
						<Hotspot X="2104.845" Y="1670.029" Z="59.19404" />
						<Hotspot X="2120.523" Y="1669.875" Z="59.02726" />
						<Hotspot X="2135.212" Y="1674.722" Z="58.43915" />
						<Hotspot X="2149.7" Y="1680.251" Z="58.02639" />
						<Hotspot X="2160.798" Y="1690.52" Z="56.88966" />
						<Hotspot X="2170.414" Y="1697.524" Z="56.09629" />
						<Hotspot X="2172.921" Y="1700.291" Z="56.10501" />
						<Hotspot X="2172.881" Y="1715.645" Z="54.07814" />
						<Hotspot X="2162.895" Y="1727.29" Z="52.45372" />
						<Hotspot X="2150.172" Y="1735.847" Z="52.31564" />
						<Hotspot X="2136.788" Y="1743.8" Z="52.4561" />
						<Hotspot X="2121.95" Y="1740.958" Z="52.5907" />
						<Hotspot X="2110.896" Y="1730.793" Z="53.24405" />
						<Hotspot X="2100.589" Y="1719.801" Z="54.53502" />
						<Hotspot X="2089.746" Y="1709.078" Z="56.07944" />
						<Hotspot X="2075.107" Y="1704.119" Z="56.82363" />
						<Hotspot X="2060.316" Y="1700.522" Z="58.56998" />
						<Hotspot X="2044.866" Y="1699.778" Z="59.98174" />
						<Hotspot X="2040.291" Y="1700.647" Z="60.71806" />
						<Hotspot X="2035.744" Y="1712.196" Z="60.10005" />
						<Hotspot X="2030.273" Y="1726.449" Z="60.34645" />
						<Hotspot X="2031.241" Y="1741.752" Z="60.54807" />
						<Hotspot X="2036.474" Y="1756.048" Z="60.44797" />
						<Hotspot X="2038.172" Y="1771.122" Z="60.05798" />
						<Hotspot X="2038.996" Y="1772.236" Z="60.04771" />
						<Hotspot X="2053.279" Y="1772.526" Z="58.6341" />
						<Hotspot X="2068.322" Y="1770.57" Z="57.18457" />
						<Hotspot X="2079.857" Y="1780.436" Z="54.80866" />
						<Hotspot X="2092.096" Y="1789.716" Z="51.86905" />
						<Hotspot X="2106.355" Y="1795.225" Z="48.633" />
						<Hotspot X="2121.214" Y="1799.544" Z="47.25738" />
						<Hotspot X="2135.851" Y="1803.592" Z="47.11528" />
						<Hotspot X="2141.493" Y="1817.561" Z="47.35828" />
						<Hotspot X="2140.563" Y="1832.758" Z="46.83872" />
						<Hotspot X="2141.67" Y="1847.945" Z="48.8785" />
						<Hotspot X="2126.951" Y="1851.6" Z="50.05399" />
						<Hotspot X="2112.96" Y="1857.053" Z="49.72027" />
						<Hotspot X="2097.797" Y="1859.901" Z="49.49522" />
						<Hotspot X="2072.164" Y="1851.943" Z="54.66898" />
						<Hotspot X="2057.024" Y="1854.22" Z="56.00277" />
						<Hotspot X="2044.402" Y="1863.067" Z="55.95406" />
						<Hotspot X="2032.066" Y="1871.878" Z="56.4994" />
						<Hotspot X="2026.621" Y="1867.091" Z="56.44944" />
						<Hotspot X="2030.672" Y="1856.931" Z="56.34909" />
						<Hotspot X="2044.258" Y="1849.209" Z="56.01801" />
						<Hotspot X="2058.895" Y="1845.521" Z="55.90858" />
						<Hotspot X="2073.744" Y="1841.067" Z="56.75349" />
						<Hotspot X="2076.21" Y="1840.285" Z="56.8788" />
						<Hotspot X="2087.318" Y="1847.152" Z="51.54519" />
						<Hotspot X="2099.56" Y="1856.16" Z="49.6537" />
						<Hotspot X="2102.994" Y="1858.22" Z="49.51537" />
						<Hotspot X="2114.726" Y="1855.253" Z="49.71658" />
						<Hotspot X="2130.037" Y="1853.278" Z="50.44571" />
						<Hotspot X="2145.413" Y="1852.685" Z="50.14508" />
						<Hotspot X="2158.42" Y="1860.397" Z="56.43623" />
						<Hotspot X="2161.975" Y="1862.252" Z="56.82476" />
						<Hotspot X="2172.808" Y="1865.455" Z="57.77199" />
						<Hotspot X="2188.285" Y="1866.261" Z="58.21219" />
						<Hotspot X="2199.447" Y="1856.077" Z="59.56567" />
						<Hotspot X="2201.127" Y="1840.594" Z="60.68682" />
						<Hotspot X="2199.611" Y="1825.387" Z="61.8201" />
						<Hotspot X="2198.196" Y="1810.354" Z="63.33999" />
						<Hotspot X="2196.428" Y="1806.626" Z="64.70924" />
						<Hotspot X="2184.228" Y="1803.892" Z="64.35535" />
						<Hotspot X="2184.228" Y="1803.892" Z="64.35535" />
						<Hotspot X="2185.594" Y="1818.799" Z="62.16768" />
						<Hotspot X="2183.007" Y="1834.081" Z="59.73442" />
						<Hotspot X="2174.216" Y="1847.09" Z="58.08771" />
						<Hotspot X="2161.397" Y="1855.222" Z="56.82875" />
						<Hotspot X="2146.18" Y="1855.59" Z="51.28442" />
						<Hotspot X="2135.415" Y="1845.255" Z="48.1264" />
						<Hotspot X="2133.418" Y="1830.129" Z="46.6422" />
						<Hotspot X="2132.427" Y="1814.655" Z="46.90636" />
						<Hotspot X="2125.545" Y="1800.822" Z="47.07154" />
						<Hotspot X="2111.491" Y="1795.172" Z="48.00043" />
						<Hotspot X="2096.677" Y="1791.18" Z="50.91689" />
						<Hotspot X="2082.306" Y="1785.488" Z="54.30231" />
						<Hotspot X="2069.471" Y="1777.203" Z="56.65181" />
						<Hotspot X="2056.259" Y="1769.2" Z="58.30817" />
						<Hotspot X="2041.875" Y="1764.493" Z="60.06165" />
						<Hotspot X="2036.083" Y="1749.983" Z="60.28114" />
						<Hotspot X="2033.007" Y="1734.776" Z="60.79727" />
						<Hotspot X="2034.891" Y="1719.581" Z="59.98979" />
						<Hotspot X="2044.752" Y="1707.245" Z="59.69824" />
						<Hotspot X="2059.177" Y="1702.493" Z="58.54639" />
						<Hotspot X="2074.66" Y="1702.219" Z="57.14067" />
						<Hotspot X="2088.955" Y="1707.29" Z="56.28993" />
						<Hotspot X="2101.021" Y="1716.605" Z="54.44466" />
						<Hotspot X="2112.614" Y="1726.486" Z="53.51389" />
						<Hotspot X="2126.11" Y="1733.53" Z="51.94429" />
						<Hotspot X="2141.284" Y="1735.774" Z="51.55891" />
						<Hotspot X="2152.646" Y="1725.554" Z="51.86713" />
						<Hotspot X="2162.697" Y="1713.832" Z="53.38233" />
						<Hotspot X="2161.838" Y="1698.832" Z="55.15399" />
						<Hotspot X="2155.592" Y="1684.952" Z="58.00113" />
						<Hotspot X="2142.817" Y="1676.503" Z="58.08121" />
						<Hotspot X="2127.804" Y="1673.037" Z="58.70547" />
						<Hotspot X="2112.971" Y="1670.739" Z="59.19402" />
						<Hotspot X="2097.599" Y="1673.057" Z="60.25169" />
						<Hotspot X="2082.198" Y="1672.012" Z="61.23605" />
						<Hotspot X="2070.51" Y="1661.632" Z="61.2344" />
						<Hotspot X="2062.292" Y="1648.572" Z="61.39371" />
						<Hotspot X="2061.667" Y="1633.666" Z="64.41365" />
						<Hotspot X="2066.74" Y="1619.045" Z="63.84332" />
						<Hotspot X="2063.472" Y="1604.386" Z="62.40928" />
						<Hotspot X="2059.537" Y="1589.433" Z="63.29066" />
						<Hotspot X="2053.82" Y="1575.275" Z="64.27678" />
						<Hotspot X="2046.063" Y="1562.165" Z="64.6321" />
						<Hotspot X="2039.201" Y="1554.93" Z="64.55718" />
					</CustomBehavior>
					<!-- Bottom of the thorn -->
					<RunTo X="2039.201" Y="1554.93" Z="64.55718" />
					
					
					
					<CustomBehavior File="RunLikeHell" 
									UseCTM="false" 
									NumOfTimes="1" 
									AllowCombat="false">
						<Hotspot X="2020.189" Y="1493.531" Z="74.54661" />
						<Hotspot X="2031.216" Y="1498.685" Z="73.10349" />
						<Hotspot X="2026.113" Y="1486.059" Z="70.7663" />
						<Hotspot X="2038.622" Y="1470.706" Z="67.98331" />
						<Hotspot X="2041.933" Y="1473.766" Z="67.46825" />
						<Hotspot X="2034.329" Y="1475.807" Z="68.54678" />
						<Hotspot X="2060.935" Y="1460.975" Z="67.53442" />
						<Hotspot X="2100.424" Y="1436.503" Z="63.62694" />
						<Hotspot X="2123.623" Y="1433.447" Z="64.29316" />
						<Hotspot X="2131.827" Y="1461.371" Z="66.35774" />
						<Hotspot X="2151.099" Y="1475.517" Z="67.41411" />
						<Hotspot X="2153.095" Y="1493.46" Z="67.99966" />
						<Hotspot X="2165.126" Y="1511.782" Z="67.61945" />
						<Hotspot X="2181.237" Y="1526.386" Z="71.00627" />
						<Hotspot X="2193.785" Y="1531.869" Z="72.83485" />
						<Hotspot X="2192.316" Y="1499.778" Z="73.43647" />
						<Hotspot X="2185.897" Y="1481.855" Z="72.84011" />
						<Hotspot X="2179.06" Y="1474.724" Z="72.40398" />
						<Hotspot X="2144.411" Y="1446.379" Z="76.81059" />
						<Hotspot X="2142.816" Y="1435.659" Z="76.35833" />
						<Hotspot X="2146.576" Y="1412.159" Z="73.89737" />
					</CustomBehavior>	
					<RunTo X="2146.576" Y="1412.159" Z="73.89737" />
						
					<RunTo X="2194.05" Y="1532.294" Z="72.81154" />
					<CustomBehavior File="RunLikeHell" 
									UseCTM="false" 
									NumOfTimes="1" 
									AllowCombat="false">	
						<Hotspot X="2165.306" Y="1535.155" Z="72.61189" />
						<Hotspot X="2152.641" Y="1538.917" Z="73.15693" />
						<Hotspot X="2141.745" Y="1512.18" Z="72.50429" />
						<Hotspot X="2134.819" Y="1493.156" Z="73.0593" />
						<Hotspot X="2104.789" Y="1469.786" Z="73.51589" />
						<Hotspot X="2100.076" Y="1449.548" Z="73.81164" />
						<Hotspot X="2083.051" Y="1463.159" Z="73.12452" />
						<Hotspot X="2092.608" Y="1454.36" Z="74.08715" />
					</CustomBehavior>
					<RunTo X="2092.608" Y="1454.36" Z="74.08715" />

					<!-- Get ready for the run like hell -->
					<RunTo X="2167.557" Y="1535.002" Z="72.30659" />
					
					<CustomBehavior File="RunLikeHell"
									UseCTM="false" 
									NumOfTimes="1" 
									AllowCombat="false">
						<Hotspot X="2174.649" Y="1556.3" Z="71.95899" />
						<!-- Getting stuck here 
						<Hotspot X="2182.907" Y="1569.386" Z="75.09907" />
						<Hotspot X="2183.036" Y="1569.587" Z="75.17708" /> -->
						<Hotspot X="2174.152" Y="1571.79" Z="74.94787" />
						<Hotspot X="2179.432" Y="1584.303" Z="77.71674" />
						<Hotspot X="2187.353" Y="1597.247" Z="79.94092" />
						<Hotspot X="2200.35" Y="1606.168" Z="80.37713" />
						<Hotspot X="2209.38" Y="1611.156" Z="81.62005" />
						<Hotspot X="2214.81" Y="1602.17" Z="81.22435" />
						<Hotspot X="2216.164" Y="1599.672" Z="81.07446" />
						<Hotspot X="2210.854" Y="1616.651" Z="83.14138" />
						<Hotspot X="2207.021" Y="1631.533" Z="85.55032" />
						<Hotspot X="2203.507" Y="1642" Z="85.72945" />
						<Hotspot X="2209.968" Y="1616.839" Z="83.09975" />
						<Hotspot X="2210.219" Y="1610.063" Z="81.56323" />
						<Hotspot X="2196.935" Y="1608.818" Z="80.67836" />
						<Hotspot X="2190.098" Y="1608.724" Z="80.35472" />
						<Hotspot X="2184.897" Y="1617.903" Z="81.17784" />
						<Hotspot X="2180.841" Y="1628.114" Z="81.11989" />
						<Hotspot X="2179.534" Y="1631.931" Z="80.729" />
						<Hotspot X="2176.833" Y="1639.698" Z="81.11781" />
						<Hotspot X="2164.748" Y="1635.392" Z="81.60969" />
						<Hotspot X="2159.415" Y="1634.859" Z="81.80428" />
						<Hotspot X="2158.85" Y="1627.244" Z="81.66955" />
						<Hotspot X="2154.991" Y="1623.148" Z="81.94129" />
						<Hotspot X="2148.172" Y="1614.717" Z="81.92389" />
						<Hotspot X="2141.019" Y="1615.989" Z="81.83415" />
						<Hotspot X="2128.655" Y="1615.654" Z="81.64956" />
						<Hotspot X="2147.605" Y="1626.951" Z="81.62315" />
						<Hotspot X="2150.976" Y="1627.96" Z="81.75049" />
						<Hotspot X="2165.805" Y="1633.132" Z="81.56985" />
						<Hotspot X="2180.901" Y="1629.624" Z="80.97038" />
						<Hotspot X="2187.579" Y="1615.395" Z="80.80301" />
						<Hotspot X="2190.158" Y="1601.002" Z="79.93228" />
						<Hotspot X="2174.044" Y="1576.671" Z="76.14131" />
					</CustomBehavior>
					<!-- Line of sight around the corner -->
					<RunTo X="2174.044" Y="1576.671" Z="76.14131" />
					
					<RunTo X="2130.077" Y="1660.285" Z="82.03987" />
					
					<CustomBehavior File="MyCTM" 
									X="2127.812" Y="1692.631" Z="80.92006" />	
	
					<CustomBehavior File="RunLikeHell" 
									UseCTM="true"
									NumOfTimes="1"
									AllowCombat="false">
						<Hotspot X="2134.405" Y="1704.819" Z="80.39638" />
						<Hotspot X="2128.732" Y="1708.567" Z="80.12221" />
						<Hotspot X="2116.582" Y="1707.846" Z="80.79469" />
						<Hotspot X="2088.435" Y="1744.237" Z="77.42519" />
						<Hotspot X="2072.158" Y="1728.338" Z="76.92416" />
						<Hotspot X="2061.962" Y="1736.559" Z="76.70347" />
						<Hotspot X="2088.472" Y="1759.699" Z="78.4705" />
						<Hotspot X="2107.929" Y="1822.018" Z="79.64186" />
						<Hotspot X="2109.223" Y="1828.689" Z="80.29469" />
						<Hotspot X="2112.388" Y="1882.342" Z="71.96062" />
						<Hotspot X="2117.431" Y="1897.741" Z="71.5664" />
						<Hotspot X="2103.05" Y="1907.937" Z="70.28075" />
						<Hotspot X="2085.667" Y="1917.248" Z="65.48269" />
						<Hotspot X="2057.039" Y="1937.816" Z="65.86748" />
						<Hotspot X="2080.021" Y="1937.054" Z="66.07973" />
						<Hotspot X="2087.686" Y="1957.033" Z="64.75163" />
						<Hotspot X="2069.04" Y="1971.324" Z="62.4301" />
						<Hotspot X="2069.12" Y="2004.062" Z="63.9533" />
						<Hotspot X="2107.162" Y="1982.115" Z="64.87043" />
						<Hotspot X="2131.104" Y="1982.566" Z="60.86348" />
						<Hotspot X="2153.972" Y="1970.69" Z="62.67057" />
						<Hotspot X="2159.158" Y="1991.949" Z="61.75817" />
						<Hotspot X="2158.364" Y="1981.904" Z="61.44896" />
						<Hotspot X="2164.528" Y="1976.824" Z="61.17492" />
						<Hotspot X="2161.389" Y="1959.988" Z="58.59555" />
						<Hotspot X="2167.664" Y="1957.945" Z="57.72604" />
						<Hotspot X="2201.381" Y="1979.085" Z="56.73133" />
						<Hotspot X="2163.672" Y="1956.577" Z="58.24813" />
						<Hotspot X="2174.034" Y="1947.016" Z="60.32268" />
						<Hotspot X="2156.506" Y="1921.937" Z="66.59973" />
						<Hotspot X="2134.307" Y="1928.41" Z="67.49995" />
						<Hotspot X="2171.64" Y="1914.886" Z="69.54504" />
						<Hotspot X="2200.062" Y="1894.43" Z="71.60312" />
						<Hotspot X="2190.253" Y="1863.156" Z="79.05624" />
						<Hotspot X="2198.37" Y="1889.735" Z="72.11873" />
						<Hotspot X="2178.587" Y="1912.908" Z="69.63898" />
						<Hotspot X="2158.803" Y="1921.324" Z="66.59816" />
						<Hotspot X="2163.246" Y="1978.526" Z="60.94003" />
						<Hotspot X="2160.089" Y="1983.745" Z="62.09289" />
						<Hotspot X="2114.916" Y="1981.716" Z="65.32381" />
						<Hotspot X="2095.405" Y="1969.071" Z="65.12405" />
						<Hotspot X="2081.708" Y="1936.588" Z="66.24803" />
						<Hotspot X="2094.358" Y="1907.042" Z="71.52684" />
						<Hotspot X="2114.275" Y="1903.657" Z="70.71458" />
						<Hotspot X="2118.136" Y="1896.415" Z="71.98043" />
						<Hotspot X="2115.309" Y="1891.781" Z="72.87914" />
						<Hotspot X="2109.018" Y="1824.199" Z="79.86275" />
						<Hotspot X="2084.78" Y="1750.583" Z="77.70403" />
						<Hotspot X="2116.741" Y="1708.31" Z="80.79502" />
						<Hotspot X="2130.857" Y="1662.772" Z="82.16399" />
						<Hotspot X="2132.678" Y="1645.987" Z="82.21439" />
						<Hotspot X="2149.724" Y="1629.745" Z="81.72964" />
						<Hotspot X="2177.251" Y="1635.443" Z="80.77686" />
						<Hotspot X="2196.877" Y="1595.669" Z="79.87553" />
						<Hotspot X="2200.052" Y="1608.161" Z="80.57134" />
						<Hotspot X="2189.985" Y="1608.52" Z="80.33468" />
						<Hotspot X="2174.044" Y="1576.671" Z="76.14131" />
					</CustomBehavior>
					<!-- Line of sight around the corner -->
					<RunTo X="2174.044" Y="1576.671" Z="76.14131" />
										
					<CustomBehavior File="Message" 
									Text="Tagging RAFs." 
									LogColor="Fuchsia" />
					
					<RunTo X="1993.591" Y="1602.518" Z="79.7886" />
					<RunTo X="1963.732" Y="1599.89" Z="80.83046" />
					<RunTo X="1952.363" Y="1589.551" Z="82.04544" />
					
					
					<!-- Tag rafs -->
					<RunTo X="1944.148" Y="1555.369" Z="81.5473" />
					
					<!-- If we are high enough to go to the next instance, do so -->
					<CustomBehavior File="Misc\LoadProfileOn" 
									MinLevel="37" 
									ProfileName="[QO-N][37-42]_razorfen-downs.xml"  />
									
					<CustomBehavior File="WaitTimer" 
									WaitTime="5000" />
				</If> <!-- Razorfen Kraul -->
				
				<!-- If we are inside Razorfen Kraul, run out to reset -->
				<If Condition="Me.MapId == 47">
					<CustomBehavior File="Message" 
									Text="Razorfen Kraul detected. Running out to reset." 
									LogColor="Fuchsia" />	
									
					<RunTo X="1942.27" Y="1544.23" Z="81.80499" />
					
					<!-- Go through the portal -->
					<CustomBehavior File="Misc\InInstance" X="1939.09" Y="1530.371" Z="82.28316" />
					
					<!-- Make sure we run to the right spot outside the portal -->
					<RunTo X="-4462" Y="-1663.06" Z="81.8912" />
				</If>	<!-- RFK -->
				
				<!-- If we are in the box -->
				<If Condition="Me.X &gt; -4500 &amp;&amp; Me.X &lt; -4440 &amp;&amp; Me.Y &lt; -1650 &amp;&amp; Me.Y &gt; -1700" >
					<!-- First reset isn't enough to get a fresh instance if toons are still inside -->
					<CustomBehavior File="Message" 
									Text="Resetting instance, 1 of 2." 
									LogColor="Fuchsia" />
					
					<CustomBehavior File="RunMacro" Macro="/script ResetInstances()" />
					<CustomBehavior File="RunMacro" Macro="/script SetDungeonDifficultyID(1)" />
					
					<!-- Allow for an Honorbuddy pulse -->
					<CustomBehavior File="WaitTimer" 
									WaitTime="200" />
					
					<!-- The second reset confirms we are safe to enter the instance -->
					<CustomBehavior File="Message" 
									Text="Resetting instance, 2 of 2." 
									LogColor="Fuchsia" />
					<CustomBehavior File="RunMacro" Macro="/script ResetInstances()" />
					<CustomBehavior File="RunMacro" Macro="/script SetDungeonDifficultyID(1)" />
					
					<CustomBehavior File="Message" 
									Text="Instance reset." 
									LogColor="Fuchsia" />
				</If> <!-- In box -->
			</While> <!-- Infinite loop-->
		</If> <!-- Booster -->
			
		<!-- *******************************************************  RAF Toons ************************************************************** -->
		<If Condition="Me.Level &lt;= 85">
			<CustomBehavior File="Message" 
							Text="We are a RAF." 
							LogColor="Fuchsia" />

			<If Condition="Me.IsAlliance">
				<If Condition="Me.HearthstoneAreaId != 5148">
					<CustomBehavior File="Message" 
									Text="Our Hearthstone isn't set in the Trade District in Stormwind. Stopping profile." 
									LogColor="Lime" />
									
					<CustomBehavior File="UserSettings" 
										StopBot="true" />
				</If>
				
				<ElseIf Condition="Me.IsHorde">
					<If Condition="Me.HearthstoneAreaId != 5170">
						<CustomBehavior File="Message" 
										Text="Our Hearthstone isn't set in the Valley of Strength in Orgrimmar. Stopping profile." 
										LogColor="Lime" />
										
						<CustomBehavior File="UserSettings" 
										StopBot="true" />
					</If>
				</ElseIf>
			</If>
							
			<!-- RAF User Settings -->
			<CustomBehavior File="UserSettings"
							AdvancedSettingsMode="True"
							GroundMountFarmingMode="False"
							HarvestHerbs="False"
							HarvestMinerals="False"
							KillBetweenHotspots="False"
							LogoutForInactivity="False"
							LogoutInactivityUseForceQuit="False"
							LootMobs="False"
							LootRadius="1"
							MountName=""
							NinjaSkin="False"
							ProfileDebuggingMode="False"
							PullDistance="1"
							RessAtSpiritHealers="False"
							SkinMobs="False"
							UseMount="True" 
							UseRandomMount="False" />
							
			<!-- Infinite loop -->
			<While Condition="true" >	
				<!-- BFD -->
				<If Condition="Me.ZoneId == 719">
					<If Condition="(Me.HearthstoneAreaId == 5148) || (Me.HearthstoneAreaId == 5170)" >
						<CustomBehavior File="Message" 
										Text="Our Innkeeper is set at Stormwind City or Orgrimmar." 
										LogColor="Cyan" />
										
						<!-- Have hearthstone -->
						<If Condition="HasItem(6948)">
							<CustomBehavior File="Message" 
											Text="Using Hearthstone." 
											LogColor="Lime" />
											
							<CustomBehavior File="Misc\RunLua" 
											Lua="UseItemByName(6948)" 
											WaitTime="1000" />
											
							<CustomBehavior File="WaitTimer" 
											WaitTime="20000" />				
						</If> <!-- Have hearthstone -->
					
						<!-- Have Innkeeper's Daughter -->
						<If Condition="HasItem(64488)">
							<CustomBehavior File="Message" 
											Text="Using Innkeeper's Daughter." 
											LogColor="Lime" />
												
							<CustomBehavior File="Misc\RunLua" 
											Lua="UseItemByName(64488)" 
											WaitTime="1000" />
								
							<CustomBehavior File="WaitTimer" 
											WaitTime="20000" />
						</If> <!-- Have Innkeeper's Daughter -->
					</If> <!-- Hearth check -->
				</If> <!-- BFD -->		
			
				<!-- If we are inside Razorfen Kraul, run out to reset -->	
				<If Condition="Me.MapId == 47">
					<CustomBehavior File="Message" 
									Text="Razorfen Kraul detected. Running out."
									LogColor="Fuchsia" />
									
					<!-- Run to the instance entrance -->
					<RunTo X="1942.27" Y="1544.23" Z="81.80499" />
					
					<!-- Go through the portal -->
					<CustomBehavior File="Misc\InInstance" X="1939.09" Y="1530.371" Z="82.28316" />
						
					<!-- Make sure we run to the right spot outside the portal -->
					<RunTo X="-4462" Y="-1663.06" Z="81.8912" />
				</If> <!-- Razorfen Kraul -->
					
				<!-- If we are not in the box, load the movement profile -->
				<If Condition="Me.X &lt; -4500 || Me.X &gt; -4440 || Me.Y &gt; -1650 || Me.Y &lt; -1700" >
					<CustomBehavior File="Message" 
									Text="Distance from portal is not within our proximity, initializing movement to get there."
									LogColor="Fuchsia" />	
									
					<CustomBehavior File="LoadProfile" 
									ProfileName="Movement\[QO-N-M][25-37]_razorfen-kraul" />
				</If> <!-- Not in box -->
					
				<!-- If we are in the box -->
				<If Condition="Me.X &gt; -4500 &amp;&amp; Me.X &lt; -4440 &amp;&amp; Me.Y &lt; -1650 &amp;&amp; Me.Y &gt; -1700" >
					<CustomBehavior File="Message" 
									Text="Portal detected nearby."
									LogColor="Fuchsia" />	
					
					<While Condition="Me.MapId != 47">
						<!-- Make sure we run to the right spot outside the portal -->
						<RunTo X="-4462" Y="-1663.06" Z="81.8912" />
						
						<!-- Go inside the Razorfen Kraul portal -->
						<CustomBehavior File="Misc\InInstance" X="-4458.964" Y="-1650.854" Z="81.5267" />
										
						<CustomBehavior File="Message" 
										Text="Waiting for the dungeon to load." 
										LogColor="Fuchsia" />
										
						<CustomBehavior File="WaitTimer" 
										WaitTime="20000" 
										VariantTime="20000" />	
										
						<!-- If we still aren't in, we're locked out -->
						<If Condition="Me.MapId != 47">
							<CustomBehavior File="Message" 
											Text="We are locked out. Waiting and trying again." 
											LogColor="Fuchsia" />
						</If> <!-- Locked -->
					</While> <!-- While we aren't in the instance -->
				</If> <!-- In box -->		
				
                <!-- If we are inside Razorfen Kraul and have checked our reset -->
				<If Condition="Me.MapId == 47">
					<CustomBehavior File="Message" 
									Text="Avoiding instance lock from this point, do not touch." 
									LogColor="Yellow" />	
				
					<!-- Entrance -->
					<RunTo X="1942.27" Y="1544.23" Z="81.80499" />
				
					<!-- Disable combat -->
					<DisableBehavior Name="Combat" />
					
					<!-- Go to quest givers -->
					<RunTo X="1944.148" Y="1555.369" Z="81.5473" />
					
					<!-- Begin the instance once all party members are within range  -->
					<CustomBehavior File="Misc\LoadProfileOn" 
									CheckRange="2" />
									
					<CustomBehavior File="Misc\InstanceTimer" 
									Timer="Start" />
									
					<CustomBehavior File="Message" 
									Text="Razorfen Kraul initialized."  
									LogColor="Fuchsia" />
									
					<!-- Wait 30 seconds so the main can get away from us -->
					<CustomBehavior File="WaitTimer" 
									WaitTime="30000" />
					
					<!-- When the booster tags us again, we can leave -->
					<CustomBehavior File="Misc\LoadProfileOn" 
									CheckRange="5" />
									
					<!-- If we are high enough to go to the next instance, do so -->
					<CustomBehavior File="Misc\LoadProfileOn" 
									MinLevel="37" 
									ProfileName="[QO-N][37-42]_razorfen-downs.xml"  />
									
					<CustomBehavior File="WaitTimer" 
									WaitTime="5000" />
									
					<!-- Wait 30 seconds so the main can get away from us and we can leave the instance -->
					<CustomBehavior File="WaitTimer" 
									WaitTime="30000" />
									
					<CustomBehavior File="Misc\InstanceTimer" Timer="Check" /> 

					<!-- enableable combat -->
					<EnableBehavior Name="Combat" />
				</If> <!-- RFK -->
			</While> <!-- Infinite loop -->
		</If> <!-- RAF -->
	</QuestOrder>
</HBProfile>

