﻿<HBProfile creator="Botanist" version="1.0">
	<Name>[QO-N][Solstice][67-70]_hellfire-ramparts</Name>
   
	<MinLevel>1</MinLevel>
	<MaxLevel>101</MaxLevel>
   
	<MinDurability>-1</MinDurability>
	<MinFreeBagSlots>-1</MinFreeBagSlots>
	
	<MailGrey>False</MailGrey>
	<MailWhite>False</MailWhite>
	<MailGreen>False</MailGreen>
	<MailBlue>False</MailBlue>
	<MailPurple>True</MailPurple>
   
	<SellGrey>True</SellGrey>
	<SellWhite>True</SellWhite>
	<SellGreen>True</SellGreen>
	<SellBlue>True</SellBlue>
	<SellPurple>False</SellPurple>
   
	<TargetElites>True</TargetElites>
	
	<AvoidMobs>	
		<Mob Name="Summon Enabler Stalker" 
			 Entry="53488" />
	</AvoidMobs>
	
	<Blackspots>
		<Blackspot X="-1292.035" Y="1645.047" Z="91.70405" 
					Radius="1" />
	</Blackspots>

	<Mailboxes>
	</Mailboxes>
 
	<Vendors>
	</Vendors>
	
	<ProtectedItems>
	</ProtectedItems>

	<Factions>
	</Factions>
	
	<ClearVendor />
	<ClearMailbox />
	
	<QuestOrder>
	
		<!-- Level check -->
		<If Condition="Me.Level &gt;= 67">
			<CustomBehavior File="Message" 
							Text="You meet the level requirement to run this profile." 
							LogColor="Fuchsia" />
		
		 	<!-- UserSettings -->
			<CustomBehavior File="UserSettings"
							AdvancedSettingsMode="True"
							FindMountAutomatically="True"
							FindVendorsAutomatically="False"
							GroundMountFarmingMode="False"
							HarvestHerbs="False"
							HarvestMinerals="False"
							KillBetweenHotspots="True"
							LogoutForInactivity="False"
							LogoutInactivityUseForceQuit="False"
							LootChests="False"
							LootMobs="True"
							LootRadius="25"
							MountDistance="20"
							MountName=""
							NinjaSkin="False"
							ProfileDebuggingMode="False"
							PullDistance="15"
							RessAtSpiritHealers="False"
							SkinMobs="False"
							UseFlightPaths="True"
							UseMount="True" 
							UseRandomMount="False" />
							
			<!-- Infinite loop -->
			<While Condition="true" >
			
				<!-- If we are in Hellfire Ramparts -->
				<If Condition="Me.ZoneId == 3562">
				
					<!-- Profile message - Hellfire Ramparts detected. Running out to reset the instance --> 
					<CustomBehavior File="Message" 
									Text="Hellfire Ramparts detected."
									LogColor="Fuchsia" />

					<!-- Move to the zone in location -->
					<RunTo X="-1355.28" Y="1641.57" Z="68.274" />
					
					<!-- Profile message - Waiting 3 seconds - Bag and durability check -->
					<CustomBehavior File="Message" 
									Text="Waiting 3 seconds - Bag and durability check."  
									LogColor="Orange" />
					
					<!-- Wait timer - wait 3 seconds - delay -->
					<CustomBehavior File="WaitTimer" 
									WaitTime="3000" />
					
					<!-- If we have less then 25 empty bag slots or our durability is less than 30% -->
					<If Condition="(Me.FreeBagSlots &lt;= 25) || (Me.LowestDurabilityPercent &lt;= 0.3)" >
												
						<!-- Load profile - [QO-N][Solstice][58-90][repair-mail] -->
						<CustomBehavior File="LoadProfile" 
													ProfileName="Movement\Vendors\[QO-N][Solstice][58-90][repair-mail]" />

					</If>	<!-- If we have less then 25 empty bag slots or our durability is less than 30% -->

					<!-- Profile message - Waiting 3 seconds - Food check - Clefthoof Ribs -->
					<CustomBehavior File="Message" 
									Text="Waiting 3 seconds - Food check - Clefthoof Ribs."  
									LogColor="Orange" />
					
					<!-- Wait timer - wait 3 seconds - delay -->
					<CustomBehavior File="WaitTimer" 
									WaitTime="3000" />
									
					<!-- If we don't have any Clefthoof Ribs -->
					<If Condition="!HasItem(29451)">
			
						<!-- Load profile - [QO-N][Solstice][58-90][repair-mail] -->
						<CustomBehavior File="LoadProfile" 
										ProfileName="Movement\Vendors\[QO-N][Solstice][58-90][repair-mail]" />
			
					</If>	<!-- If we don't have any Clefthoof Ribs -->
					
					<!-- Wait timer - wait 3 seconds - delay -->
					<CustomBehavior File="WaitTimer" 
									WaitTime="3000" />
														
					<!-- Profile message - All checks complete -->
					<CustomBehavior File="Message" 
									Text="All checks complete."  
									LogColor="Orange" />
					
					<!-- Go through the portal -->
					<CustomBehavior File="Misc\InInstance" 
									X="-1358.403" Y="1629.539" Z="68.55495" />
					
					<!-- Move to - zone out location -->
					<RunTo X="-363.436" Y="3078.43" Z="-15.0013" />
					
					<!-- If our weapon has been Runeforged with Rune of Spellshattering -->
					<If  Condition="Me.HasAura(53362)" >
						
						<!-- Profile message - Our weapon has been Rune-forged -->
						<CustomBehavior File="Message" 
										Text="Our weapon has been Runeforged with Rune of Spellshattering."  
										LogColor="Orange" />
							
						<!-- Else our weapon has not been Runeforged with Rune of Spellshattering -->	
						<Else>

							<!-- Profile message - Our weapon has not been Rune-forged -->
							<CustomBehavior File="Message" 
											Text="Our weapon has not been Runeforged with Rune of Spellshattering."  
											LogColor="Orange" />
											
							<!-- Custom behavior - LoadProfile - Components\Movement\Vendors\[QO-N][Solstice][58-90][weapon-enchant] -->				
							<CustomBehavior File="LoadProfile"  
												ProfileName="Movement\Vendors\[QO-N][Solstice][58-90][weapon-enchant]" />				

						</Else>	<!-- Else our weapon has not been Runeforged with Rune of Spellshattering -->
					
					</If>	<!-- If our weapon has been Runeforged with Rune of Spellshattering -->
					
				</If>	<!-- If we are in Hellfire Ramparts -->
			
				<!-- Not in the Hellfire Ramparts instance box -->
				<If Condition="Me.X &lt; -400 || Me.X &gt; -300 || Me.Y &lt; 3000 || Me.Y &gt; 3100" >
				
					<!-- Profile message - Distance from portal is not within our proximity, initializing movement to get there -->
					<CustomBehavior File="Message" 
									Text="Distance from portal is not within our proximity, initializing movement to get there."
									LogColor="Fuchsia" />	
									
					<!-- Load profile - Movement\[QO-N-M][Solstice][67-70]_hellfire-ramparts -->				
					<CustomBehavior File="LoadProfile" 
									ProfileName="Movement\[QO-N-M][Solstice][67-70]_hellfire-ramparts" />
									
				</If>	<!-- Not in the Hellfire Ramparts instance box -->
				
				<!-- If we are in the Hellfire Ramparts instance box -->
				<If Condition="Me.X &gt; -400 &amp;&amp; Me.X &lt; -300 &amp;&amp; Me.Y &gt; 3000 &amp;&amp; Me.Y &lt; 3100" >
				
					<!-- Profile message - Portal detected nearby -->
					<CustomBehavior File="Message" 
									Text="Portal detected nearby."
									LogColor="Fuchsia" />	

					<!-- Profile message - Resetting the instance -->
					<CustomBehavior File="Message" 
									Text="Resetting the instance." 
									LogColor="Fuchsia" />
					
					<!-- Custom behavior - macro - reset the instance -->
					<CustomBehavior File="RunMacro" 
									Macro="/script ResetInstances()" />	
									
					<!-- Custom behavior - macro - set dungeon difficulty to normal -->					
					<CustomBehavior File="RunMacro" 
									Macro="/script SetDungeonDifficultyID(1)" />
					
					<!-- Profile message - The instance has been reset -->
					<CustomBehavior File="Message" 
									Text="The instance has been reset." 
									LogColor="Fuchsia" />
						
					<!-- If we didn't enter the instance, wait 20 seconds then attempt to enter again -->
					<While Condition="Me.ZoneId != 3562">
					
						<!-- Move to - zone out location -->
						<RunTo X="-363.436" Y="3078.43" Z="-15.00165" />

						<!-- Move to - attempt to enter the instance -->
						<CustomBehavior File="Misc\InInstance" 
										X="-364.514" Y="3088.31" Z="-15.02338" />
										
						<!-- Profile message - Waiting for the dungeon to load -->				
						<CustomBehavior File="Message" 
										Text="Waiting for the dungeon to load." 
										LogColor="Fuchsia" />
						
						<!-- Wait timer - wait 20 seconds for the instance to load -->						
						<CustomBehavior File="WaitTimer" 
										WaitTime="20000" />
										
						<!-- If we still aren't in, we're locked out -->
						<If Condition="Me.ZoneId != 3562">
						
							<!-- Profile message - We are locked out. Waiting 20 seconds, then attempting to enter again -->
							<CustomBehavior File="Message" 
											Text="We are locked out. Waiting 20 seconds, then attempting to enter again ." 
											LogColor="Fuchsia" />
											
						</If>	<!-- If we still aren't in, we're locked out -->
						
					</While>	<!-- If we didn't enter the instance, wait 20 seconds then attempt to enter again -->
					
				</If>	<!-- If we are in the instance box -->
				
				<!-- If we are inside Hellfire Ramparts -->
				<If Condition="Me.ZoneId == 3562">
		
					<!-- Zone in location -->
					<RunTo X="-1355.28" Y="1641.57" Z="68.274" />
					
					<!--Profile message	- Deleting unwanted items from our bags -->				
					<CustomBehavior File="Message" 
									Text="Deleting unwanted items from our bags." 
									LogColor="Orange" />
									
					<!-- Delete these items -->				
					<CustomBehavior File="DeleteItems" 
									Ids="8766" />	<!-- Morning Glory Dew -->
									
					<CustomBehavior File="DeleteItems" 
									Ids="13444" />	<!-- Major Mana Potion -->
															
					<CustomBehavior File="DeleteItems" 
									Ids="11737" />	<!-- Libram of Voracity -->	

					<CustomBehavior File="DeleteItems" 
									Ids="11736" />	<!-- Libram of Resilience -->

					<CustomBehavior File="DeleteItems" 
									Ids="8952" />	<!-- Roasted Quail -->	

					<CustomBehavior File="DeleteItems" 
									Ids="13443" />	<!-- Superior Mana Potion -->

					<CustomBehavior File="DeleteItems" 
									Ids="1111" />	<!--  -->

					<!-- Instance timer -->
					<CustomBehavior File="Misc\InstanceTimer" 
									Timer="Start" />
					
					<!-- Turn on autolooting -->
					<CustomBehavior File="RunMacro" 
									Macro="/script SetCVar('AutoLootDefault', 1)"  
									WaitTime="1000" />
					
					<!-- Profile message - Hellfire Ramparts initialized -->
					<CustomBehavior File="Message" 
									Text="Hellfire Ramparts initialized."  
									LogColor="Fuchsia" />

									
					<!-- ******************************************* 67-70 ********************************************************** -->					

					
					<!-- @@@@@@@@@@@@@@@@@@@@ 1st pull @@@@@@@@@@@@@@@@@@@@ -->	

					
					<!-- UserSettings -->
					<CustomBehavior File="UserSettings"
									PullDistance="1"/>

					<!-- Move to - 1st bridge guards - pivot location -->	
					<CustomBehavior File="NoCombatMoveTo" 
									X="-1356.53" Y="1649.013" Z="68.48368" />
									
					<!-- Move to - align out target macro -->	
					<CustomBehavior File="NoCombatMoveTo" 
									X="-1351.06" Y="1654.703" Z="68.72676" />				
									
					<!-- Macro - Clear target -->					
					<CustomBehavior File="RunMacro" 
									Macro="/cleartarget" 
									NumOfTimes="1" 
									WaitTime="0"/>				
									
					<!-- Macro - targetenemy -->						
					<CustomBehavior File="RunMacro"
									NumOfTimes="1"
									Macro="/targetenemy [noharm]" />

					<!-- Profile message - Casting Raise Dead -->
					<CustomBehavior File="Message" 
									Text="Casting Raise Dead."  
									LogColor="Orange" />
								
					<!-- Macro - Cast Raise Dead -->
					<CustomBehavior File="RunMacro"
									NumOfTimes="1"
									Macro="/cast Raise Dead" />				
									
					<!-- Profile message - Casting Icebound Fortitude -->
					<CustomBehavior File="Message" 
									Text="Casting Icebound Fortitude."  
									LogColor="Orange" />
								
					<!-- Macro - Cast Icebound Fortitude -->
					<CustomBehavior File="RunMacro"
									NumOfTimes="1"
									Macro="/cast Icebound Fortitude" />				
									
					<!-- Profile message - Casting Death Grip -->
					<CustomBehavior File="Message" 
									Text="Casting Death Grip."  
									LogColor="Orange" />
								
					<!-- Macro - Cast Death Grip -->
					<CustomBehavior File="RunMacro"
									NumOfTimes="2"
									Macro="/cast Death Grip" />												

					<!-- Wait timer - wait 3 seconds - aggro -->
					<CustomBehavior File="WaitTimer" 
									WaitTime="3000" />
												
									
					<!-- @@@@@@@@@@@@@@@@@@@@ 2nd pull @@@@@@@@@@@@@@@@@@@@ -->				
									
												
					<!-- Move to - beginning of the bridge -->				
					<CustomBehavior File="NoCombatMoveTo"
									X="-1330.165" Y="1662.362" Z="68.77574" />

					<!-- Profile message - Waiting 30 seconds to be sure we aggro the patrol -->
						<CustomBehavior File="Message" 
										Text="Waiting 30 seconds to be sure we aggro the patrol" 
										LogColor="Orange" />

					<!-- Wait timer - wait 35 seconds - aggro -->
					<CustomBehavior File="WaitTimer" 
									WaitTime="35000" />

									
					<!-- @@@@@@@@@@@@@@@@@@@@ 3rd pull @@@@@@@@@@@@@@@@@@@@ -->	

												
					<!-- Move to - beginning of the bridge - pivot location -->	
					<CustomBehavior File="NoCombatMoveTo" 
									X="-1323.446" Y="1664.948" Z="68.33829" />
									
					<!-- Move to - align out target macro -->	
					<CustomBehavior File="NoCombatMoveTo" 
									X="-1310.113" Y="1668.125" Z="65.84087" />				
									
					<!-- Macro - Clear target -->					
					<CustomBehavior File="RunMacro" 
									Macro="/cleartarget" 
									NumOfTimes="1" 
									WaitTime="0"/>				
									
					<!-- Macro - targetenemy -->						
					<CustomBehavior File="RunMacro"
									NumOfTimes="1"
									Macro="/targetenemy [noharm]" />
																
					<!-- Profile message - Icebound Fortitude -->
					<CustomBehavior File="Message" 
									Text="Casting Icebound Fortitude."  
									LogColor="Orange" />

					<!-- Macro - Cast Icebound Fortitude -->
					<CustomBehavior File="RunMacro"
									NumOfTimes="1"
									Macro="/cast Icebound Fortitude" />
												
					<!-- Profile message - Casting Death Grip -->
					<CustomBehavior File="Message" 
									Text="Casting Death Grip."  
									LogColor="Orange" />
								
					<!-- Macro - Cast Death Grip -->
					<CustomBehavior File="RunMacro"
									NumOfTimes="1"
									Macro="/cast Death Grip" />								
								
					<!-- Wait timer - wait 3 seconds - delay -->
					<CustomBehavior File="WaitTimer" 
									WaitTime="3000" />
					
					
					<!-- @@@@@@@@@@@@@@@@@@@@ 4th pull @@@@@@@@@@@@@@@@@@@@ -->
	
	
					<!-- Move to - middle of the bridge - pivot position -->
					<CustomBehavior File="NoCombatMoveTo"
									X="-1298.643" Y="1674.939" Z="66.82622" />
															
					<!-- Move to - align our target macro -->						
					<CustomBehavior File="NoCombatMoveTo"
									X="-1287.729" Y="1673.649" Z="68.68716" />			
			
					<!-- While condition - to avoid the patrol - while our X > -1300 -->			
					<While Condition="Me.X &gt; -1300" >
				
						<!-- Profile message - Targeting the Bonechewer Ravener, DO NOT TOUCH !!! -->
						<CustomBehavior File="Message" 
										Text="Targeting the Bonechewer Ravener, DO NOT TOUCH !!!" 
										LogColor="Orange" />

						<!-- Macro - Clear target -->					
						<CustomBehavior File="RunMacro" 
										Macro="/cleartarget" 
										NumOfTimes="1" 
										WaitTime="0"/>

						<!-- Macro - targetenemy -->						
						<CustomBehavior File="RunMacro"
										NumOfTimes="1"
										Macro="/targetenemy [noharm]" />
						
						<!-- If our current target is the Bonechewer Ravener -->
						<If Condition="(Me.CurrentTarget != null) &amp;&amp; (Me.CurrentTarget.Entry == 17264)">
	
							<!-- Profile message - Waiting 10 seconds to be sure we aggro the patrol -->
							<CustomBehavior File="Message" 
											Text="Waiting 10 seconds for the patrol to path away from us ." 
											LogColor="Fuchsia" />				
											
							<!-- Wait timer - wait 10 seconds to be sure we aggro the patrol -->
							<CustomBehavior File="WaitTimer" 
											WaitTime="10000" />				
					
							<!-- Macro - Clear target -->					
							<CustomBehavior File="RunMacro" 
											Macro="/cleartarget" 
											NumOfTimes="1" 
											WaitTime="0"/>		
									
							<!-- Profile message - Disabling combat -->
							<CustomBehavior File="Message" 
												Text="Disabling combat." 
												LogColor="Fuchsia" />

							<!-- Disable combat -->
							<DisableBehavior Name="Combat" />		

							<!-- Move to - 1st group - right - pivot location -->	
							<CustomBehavior File="NoCombatMoveTo" 
											X="-1291.404" Y="1676.456" Z="68.26915" />
											
							<!-- Move to - align out target macro -->	
							<CustomBehavior File="NoCombatMoveTo" 
											X="-1285.523" Y="1672.945" Z="68.73112" />				
											
							<!-- Macro - Clear target -->					
							<CustomBehavior File="RunMacro" 
											Macro="/cleartarget" 
											NumOfTimes="1" 
											WaitTime="0"/>				
											
							<!-- Macro - targetenemy -->						
							<CustomBehavior File="RunMacro"
											NumOfTimes="1"
											Macro="/targetenemy [noharm]" />

							<!-- Profile message - Casting Death Grip -->
							<CustomBehavior File="Message" 
											Text="Casting Death Grip."  
											LogColor="Orange" />
										
							<!-- Macro - Cast Death Grip -->
							<CustomBehavior File="RunMacro"
											NumOfTimes="1"
											Macro="/cast Death Grip" />				
											
							<!-- Move to - kite - 1st group -->	
							<CustomBehavior File="NoCombatMoveTo" 
											X="-1333.969" Y="1652.109" Z="69.03287" />				

							<!-- Profile message - Enabling combat -->
							<CustomBehavior File="Message" 
												Text="Enabling combat." 
												LogColor="Fuchsia" />
							
							<!-- enable combat -->
							<EnableBehavior Name="Combat" />				
		
							<!-- Wait timer - wait 3 seconds - aggro -->
							<CustomBehavior File="WaitTimer" 
											WaitTime="3000" />
								
							<!-- If our current target is not the Bonechewer Ravener -->
							<Else>
							
								<!-- Profile message - My target is not the Bonechewer Ravener -->
								<CustomBehavior File="Message" 
												Text="Scanning for the Bonechewer Ravener." 
												LogColor="Yellow" />
													
								<!-- Macro - Clear target -->					
								<CustomBehavior File="RunMacro" 
												Macro="/cleartarget" 
												NumOfTimes="1" 
												WaitTime="0"/>	
								
							</Else>	<!-- If our current target is not the Bonechewer Ravener -->
							
						</If>	<!-- If our current target is the Bonechewer Ravener -->					
											
					</While>	<!-- While condition - to avoid the patrol - while our X > -1300 -->


					<!-- @@@@@@@@@@@@@@@@@@@@ 5th pull @@@@@@@@@@@@@@@@@@@@ -->
					
					
					<!-- Move to - patrol wait location -->						
					<CustomBehavior File="NoCombatMoveTo"
									X="-1275.731" Y="1669.327" Z="68.71876" />
					
					<!-- Profile message - Waiting 60 seconds to be sure we aggro the patrol-->
						<CustomBehavior File="Message" 
										Text="Waiting 60 seconds to be sure we aggro the patrol" 
										LogColor="Orange" />
										
					<!-- Wait timer - wait 65 seconds - aggro -->
							<CustomBehavior File="WaitTimer" 
											WaitTime="65000" />
											
					
					<!-- @@@@@@@@@@@@@@@@@@@@ 6th pull @@@@@@@@@@@@@@@@@@@@ -->
					
					
					<!-- Move to - 1st group on the left - pivot position -->						
					<CustomBehavior File="NoCombatMoveTo"
									X="-1273.051" Y="1664.064" Z="68.83624" />
					
					<!-- Move to - align our target macro -->						
					<CustomBehavior File="NoCombatMoveTo"
									X="-1269.013" Y="1661.695" Z="68.84527" />				
																			
					<!-- While condition - while our X < -1260 -->			
					<While Condition="Me.X &lt; -1260" >
				
						<!-- Profile message - Targeting the Bonechewer Destroyer, DO NOT TOUCH !!! -->
						<CustomBehavior File="Message" 
										Text="Targeting the Bonechewer Destroyer, DO NOT TOUCH !!!" 
										LogColor="Orange" />

						<!-- Macro - Clear target -->					
						<CustomBehavior File="RunMacro" 
										Macro="/cleartarget" 
										NumOfTimes="1" 
										WaitTime="0"/>

						<!-- Macro - targetenemy -->						
						<CustomBehavior File="RunMacro"
										NumOfTimes="1"
										Macro="/targetenemy [noharm]" />
						
						<!-- If our current target is the Bonechewer Destroyer -->
						<If Condition="(Me.CurrentTarget != null) &amp;&amp; (Me.CurrentTarget.Entry == 17271)">
						
							<!-- Profile message - My target is the Bonechewer Destroyer -->
							<CustomBehavior File="Message" 
											Text="My target is Bonechewer Destroyer, casting Death Grip." 
											LogColor="Fuchsia" />
												
							<!-- Macro - Cast Death Grip -->
							<CustomBehavior File="RunMacro"
											NumOfTimes="2"
											Macro="/cast Death Grip" />
											
							<!-- Wait timer - wait 3 seconds - aggro -->
							<CustomBehavior File="WaitTimer" 
											WaitTime="3000" />
									
							<!-- Move to - 1st group on the left to break the while loop - pivot position -->	
							<CustomBehavior File="NoCombatMoveTo" 
											X="-1247.684" Y="1650.683" Z="67.33585" />
																							
							<!-- Wait timer - wait 5 seconds for Death Grip to reset -->
							<CustomBehavior File="WaitTimer" 
											WaitTime="5000" />			
							
							<!-- If our current target is not the Bonechewer Destroyer -->
							<Else>
							
								<!-- Profile message - My target is not the Bonechewer Destroyer -->
								<CustomBehavior File="Message" 
												Text="Scanning for the Bonechewer Ravener." 
												LogColor="Yellow" />
													
								<!-- Macro - Clear target -->					
								<CustomBehavior File="RunMacro" 
												Macro="/cleartarget" 
												NumOfTimes="1" 
												WaitTime="0"/>	
								
							</Else>	<!-- If our current target is not the Bonechewer Destroyer -->				
						</If>					
											
					</While>	<!-- While condition - while our X < -1260 -->							


					<!-- @@@@@@@@@@@@@@@@@@@@ 7th pull @@@@@@@@@@@@@@@@@@@@ -->


					<!-- Move to - 2nd group on the left - pivot location-->																
						<CustomBehavior File="NoCombatMoveTo" 
										X="-1267.29" Y="1651.943" Z="68.78744" />				
										
						<!-- Move to - align our target macro -->					
						<CustomBehavior File="NoCombatMoveTo" 
										X="-1259.924" Y="1644.5" Z="68.19891" />			
										
						<!-- Profile message - Targeting the enemy -->
						<CustomBehavior File="Message" 
										Text="Targeting the enemy."  
										LogColor="Orange" />
									
						<!-- Macro - Clear target -->					
						<CustomBehavior File="RunMacro" 
										Macro="/cleartarget" 
										NumOfTimes="1" 
										WaitTime="0"/>			
									
						<!-- Macro - targetenemy -->						
						<CustomBehavior File="RunMacro"
										NumOfTimes="1"
										Macro="/targetenemy [noharm]" />

						<!-- Profile message - Casting Death Grip -->
						<CustomBehavior File="Message" 
										Text="Casting Death Grip."  
										LogColor="Orange" />
									
						<!-- Macro - Cast Death Grip -->
						<CustomBehavior File="RunMacro"
										NumOfTimes="1"
										Macro="/cast Death Grip" />					
						
						<!-- Wait timer - wait 3 seconds - aggro -->
						<CustomBehavior File="WaitTimer" 
										WaitTime="3000" />
										
						<!-- Profile message - Waiting 3 seconds - safety -->
						<CustomBehavior File="Message" 
										Text="Waiting 3 seconds - safety."  
										LogColor="Orange" />				
										
						<!-- Wait timer - Waiting 3 seconds - safety -->
						<CustomBehavior File="WaitTimer" 
										WaitTime="3000" />
									
									
					<!-- @@@@@@@@@@@@@@@@@@@@ 8th pull @@@@@@@@@@@@@@@@@@@@ -->
					
									
					<!-- Move to - 2nd group on the right - unstuck -->
					<CustomBehavior File="NoCombatMoveTo"
									X="-1252.45" Y="1633.118" Z="68.5523" />				
									
					<!-- Move to - 2nd group on the right - pivot position -->
					<CustomBehavior File="NoCombatMoveTo"
									X="-1240.144" Y="1624.605" Z="68.48467" />

					<!-- Move to - align our target macro -->
					<CustomBehavior File="NoCombatMoveTo" 
									X="-1244.524" Y="1618.658" Z="68.5205" />

					<!-- Profile message - Targeting the enemy -->
					<CustomBehavior File="Message" 
									Text="Targeting the enemy."  
									LogColor="Orange" />
	
					<!-- Macro - Clear target -->					
					<CustomBehavior File="RunMacro" 
									Macro="/cleartarget" 
									NumOfTimes="1" 
									WaitTime="0"/>
	
					<!-- Macro - targetenemy -->						
					<CustomBehavior File="RunMacro"
									NumOfTimes="1"
									Macro="/targetenemy [noharm]" />
					
					<!-- Profile message - Casting Death Grip -->
					<CustomBehavior File="Message" 
									Text="Casting Death Grip."  
									LogColor="Orange" />

					<!-- Macro - Cast Death Grip -->
					<CustomBehavior File="RunMacro"
									NumOfTimes="1"
									Macro="/cast Death Grip" />
							
					<!-- Wait timer - wait 3 seconds - aggro -->
					<CustomBehavior File="WaitTimer" 
									WaitTime="3000" />		
															
					<!-- Move to the 2nd group on the right - safety -->	
					<CustomBehavior File="NoCombatMoveTo" 
									X="-1254.7" Y="1596.408" Z="68.57934" />
									
					<!-- Profile message - Waiting 3 seconds - safety -->
					<CustomBehavior File="Message" 
									Text="Waiting 3 seconds - safety."  
									LogColor="Orange" />				
									
					<!-- Wait timer - Waiting 3 seconds - safety -->
					<CustomBehavior File="WaitTimer" 
									WaitTime="3000" />								

									
					<!-- @@@@@@@@@@@@@@@@@@@@ 9th pull @@@@@@@@@@@@@@@@@@@@ -->
					
									
					<!-- Move to - center group - pivot location -->				
					<CustomBehavior File="NoCombatMoveTo" 
									X="-1253.179" Y="1606.568" Z="68.59184" />>				

					<!-- Move to - align our target macro -->				
					<CustomBehavior File="NoCombatMoveTo" 
									X="-1256.751" Y="1593.927" Z="68.58579" />				
									
					<!-- Profile message - Disabling combat -->
					<CustomBehavior File="Message" 
										Text="Disabling combat." 
										LogColor="Fuchsia" />

					<!-- Disable combat -->
					<DisableBehavior Name="Combat" />		

					<!-- Profile message - Targeting the enemy -->
					<CustomBehavior File="Message" 
									Text="Targeting the enemy."  
									LogColor="Orange" />
	
					<!-- Macro - Clear target -->					
					<CustomBehavior File="RunMacro" 
									Macro="/cleartarget" 
									NumOfTimes="1" 
									WaitTime="0"/>
	
					<!-- Macro - targetenemy -->						
					<CustomBehavior File="RunMacro"
									NumOfTimes="1"
									Macro="/targetenemy [noharm]" />
					
					<!-- Profile message - Casting Death Grip -->
					<CustomBehavior File="Message" 
									Text="Casting Death Grip."  
									LogColor="Orange" />

					<!-- Macro - Cast Death Grip -->
					<CustomBehavior File="RunMacro"
									NumOfTimes="1"
									Macro="/cast Death Grip" />
									
					<!-- Move to - kite - center group -->	
					<CustomBehavior File="NoCombatMoveTo" 
									X="-1253.043" Y="1606.019" Z="68.59012" />				
									
					<!-- Macro - Clear target -->					
					<CustomBehavior File="RunMacro" 
									Macro="/cleartarget" 
									NumOfTimes="1" 
									WaitTime="0"/>				
												
					<!-- Profile message - Enabling combat -->
					<CustomBehavior File="Message" 
										Text="Enabling combat." 
										LogColor="Fuchsia" />
					
					<!-- enable combat -->
					<EnableBehavior Name="Combat" />				

					<!-- Profile message - Waiting 3 seconds - safety -->
					<CustomBehavior File="Message" 
									Text="Waiting 3 seconds - safety."  
									LogColor="Orange" />				
									
					<!-- Wait timer - Waiting 3 seconds - safety -->
					<CustomBehavior File="WaitTimer" 
									WaitTime="3000" />

									
					<!-- @@@@@@@@@@@@@@@@@@@@ 10th pull @@@@@@@@@@@@@@@@@@@@ -->	

					
					<!-- Move to - 3rd group - left - pivot position -->
					<CustomBehavior File="NoCombatMoveTo"
									X="-1245.109" Y="1567.414" Z="68.4303" />
															
					<!-- Move to - align our target macro -->						
					<CustomBehavior File="NoCombatMoveTo"
									X="-1257.206" Y="1564.173" Z="68.65826" />			
			
					<!-- While condition - to avoid the patrol - while our Y > 1549 -->			
					<While Condition="Me.Y &gt; 1549" >
				
						<!-- Profile message - Targeting the Shattered Hand Warhound, DO NOT TOUCH !!! -->
						<CustomBehavior File="Message" 
										Text="Targeting the Shattered Hand Warhound, DO NOT TOUCH !!!" 
										LogColor="Orange" />

						<!-- Macro - Clear target -->					
						<CustomBehavior File="RunMacro" 
										Macro="/cleartarget" 
										NumOfTimes="1" 
										WaitTime="0"/>

						<!-- Macro - targetenemy -->						
						<CustomBehavior File="RunMacro"
										NumOfTimes="1"
										Macro="/targetenemy [noharm]" />
						
						<!-- If our current target is the Shattered Hand Warhound -->
						<If Condition="(Me.CurrentTarget != null) &amp;&amp; (Me.CurrentTarget.Entry == 17280)">
	
							<!-- Profile message - Waiting 15 seconds to be sure we aggro the patrol -->
							<CustomBehavior File="Message" 
											Text="Waiting 15 seconds for the patrol to path away from us ." 
											LogColor="Fuchsia" />				
											
							<!-- Wait timer - wait 10 seconds to be sure we aggro the patrol -->
							<CustomBehavior File="WaitTimer" 
											WaitTime="10000" />				
					
							<!-- Move to - center group - pivot location -->				
							<CustomBehavior File="NoCombatMoveTo" 
											X="-1246.094" Y="1577.788" Z="68.4678" />				

							<!-- Move to - align our target macro -->				
							<CustomBehavior File="NoCombatMoveTo" 
											X="-1256.482" Y="1564.199" Z="68.65773" />						

							<!-- Profile message - Targeting the enemy -->
							<CustomBehavior File="Message" 
											Text="Targeting the enemy."  
											LogColor="Orange" />
			
							<!-- Macro - Clear target -->					
							<CustomBehavior File="RunMacro" 
											Macro="/cleartarget" 
											NumOfTimes="1" 
											WaitTime="0"/>
			
							<!-- Macro - targetenemy -->						
							<CustomBehavior File="RunMacro"
											NumOfTimes="1"
											Macro="/targetenemy [noharm]" />
							
							<!-- Profile message - Raise Dead -->
							<CustomBehavior File="Message" 
											Text="Casting Raise Dead."  
											LogColor="Orange" />

							<!-- Macro - Cast Raise Dead -->
							<CustomBehavior File="RunMacro"
											NumOfTimes="1"
											Macro="/cast Raise Dead" />
							
							<!-- Profile message - Icebound Fortitude -->
							<CustomBehavior File="Message" 
											Text="Casting Icebound Fortitude."  
											LogColor="Orange" />

							<!-- Macro - Cast Icebound Fortitude -->
							<CustomBehavior File="RunMacro"
											NumOfTimes="1"
											Macro="/cast Icebound Fortitude" />
							
							<!-- Profile message - Icebound Fortitude -->
							<CustomBehavior File="Message" 
											Text="Casting Icebound Fortitude."  
											LogColor="Orange" />

							<!-- Macro - Cast Icebound Fortitude -->
							<CustomBehavior File="RunMacro"
											NumOfTimes="1"
											Macro="/cast Icebound Fortitude" />
							
							<!-- Profile message - Casting Death Grip -->
							<CustomBehavior File="Message" 
											Text="Casting Death Grip."  
											LogColor="Orange" />

							<!-- Macro - Cast Death Grip -->
							<CustomBehavior File="RunMacro"
											NumOfTimes="1"
											Macro="/cast Death Grip" />				

							<!-- Profile message - Waiting 3 seconds - safety -->
							<CustomBehavior File="Message" 
											Text="Waiting 3 seconds - safety."  
											LogColor="Orange" />				
											
							<!-- Wait timer - Waiting 3 seconds - safety -->
							<CustomBehavior File="WaitTimer" 
											WaitTime="3000" />					

							<!-- Move to - left-hand wall -->				
							<CustomBehavior File="NoCombatMoveTo" 
											X="-1249.917" Y="1559.613" Z="68.57818" />
		
							<!-- Move to - 3rd group - left -->				
							<CustomBehavior File="NoCombatMoveTo" 
											X="-1271.425" Y="1535.298" Z="68.55663" />				
														
							<!-- Profile message - Waiting 3 seconds - safety -->
							<CustomBehavior File="Message" 
											Text="Waiting 3 seconds - safety."  
											LogColor="Orange" />				
											
							<!-- Wait timer - Waiting 3 seconds - safety -->
							<CustomBehavior File="WaitTimer" 
											WaitTime="3000" />

							<!-- If our current target is not the Shattered Hand Warhound -->
							<Else>
							
								<!-- Profile message - My target is not the Shattered Hand Warhound -->
								<CustomBehavior File="Message" 
												Text="Scanning for the Shattered Hand Warhound." 
												LogColor="Yellow" />
													
								<!-- Macro - Clear target -->					
								<CustomBehavior File="RunMacro" 
												Macro="/cleartarget" 
												NumOfTimes="1" 
												WaitTime="0"/>	
								
							</Else>	<!-- If our current target is not the Shattered Hand Warhound -->
							
						</If>	<!-- If our current target is the Shattered Hand Warhound -->					
											
					</While>	<!-- While condition - to avoid the patrol - while our Y > 1549 -->
					
	
					<!-- @@@@@@@@@@@@@@@@@@@@ 11th pull @@@@@@@@@@@@@@@@@@@@ -->								
												
					
					<!-- Move to - patrol wait location -->				
					<CustomBehavior File="NoCombatMoveTo"
									X="-1290.986" Y="1537.388" Z="68.5897" />

					<!-- Profile message - Waiting 60 second to be sure we aggro the patrol -->
					<CustomBehavior File="Message" 
										Text="Waiting 60 second to be sure we aggro the patrol." 
										LogColor="Fuchsia" />
								
					<!-- Wait timer - wait 65 seconds - aggro -->
					<CustomBehavior File="WaitTimer" 
									WaitTime="65000" />				

					<!-- If we are between levels 67-68 -->			
					<If Condition="Me.Level &gt;= 67 &amp;&amp; Me.Level &lt; 69">
					
						<!-- Profile message - We are currently between levels 67-69. Default Blood DK's using Singular as the combat routine should be averaging about XXXXXX K XP/hr -->
						<CustomBehavior File="Message" 
										Text="We are currently between levels 67-69. Default Blood DK's using Singular as the combat routine should be averaging about XXXXXX K XP/hr."  
										LogColor="Gold" />

						<!-- Profile message - Exiting the instance -->	
						<CustomBehavior File="Message" 
										Text="Exiting the instance."  
										LogColor="Fuchsia" />

						<!-- Profile message - We can't reliably kill Watchkeeper Gargolmar until we reach level 68 -->
						<CustomBehavior File="Message" 
										Text="We can't reliably kill Watchkeeper Gargolmar until we reach level 68."  
										LogColor="Red" />				
												
					</If>	
					
					<!-- If we are between levels 68-70 -->			
					<If Condition="Me.Level &gt;= 69 &amp;&amp; Me.Level &lt; 70">
					
					
						<!-- @@@@@@@@@@@@@@@@@@@@ 12th pull @@@@@@@@@@@@@@@@@@@@ -->


						<!-- UserSettings -->
						<CustomBehavior File="UserSettings"
										PullDistance="20" />
						
						<!-- Move to - 3rd group on the right  -->
						<CustomBehavior File="NoCombatMoveTo"
										X="-1302.441" Y="1536.784" Z="68.61034" />	

						<!-- Move to - align our target macro -->
						<CustomBehavior File="NoCombatMoveTo" 
										X="-1300.106" Y="1523.3" Z="68.60309" />

						<!-- Profile message - Targeting the enemy -->
						<CustomBehavior File="Message" 
										Text="Targeting the enemy."  
										LogColor="Orange" />
		
						<!-- Macro - Clear target -->					
						<CustomBehavior File="RunMacro" 
										Macro="/cleartarget" 
										NumOfTimes="1" 
										WaitTime="0"/>
		
						<!-- Macro - targetenemy -->						
						<CustomBehavior File="RunMacro"
										NumOfTimes="1"
										Macro="/targetenemy [noharm]" />
						
						<!-- Profile message - Casting Death Grip -->
						<CustomBehavior File="Message" 
										Text="Casting Death Grip."  
										LogColor="Orange" />

						<!-- Macro - Cast Death Grip -->
						<CustomBehavior File="RunMacro"
										NumOfTimes="1"
										Macro="/cast Death Grip" />
								
						<!-- Wait timer - wait 3 seconds - aggro -->
						<CustomBehavior File="WaitTimer" 
										WaitTime="3000" />		
																
						<!-- Move to -  3rd group on the right - safety -->	
						<CustomBehavior File="NoCombatMoveTo" 
										X="-1293.195" Y="1493.801" Z="68.60017" />
										
						<!-- Profile message - Waiting 3 seconds - safety -->
						<CustomBehavior File="Message" 
										Text="Waiting 3 seconds - safety."  
										LogColor="Orange" />				
										
						<!-- Wait timer - Waiting 3 seconds - safety -->
						<CustomBehavior File="WaitTimer" 
										WaitTime="3000" />
		

										
						<!-- @@@@@@@@@@@@@@@@@@@@ 13th pull @@@@@@@@@@@@@@@@@@@@ -->				
										
										
						<!-- Move to - 1st right-hand burning brazier -->																
						<CustomBehavior File="NoCombatMoveTo" 
										X="-1248.516" Y="1446.725" Z="68.60198" />					
										
						<!-- Wait timer - wait 15 seconds - aggro -->
						<CustomBehavior File="WaitTimer" 
										WaitTime="15000" />				
										
						<!-- @@@@@@@@@@@@@@@@@@@@ 14th pull @@@@@@@@@@@@@@@@@@@@ -->				
										

						<!-- Move to - 1st right-hand burning brazier - 4th group on the left - pivot location -->																
						<CustomBehavior File="NoCombatMoveTo" 
										X="-1248.516" Y="1446.725" Z="68.60198" />				
										
						<!-- Move to - align our target macro -->					
						<CustomBehavior File="NoCombatMoveTo" 
										X="-1243.85" Y="1451.977" Z="68.59377" />			
										
						<!-- Profile message - Targeting the enemy -->
						<CustomBehavior File="Message" 
										Text="Targeting the enemy."  
										LogColor="Orange" />
									
						<!-- Macro - Clear target -->					
						<CustomBehavior File="RunMacro" 
										Macro="/cleartarget" 
										NumOfTimes="1" 
										WaitTime="0"/>			
									
						<!-- Macro - targetenemy -->						
						<CustomBehavior File="RunMacro"
										NumOfTimes="1"
										Macro="/targetenemy [noharm]" />

						<!-- Profile message - Casting Death Grip -->
						<CustomBehavior File="Message" 
										Text="Casting Death Grip."  
										LogColor="Orange" />
									
						<!-- Macro - Cast Death Grip -->
						<CustomBehavior File="RunMacro"
										NumOfTimes="1"
										Macro="/cast Death Grip" />					
						
						<!-- Wait timer - wait 3 seconds - aggro -->
						<CustomBehavior File="WaitTimer" 
										WaitTime="3000" />

						<!-- Move to - 4th group on the left - barricades - safety -->																
						<CustomBehavior File="NoCombatMoveTo" 
										X="-1228.737" Y="1472.232" Z="68.56112" />
										
						<!-- Profile message - Waiting 3 seconds - safety -->
						<CustomBehavior File="Message" 
										Text="Waiting 3 seconds - safety."  
										LogColor="Orange" />				
										
						<!-- Wait timer - Waiting 3 seconds - safety -->
						<CustomBehavior File="WaitTimer" 
										WaitTime="3000" />
					
					
						<!-- @@@@@@@@@@@@@@@@@@@@ 15th pull @@@@@@@@@@@@@@@@@@@@ -->				
									
									
						<!-- Move to - 4th group - right  -->																
						<CustomBehavior File="NoCombatMoveTo" 
										X="-1242.03" Y="1451.377" Z="68.59308" />			
									
						<!-- Wait timer - Waiting 10 seconds - safety -->
						<CustomBehavior File="WaitTimer" 
										WaitTime="10000" />			

						<!-- Move to - 4th group - right - pivot location -->																
						<CustomBehavior File="NoCombatMoveTo" 
										X="-1232.703" Y="1448.68" Z="68.59062" />				

						<!-- Move to - align our target macro -->					
						<CustomBehavior File="NoCombatMoveTo" 
										X="-1225.14" Y="1445.514" Z="68.59036" />			
										
						<!-- Profile message - Targeting the enemy -->
						<CustomBehavior File="Message" 
										Text="Targeting the enemy."  
										LogColor="Orange" />
									
						<!-- Macro - Clear target -->					
						<CustomBehavior File="RunMacro" 
										Macro="/cleartarget" 
										NumOfTimes="1" 
										WaitTime="0"/>			
									
						<!-- Macro - targetenemy -->						
						<CustomBehavior File="RunMacro"
										NumOfTimes="1"
										Macro="/targetenemy [noharm]" />
				
						<!-- Profile message - Casting Death Grip -->
						<CustomBehavior File="Message" 
										Text="Casting Death Grip."  
										LogColor="Orange" />
									
						<!-- Macro - Cast Death Grip -->
						<CustomBehavior File="RunMacro"
										NumOfTimes="1"
										Macro="/cast Death Grip" />

						<!-- Wait timer - wait 3 seconds - aggro -->
						<CustomBehavior File="WaitTimer" 
										WaitTime="3000" />				
										
						<!-- Move to - 4th group on the right -->				
						<RunTo X="-1204.638" Y="1438.186" Z="68.54324" />
			
						<!-- Wait timer - wait 3 seconds - aggro -->
						<CustomBehavior File="WaitTimer" 
										WaitTime="3000" />
										

						<!-- @@@@@@@@@@@@@@@@@@@@ 16th pull @@@@@@@@@@@@@@@@@@@@ -->
	
	
						<!-- Move to - Watchkeeper Gargolmar - staging location -->																
						<CustomBehavior File="NoCombatMoveTo" 
										X="-1201.461" Y="1439.771" Z="68.5265" />
								
						<!-- Clear target -->
						<CustomBehavior File="RunMacro" 
										Macro="/cleartarget" 
										NumOfTimes="1" 
										WaitTime="0"/>
						
						<!-- Target Watchkeeper Gargolmar -->
						<CustomBehavior File="Message" 
										Text="Targeting Watchkeeper Gargolmar. DO NOT TOUCH !!!" 
										LogColor="Orange" />
							
						<!-- Custom behavior - Runmacro - target Watchkeeper Gargolmar -->	
						<CustomBehavior File="RunMacro" 
										Macro="/target Watchkeeper Gargolmar" />
						
						<!-- If our target is Watchkeeper Gargolmar -->
						<If Condition="(Me.CurrentTarget != null) &amp;&amp; (Me.CurrentTarget.Entry == 17306)" >
				
							<!-- Profile message - My target is Watchkeeper Gargolmar, waiting for him to path away from us -->
							<CustomBehavior File="Message" 
											Text="My target is Watchkeeper Gargolmar, waiting for him to path away from us." 
											LogColor="Fuchsia" />			

							<!--While condition - while our X < -1190 -->
							<While Condition="Me.X &lt; -1190" >
															
								<!--WFP to avoid Watchkeeper Gargolmar -->	
								<CustomBehavior File="SpecificQuests\DeathknightStart\WaitForPatrol" 
												MovementBy="NavigatorOnly" 
												AvoidMobId="17306" 
												AvoidDistance="60"
												X="-1201.461" Y="1439.771" Z="68.5265" >	<!-- Our wait location -->
									
								</CustomBehavior>	<!--WFP to avoid Watchkeeper Gargolmar if he is spawned -->	

								<!-- Move to - 5th group - right - pivot location -->																
								<CustomBehavior File="NoCombatMoveTo" 
												X="-1224.853" Y="1446.998" Z="68.58858" />				

								<!-- Move to - align our target macro -->					
								<CustomBehavior File="NoCombatMoveTo" 
												X="-1210.505" Y="1442.273" Z="68.56388" />			
								
								<!-- Profile message - Targeting the enemy -->
								<CustomBehavior File="Message" 
												Text="Targeting the enemy."  
												LogColor="Orange" />
											
								<!-- Macro - Clear target -->					
								<CustomBehavior File="RunMacro" 
												Macro="/cleartarget" 
												NumOfTimes="1" 
												WaitTime="0"/>			
											
								<!-- Macro - targetenemy -->						
								<CustomBehavior File="RunMacro"
												NumOfTimes="1"
												Macro="/targetenemy [noharm]" />
						
								<!-- Profile message - Casting Death Grip -->
								<CustomBehavior File="Message" 
												Text="Casting Death Grip."  
												LogColor="Orange" />
											
								<!-- Macro - Cast Death Grip -->
								<CustomBehavior File="RunMacro"
												NumOfTimes="1"
												Macro="/cast Death Grip" />

								<!-- Wait timer - wait 3 seconds - aggro -->
								<CustomBehavior File="WaitTimer" 
												WaitTime="3000" />
												
								<!-- Move to - 5th group - right - breaks loop -->																
								<CustomBehavior File="NoCombatMoveTo" 
												X="-1177.963" Y="1444.135" Z="68.42396" />				

								<!-- Wait timer - wait 3 seconds - aggro -->
								<CustomBehavior File="WaitTimer" 
												WaitTime="3000" />				
												
							</While>	<!--While condition - while our X < -1190 -->	
								
						</If>	<!-- If our target is Watchkeeper Gargolmar -->
								
								
						<!-- @@@@@@@@@@@@@@@@@@@@ 16th pull @@@@@@@@@@@@@@@@@@@@ -->


						<!-- Profile message - Engaging Watchkeeper Gargolmar -->
								<CustomBehavior File="Message" 
												Text="Engaging Watchkeeper Gargolmar."  
												LogColor="Orange" />				
										
						<!-- Forces kill of Watchkeeper Gargolmar -->
						<CustomBehavior File="GetOutOfGroundEffectAndAuras" 
										EventCompleteWhen="SpecificMobsDead" EventCompleteDeadMobId="17306"
										EventX="-1190.88" EventY="1454.448" EventZ="68.45534"
										MoveOutOfGroundEffectAuraId1="111111"
										MoveAwayFromMobCastingSpellId1="111111"
										MoveAwayFromMobWithAuraId1="111111">
							<Safespots>
								<Hotspot X="-1190.88" Y="1454.448" Z="68.45534" />
							</Safespots>
						</CustomBehavior>				
										
						<!-- Wait timer - wait 3 seconds - aggro -->
						<CustomBehavior File="WaitTimer" 
										WaitTime="3000" />
										
								
						<!-- @@@@@@@@@@@@@@@@@@@@ 18th pull @@@@@@@@@@@@@@@@@@@@ -->		
								
								
						<!-- Move to - 5th group on the left -->																
						<RunTo X="-1179.856" Y="1482.069" Z="68.45663" />		
								
						<!-- Wait timer - wait 3 seconds - aggro -->
						<CustomBehavior File="WaitTimer" 
										WaitTime="3000" />		
								
								
						<!-- @@@@@@@@@@@@@@@@@@@@ 18th pull @@@@@@@@@@@@@@@@@@@@ -->


						<!-- UserSettings -->
						<CustomBehavior File="UserSettings"
										PullDistance="10"/>
						
						<!-- Move to - 6th group on the right -->
						<RunTo X="-1180.387" Y="1455.617" Z="68.43394" />
									
						<!-- Move to - 6th group on the right -->																
						<RunTo X="-1162.444" Y="1463.175" Z="68.41734" />
										
						<!-- Profile message - Waiting 3 seconds - safety -->
						<CustomBehavior File="Message" 
										Text="Waiting 3 seconds - safety."  
										LogColor="Orange" />
										
						<!-- Wait timer - Waiting 3 seconds - safety -->
						<CustomBehavior File="WaitTimer" 
										WaitTime="3000" />


						<!-- @@@@@@@@@@@@@@@@@@@@ 20th pull @@@@@@@@@@@@@@@@@@@@ -->


						<!-- Move to - 7th group on the right -->																
						<RunTo X="-1157.772" Y="1485.663" Z="68.42736" />

						<!-- Profile message - Waiting 3 seconds - safety -->
						<CustomBehavior File="Message" 
										Text="Waiting 3 seconds - safety."  
										LogColor="Orange" />
										
						<!-- Wait timer - Waiting 3 seconds - safety -->
						<CustomBehavior File="WaitTimer" 
										WaitTime="3000" />		
								
								
						<!-- @@@@@@@@@@@@@@@@@@@@ 21th pull @@@@@@@@@@@@@@@@@@@@ -->


						<!-- Move to - last group - base of the stairs -->																
						<RunTo X="-1210.267" Y="1543.345" Z="68.53117" />

						<!-- Profile message - Waiting 3 seconds - safety -->
						<CustomBehavior File="Message" 
										Text="Waiting 3 seconds - safety."  
										LogColor="Orange" />
						
						<!-- Wait timer - Waiting 3 seconds - safety -->
						<CustomBehavior File="WaitTimer" 
										WaitTime="3000" />
				
						<!-- If we are between levels 68-70 -->			
						<If Condition="Me.Level &gt;= 68 &amp;&amp; Me.Level &lt; 70">
						
							<!-- Profile message - We are currently between level 69-70. Default Blood DK's using Singular as the combat routine should be averaging about 91 K XP/hr -->
							<CustomBehavior File="Message" 
											Text="We are currently between level 69-70. Default Blood DK's using Singular as the combat routine should be averaging about 91 K XP/hr."  
											LogColor="Gold" />

							<!-- Profile message - Exiting the instance -->	
							<CustomBehavior File="Message" 
											Text="Exiting the instance."  
											LogColor="Fuchsia" />
											
						</If>							

						
						<!-- @@@@@@@@@@@@@@@@@@@@ exit @@@@@@@@@@@@@@@@@@@@ -->							
													
													
						<!-- Move to - Watchkeeper Gargolmar wait area - exiting -->					
						<CustomBehavior File="NoCombatMoveTo" 
										X="-1171.337" Y="1512.981" Z="68.44505" />
										
						<!-- Move to - left-hand camp fire - exiting -->					
						<CustomBehavior File="NoCombatMoveTo" 
										X="-1181.952" Y="1446.742" Z="68.43304" />

						<!-- Move to - between the two burning braziers - exiting -->				
						<CustomBehavior File="NoCombatMoveTo" 
										X="-1231.851" Y="1459.054" Z="68.57854" />				
										
					</If>	<!-- If we are between levels 68-70 -->					

					<!-- Move to - war-hound spawn location - exiting -->					
					<CustomBehavior File="NoCombatMoveTo" 
									X="-1298.459" Y="1521.493" Z="68.59739" />

					<!-- Move to - zone in - location -->
					<CustomBehavior File="NoCombatMoveTo"
									X="-1355.28" Y="1641.57" Z="68.274" />

					<!-- Wait timer - wait 3 seconds - delay -->
					<CustomBehavior File="WaitTimer" 
									WaitTime="3000" />				
									
					<!-- If we are high enough to go to the next instance, do so -->
					<CustomBehavior File="Misc\LoadProfileOn" 
									MinLevel="70" 
									ProfileName="[QO-N][Solstice][70-72]_mana-tombs.xml"  />				
									
					<!-- Profile message - Waiting 3 seconds - Bag and durability check -->
					<CustomBehavior File="Message" 
									Text="Waiting 3 seconds - Bag and durability check."  
									LogColor="Orange" />
					
					<!-- Wait timer - wait 3 seconds - delay -->
					<CustomBehavior File="WaitTimer" 
									WaitTime="3000" />
					
					<!-- If we have less then 25 empty bag slots or our durability is less than 30% -->
					<If Condition="(Me.FreeBagSlots &lt;= 25) || (Me.LowestDurabilityPercent &lt;= 0.3)" >
												
						<!-- Load profile - [QO-N][Solstice][58-90][repair-mail] -->
						<CustomBehavior File="LoadProfile" 
													ProfileName="Movement\Vendors\[QO-N][Solstice][58-90][repair-mail]" />

					</If>	<!-- If we have less then 25 empty bag slots or our durability is less than 30% -->

					<!-- Profile message - Waiting 3 seconds - Food check - Clefthoof Ribs -->
					<CustomBehavior File="Message" 
									Text="Waiting 3 seconds - Food check - Clefthoof Ribs."  
									LogColor="Orange" />
					
					<!-- Wait timer - wait 3 seconds - delay -->
					<CustomBehavior File="WaitTimer" 
									WaitTime="3000" />
					
					<!-- If we don't have any Clefthoof Ribs -->
					<If Condition="!HasItem(29451)">
			
						<!-- Load profile - [QO-N][Solstice][58-90][repair-mail] -->
						<CustomBehavior File="LoadProfile" 
										ProfileName="Movement\Vendors\[QO-N][Solstice][58-90][repair-mail]" />
			
					</If>	<!-- If we don't have any Clefthoof Ribs -->

					<!-- Profile message - Waiting 3 seconds - Mobile Banking check -->
					<CustomBehavior File="Message" 
									Text="Waiting 3 seconds - Mobile Banking check."  
									LogColor="Orange" />
					
					<!-- Wait timer - wait 3 seconds - delay -->
					<CustomBehavior File="WaitTimer" 
									WaitTime="3000" />
					
					<!-- If we are in a level 11 or greater guild -->
					<If Condition="Me.GuildLevel &gt;= 11">
					
						<!-- If we have friendly reputation with our guild -->
						<If Condition="Me.GetReputationLevelWith(1168) &gt;= WoWUnitReaction.Friendly">
						
						
							<!-- If we have spell (83958) - mobile banking -->
							<If Condition="SpellManager.HasSpell(&quot;Mobile Banking&quot;)">
							
								<!-- Load profile - [QO-N][Solstice][58-90][mobile-banking] -->
								<CustomBehavior File="LoadProfile" 
														ProfileName="Movement\Vendors\[QO-N][Solstice][58-90][mobile-banking]" />
								
							</If>	<!-- If we have spell (83958) - mobile banking -->
							
							<Else>
							
								<!-- Profile message - We don't have friendly or greater reputation with our guild. Aborting Mobile Banking procedures -->
								<CustomBehavior File="Message" 
												Text="We don't have friendly or greater reputation with your guild. Aborting Mobile Banking procedures!"  
												LogColor="Red" />
							
							</Else>

						</If>	<!-- If we have friendly reputation with our guild -->
					
					</If>	<!-- If we are in a level 11 or greater guild -->
					
					<!-- Profile message - All checks complete -->
					<CustomBehavior File="Message" 
									Text="All checks complete."  
									LogColor="Orange" />

				</If>	<!-- If we are inside Hellfire Ramparts -->
				
				<!-- If we don't need to vendor -->
				<If Condition="(Me.FreeBagSlots &gt; 25) &amp;&amp; (Me.LowestDurabilityPercent &gt; 0.3)" >
				
					<!-- If we are inside Hellfire Ramparts -->
					<If Condition="Me.ZoneId == 3562">
				
						<!-- Profile message - We have more than 25 empty bag slots. Our gear is above 30% durability and we have Clefthoof Ribs -->
						<CustomBehavior File="Message" 
										Text="We have more than 25 empty bag slots. Our gear is above 30% durability and we have Clefthoof Ribs."
										LogColor="Orange" />
					
						<!-- Instance timer check if we didn't repair -->
						<CustomBehavior File="Misc\InstanceTimer" 
										Timer="Check" />
										
						<!-- Profile message - Exiting the instance so we can reset it -->
						<CustomBehavior File="Message" 
										Text="Exiting the instance so we can reset it."
										LogColor="Fuchsia" />				
										
						<!-- Move to - zone in location -->				
						<RunTo X="-1355.28" Y="1641.57" Z="68.274" />
						
						<!-- Instance timer check if we didn't repair -->
						<CustomBehavior File="Misc\InstanceTimer" 
										Timer="Check" />
						
						<!-- Go through the portal -->
						<CustomBehavior File="Misc\InInstance" 
										X="-1358.403" Y="1629.539" Z="68.55495" />
						
						<!-- Move to - zone out location -->
						<RunTo X="-363.436" Y="3078.43" Z="-15.0013" />
						
						<!-- If our weapon has been Runeforged with Rune of Spellshattering -->
						<If  Condition="Me.HasAura(53362)" >
							
							<!-- Profile message - Our weapon has been Rune-forged -->
							<CustomBehavior File="Message" 
											Text="Our weapon has been Runeforged with Rune of Spellshattering."  
											LogColor="Orange" />
								
							<!-- Else our weapon has not been Runeforged with Rune of Spellshattering -->	
							<Else>

								<!-- Profile message - Our weapon has not been Rune-forged -->
								<CustomBehavior File="Message" 
												Text="Our weapon has not been Runeforged with Rune of Spellshattering."  
												LogColor="Orange" />
												
								<!-- Custom behavior - LoadProfile - Components\Movement\Vendors\[QO-N][Solstice][58-90][weapon-enchant] -->				
								<CustomBehavior File="LoadProfile"  
													ProfileName="Movement\Vendors\[QO-N][Solstice][58-90][weapon-enchant]" />				

							</Else>	<!-- Else our weapon has not been Runeforged with Rune of Spellshattering -->
						
						</If>	<!-- If our weapon has been Runeforged with Rune of Spellshattering -->
						
					</If>	<!-- If we are inside Hellfire Ramparts -->
					
				</If> <!-- If we don't need to vendor -->
				
			</While> <!-- Infinite loop -->
			
		</If> <!-- Level Check -->

	</QuestOrder>
</HBProfile>

